week,market,channel,product,impressions,clicks,spend_aed,conversions,sales_aed,engagement_rate,brand_awareness,purchase_intent,influencer,followers,tv_grp,pr_mentions,pr_share_of_voice,sessions,bounce_rate,avg_session_sec,pages_per_session,competitor_sov,sentiment,media_type,channel_role,revenue_attributed,cpm_aed,cpc_aed,ctr,cpa_aed,roas,aov_aed,cost_per_grp_aed
1,SGE,Paid Social,Galaxy Z Fold8,"1,200,660","10,540","30,204",628,"116,107",0.87,58.70,42.60,,,,,,,,,,14.60,0.71,paid,response,True,25.16,2.87,0.01,48.10,3.84,184.88,
1,SGE,Influencer,Galaxy Z Fold8,,,"11,399",7,"1,817",3.31,50.80,37.30,Influencer_1,"429,258",,,,,,,,9.90,0.87,paid,response,True,,,,"1,628.43",0.16,259.57,
1,SGE,TV,Galaxy Z Fold8,,,"43,734",,,,67.10,54,,,"1,132",,,,,,,13.50,0.75,paid,brand,False,,,,,,,38.63
1,SGE,Search,Galaxy Z Fold8,"684,928","8,919","32,269",799,"402,894",1.30,56.50,51.30,,,,,,,,,,13.20,0.87,paid,response,True,47.11,3.62,0.01,40.39,12.49,504.25,
1,SGE,Website,Galaxy Z Fold8,,,,"1,258","343,804",,53.80,27.10,,,,,,"143,195",37.60,242,3.37,9.80,0.80,earned,owned,True,,,,,,273.29,
1,SGE,PR,Galaxy Z Fold8,,,0,,,,73.20,50.70,,,,43,42.70,,,,,9.30,0.93,earned,brand,False,,,,,,,
1,SGE,Paid Social,Galaxy Z Flip8,"100,960","1,069","3,254",100,"32,545",1.28,38.60,45.20,,,,,,,,,,13.90,0.76,paid,response,True,32.23,3.04,0.01,32.54,10.00,325.45,
1,SGE,Influencer,Galaxy Z Flip8,,,"1,421",24,"6,381",3.44,41,44,Influencer_2,"597,887",,,,,,,,8.30,0.91,paid,response,True,,,,59.21,4.49,265.88,
1,SGE,PR,Galaxy Z Flip8,,,0,,,,53.20,64,,,,10,29,,,,,10.30,0.91,earned,brand,False,,,,,,,
1,SGE,Paid Social,Galaxy S24,"703,197","8,851","28,708",980,"304,498",0.90,40.70,48.50,,,,,,,,,,14,0.89,paid,response,True,40.82,3.24,0.01,29.29,10.61,310.71,
1,SGE,Influencer,Galaxy S24,,,"5,515",47,"11,350",3.90,46.10,43.70,Influencer_2,"811,878",,,,,,,,16.30,0.78,paid,response,True,,,,117.34,2.06,241.49,
1,SGE,TV,Galaxy S24,,,"46,556",,,,64,51.40,,,924,,,,,,,14,0.84,paid,brand,False,,,,,,,50.39
1,SGE,Search,Galaxy S24,"627,200","10,845","11,932","1,605","456,406",1.73,63.50,49.90,,,,,,,,,,13.50,0.83,paid,response,True,19.02,1.10,0.02,7.43,38.25,284.37,
1,SGE,Website,Galaxy S24,,,,"1,256","393,669",,55.20,38.70,,,,,,"101,738",44.10,217,3.96,8.60,0.86,earned,owned,True,,,,,,313.43,
1,SGE,PR,Galaxy S24,,,0,,,,56.50,50.50,,,,114,32.20,,,,,6.70,0.95,earned,brand,False,,,,,,,
1,SGE,Paid Social,Galaxy Tab S10,"169,674","1,987","2,073",174,"47,354",0.88,47.40,55.80,,,,,,,,,,17.20,0.76,paid,response,True,12.22,1.04,0.01,11.91,22.84,272.15,
1,SGE,Paid Social,Galaxy Buds3,"108,034","1,528","2,515",71,"19,276",0.85,59.30,49.20,,,,,,,,,,9,0.82,paid,response,True,23.28,1.65,0.01,35.42,7.66,271.49,
1,SGE,Paid Social,Galaxy Watch6,"906,492","8,299","33,683",911,"233,019",0.95,52.70,48.10,,,,,,,,,,9.90,0.78,paid,response,True,37.16,4.06,0.01,36.97,6.92,255.78,
1,SGE,Influencer,Galaxy Watch6,,,"8,323",31,"8,505",3.81,33.20,21.60,Influencer_3,"881,446",,,,,,,,13.20,0.87,paid,response,True,,,,268.48,1.02,274.35,
1,SGE,TV,Galaxy Watch6,,,"35,040",,,,64.70,38,,,501,,,,,,,10.20,0.73,paid,brand,False,,,,,,,69.94
1,SGE,Search,Galaxy Watch6,"544,223","6,916","20,467",745,"294,740",1.27,54.90,49.20,,,,,,,,,,14.50,0.87,paid,response,True,37.61,2.96,0.01,27.47,14.40,395.62,
1,SGE,Website,Galaxy Watch6,,,,"1,491","599,194",,45.10,36.30,,,,,,"94,127",28.80,174,3.49,16.10,0.76,earned,owned,True,,,,,,401.87,
1,SGE,PR,Galaxy Watch6,,,0,,,,69.70,61.20,,,,36,18.80,,,,,6.20,0.83,earned,brand,False,,,,,,,
1,SESAR,Paid Social,Galaxy Z Fold8,"976,460","10,878","32,280",594,"157,800",1.41,38.80,50.40,,,,,,,,,,17.80,0.72,paid,response,True,33.06,2.97,0.01,54.34,4.89,265.66,
1,SESAR,Influencer,Galaxy Z Fold8,,,"4,705",59,"26,821",5.43,36.30,35.60,Influencer_4,"766,847",,,,,,,,9.80,0.83,paid,response,True,,,,79.75,5.70,454.59,
1,SESAR,TV,Galaxy Z Fold8,,,"42,302",,,,56.50,61.10,,,605,,,,,,,12.60,0.88,paid,brand,False,,,,,,,69.92
1,SESAR,Search,Galaxy Z Fold8,"673,192","9,998","32,432",954,"323,417",1.49,65.60,45.60,,,,,,,,,,11.50,0.90,paid,response,True,48.18,3.24,0.01,34.00,9.97,339.01,
1,SESAR,Website,Galaxy Z Fold8,,,,610,"194,710",,48.90,47.30,,,,,,"71,865",43.40,190,2.59,8.20,0.76,earned,owned,True,,,,,,319.20,
1,SESAR,PR,Galaxy Z Fold8,,,0,,,,75,55.40,,,,62,29.10,,,,,10.40,0.81,earned,brand,False,,,,,,,
1,SESAR,Paid Social,Galaxy Z Flip8,"81,447",890,"4,668",75,"17,181",0.98,56.60,35.60,,,,,,,,,,10.70,0.73,paid,response,True,57.31,5.24,0.01,62.24,3.68,229.08,
1,SESAR,Influencer,Galaxy Z Flip8,,,"1,373",30,"6,083",4.10,49.90,37.90,Influencer_4,"514,569",,,,,,,,8.70,0.86,paid,response,True,,,,45.77,4.43,202.77,
1,SESAR,PR,Galaxy Z Flip8,,,0,,,,74.80,63.20,,,,12,25,,,,,13.10,0.86,earned,brand,False,,,,,,,
1,SESAR,Paid Social,Galaxy S24,"582,704","6,448","29,800",620,"187,810",1.49,56.10,26.40,,,,,,,,,,17.30,0.77,paid,response,True,51.14,4.62,0.01,48.06,6.30,302.92,
1,SESAR,Influencer,Galaxy S24,,,"4,100",13,"6,069",5.79,53.60,25.70,Influencer_4,"308,618",,,,,,,,10.50,0.79,paid,response,True,,,,315.38,1.48,466.85,
1,SESAR,TV,Galaxy S24,,,"52,470",,,,64.20,57.80,,,504,,,,,,,15.50,0.77,paid,brand,False,,,,,,,104.11
1,SESAR,Search,Galaxy S24,"326,632","4,221","23,878",687,"180,836",1.29,49.70,34.40,,,,,,,,,,15.40,0.81,paid,response,True,73.10,5.66,0.01,34.76,7.57,263.23,
1,SESAR,Website,Galaxy S24,,,,"1,458","447,491",,53.50,29.70,,,,,,"107,912",25.20,169,3.92,7.90,0.82,earned,owned,True,,,,,,306.92,
1,SESAR,PR,Galaxy S24,,,0,,,,54.70,48.90,,,,90,21.40,,,,,13.30,0.93,earned,brand,False,,,,,,,
1,SESAR,Paid Social,Galaxy Tab S10,"142,688","1,181","3,558",67,"14,229",0.87,59.90,52.70,,,,,,,,,,12.40,0.86,paid,response,True,24.94,3.01,0.01,53.10,4.00,212.37,
1,SESAR,Paid Social,Galaxy Buds3,"87,154","1,262","2,963",137,"53,985",1.37,62.90,26.90,,,,,,,,,,16.30,0.78,paid,response,True,34.00,2.35,0.01,21.63,18.22,394.05,
1,SESAR,Paid Social,Galaxy Watch6,"988,014","10,751","20,130",659,"228,569",0.88,62.70,52,,,,,,,,,,10.20,0.90,paid,response,True,20.37,1.87,0.01,30.55,11.35,346.84,
1,SESAR,Influencer,Galaxy Watch6,,,"9,514",27,"7,205",3.57,51.10,33,Influencer_5,"566,643",,,,,,,,10.50,0.76,paid,response,True,,,,352.37,0.76,266.85,
1,SESAR,TV,Galaxy Watch6,,,"48,292",,,,63,46.50,,,578,,,,,,,21.20,0.83,paid,brand,False,,,,,,,83.55
1,SESAR,Search,Galaxy Watch6,"314,470","4,136","18,558",404,"217,659",1.32,48,33.80,,,,,,,,,,10.50,0.90,paid,response,True,59.01,4.49,0.01,45.94,11.73,538.76,
1,SESAR,Website,Galaxy Watch6,,,,"1,126","502,262",,53.90,26,,,,,,"91,114",27.30,198,2.88,16.80,0.85,earned,owned,True,,,,,,446.06,
1,SESAR,PR,Galaxy Watch6,,,0,,,,53.20,57.80,,,,44,27.90,,,,,8.20,0.85,earned,brand,False,,,,,,,
1,SETK,Paid Social,Galaxy Z Fold8,"1,121,717","9,952","25,935",801,"253,695",1.03,57.40,42.80,,,,,,,,,,9.80,0.87,paid,response,True,23.12,2.61,0.01,32.38,9.78,316.72,
1,SETK,Influencer,Galaxy Z Fold8,,,"5,253",51,"14,804",5.12,47.70,21,Influencer_6,"910,219",,,,,,,,10.60,0.84,paid,response,True,,,,103,2.82,290.27,
1,SETK,TV,Galaxy Z Fold8,,,"80,759",,,,63.40,48.10,,,843,,,,,,,14.70,0.76,paid,brand,False,,,,,,,95.80
1,SETK,Search,Galaxy Z Fold8,"650,849","12,976","18,477","1,893","634,412",1.99,58,46.60,,,,,,,,,,7.40,0.93,paid,response,True,28.39,1.42,0.02,9.76,34.34,335.14,
1,SETK,Website,Galaxy Z Fold8,,,,"1,412","361,698",,60.80,41.30,,,,,,"95,931",29,156,2.57,15.20,0.83,earned,owned,True,,,,,,256.16,
1,SETK,PR,Galaxy Z Fold8,,,0,,,,69.50,50.80,,,,118,34.30,,,,,8.80,0.82,earned,brand,False,,,,,,,
1,SETK,Paid Social,Galaxy Z Flip8,"122,622",985,"2,207",100,"20,471",1.36,57.40,40.10,,,,,,,,,,14.20,0.93,paid,response,True,18.00,2.24,0.01,22.07,9.28,204.71,
1,SETK,Influencer,Galaxy Z Flip8,,,969,23,"11,416",2.97,49.20,49.50,Influencer_7,"678,634",,,,,,,,16.60,0.87,paid,response,True,,,,42.13,11.78,496.35,
1,SETK,PR,Galaxy Z Flip8,,,0,,,,74.20,52.30,,,,11,29.80,,,,,6.60,0.94,earned,brand,False,,,,,,,
1,SETK,Paid Social,Galaxy S24,"699,167","6,861","19,095",735,"161,205",1.34,51,33.40,,,,,,,,,,12.80,0.88,paid,response,True,27.31,2.78,0.01,25.98,8.44,219.33,
1,SETK,Influencer,Galaxy S24,,,"7,052",10,"2,452",3.68,42.80,25.60,Influencer_7,"484,913",,,,,,,,9.80,0.83,paid,response,True,,,,705.20,0.35,245.20,
1,SETK,TV,Galaxy S24,,,"49,099",,,,58.60,38.10,,,642,,,,,,,19.40,0.80,paid,brand,False,,,,,,,76.48
1,SETK,Search,Galaxy S24,"575,912","12,359","10,108","2,047","981,901",2.15,50.90,31.20,,,,,,,,,,9.80,0.90,paid,response,True,17.55,0.82,0.02,4.94,97.14,479.68,
1,SETK,Website,Galaxy S24,,,,"1,333","511,416",,43,38.10,,,,,,"99,674",41,206,3.23,11.40,0.87,earned,owned,True,,,,,,383.66,
1,SETK,PR,Galaxy S24,,,0,,,,72.50,64.20,,,,66,38.70,,,,,14,0.89,earned,brand,False,,,,,,,
1,SETK,Paid Social,Galaxy Tab S10,"139,007","1,495","4,345",139,"23,767",1.10,62.50,31.70,,,,,,,,,,10.60,0.78,paid,response,True,31.26,2.91,0.01,31.26,5.47,170.99,
1,SETK,Paid Social,Galaxy Buds3,"105,220","1,082","3,480",67,"25,982",1.10,61.50,40.30,,,,,,,,,,16.50,0.71,paid,response,True,33.07,3.22,0.01,51.94,7.47,387.79,
1,SETK,Paid Social,Galaxy Watch6,"949,126","9,918","13,535","1,016","317,945",1.33,65,32.20,,,,,,,,,,7.70,0.74,paid,response,True,14.26,1.36,0.01,13.32,23.49,312.94,
1,SETK,Influencer,Galaxy Watch6,,,"7,239",48,"16,296",4.84,39,32.10,Influencer_7,"696,564",,,,,,,,13.80,0.94,paid,response,True,,,,150.81,2.25,339.50,
1,SETK,TV,Galaxy Watch6,,,"35,630",,,,67.50,60.60,,,758,,,,,,,10.70,0.73,paid,brand,False,,,,,,,47.01
1,SETK,Search,Galaxy Watch6,"440,376","7,820","21,183",935,"434,311",1.78,43.30,48.40,,,,,,,,,,12.20,0.80,paid,response,True,48.10,2.71,0.02,22.66,20.50,464.50,
1,SETK,Website,Galaxy Watch6,,,,"1,403","491,194",,46.90,35.30,,,,,,"85,051",27.40,160,3.02,12.60,0.81,earned,owned,True,,,,,,350.10,
1,SETK,PR,Galaxy Watch6,,,0,,,,54.10,65.20,,,,68,41.70,,,,,10.90,0.93,earned,brand,False,,,,,,,
1,SELV,Paid Social,Galaxy Z Fold8,"1,197,394","10,861","24,433","1,072","419,546",0.99,60.70,42.30,,,,,,,,,,13.30,0.81,paid,response,True,20.41,2.25,0.01,22.79,17.17,391.37,
1,SELV,Influencer,Galaxy Z Fold8,,,"13,717",21,"10,088",3.44,39.70,34.50,Influencer_8,"821,254",,,,,,,,15.20,0.86,paid,response,True,,,,653.19,0.74,480.38,
1,SELV,TV,Galaxy Z Fold8,,,"75,399",,,,47.70,57.80,,,786,,,,,,,11.60,0.76,paid,brand,False,,,,,,,95.93
1,SELV,Search,Galaxy Z Fold8,"598,743","9,222","26,196","1,250","506,235",1.54,46.20,37.10,,,,,,,,,,10.30,0.87,paid,response,True,43.75,2.84,0.02,20.96,19.32,404.99,
1,SELV,Website,Galaxy Z Fold8,,,,"1,670","603,664",,41.70,43.30,,,,,,"112,059",34.80,154,2.64,10.60,0.85,earned,owned,True,,,,,,361.48,
1,SELV,PR,Galaxy Z Fold8,,,0,,,,60.10,66.10,,,,110,33.60,,,,,10.20,0.86,earned,brand,False,,,,,,,
1,SELV,Paid Social,Galaxy Z Flip8,"121,752","1,204","3,338",70,"23,122",1.02,58.80,54.70,,,,,,,,,,15.80,0.75,paid,response,True,27.42,2.77,0.01,47.69,6.93,330.31,
1,SELV,Influencer,Galaxy Z Flip8,,,"1,291",36,"12,866",3.47,39.80,24,Influencer_8,"707,719",,,,,,,,9.60,0.80,paid,response,True,,,,35.86,9.97,357.39,
1,SELV,PR,Galaxy Z Flip8,,,0,,,,69.20,44.40,,,,6,26.10,,,,,5.60,0.81,earned,brand,False,,,,,,,
1,SELV,Paid Social,Galaxy S24,"718,478","9,255","17,749",842,"284,762",0.87,36.90,34.70,,,,,,,,,,13.20,0.79,paid,response,True,24.70,1.92,0.01,21.08,16.04,338.20,
1,SELV,Influencer,Galaxy S24,,,"7,603",16,"3,513",5.79,46.10,38.30,Influencer_9,"464,742",,,,,,,,14.60,0.78,paid,response,True,,,,475.19,0.46,219.56,
1,SELV,TV,Galaxy S24,,,"73,574",,,,54.60,61.30,,,972,,,,,,,10.80,0.87,paid,brand,False,,,,,,,75.69
1,SELV,Search,Galaxy S24,"679,672","12,207","19,133","1,923","700,190",1.80,64.10,38.50,,,,,,,,,,11.90,0.85,paid,response,True,28.15,1.57,0.02,9.95,36.60,364.11,
1,SELV,Website,Galaxy S24,,,,897,"345,365",,42.80,28,,,,,,"63,683",44,203,3.44,9.90,0.85,earned,owned,True,,,,,,385.02,
1,SELV,PR,Galaxy S24,,,0,,,,62.80,56,,,,44,17.10,,,,,7.80,0.84,earned,brand,False,,,,,,,
1,SELV,Paid Social,Galaxy Tab S10,"143,656","1,433","4,434",65,"13,543",0.99,60.20,43.90,,,,,,,,,,17.10,0.75,paid,response,True,30.87,3.09,0.01,68.22,3.05,208.35,
1,SELV,Paid Social,Galaxy Buds3,"92,428","1,091","2,785",122,"43,512",0.85,41.50,35.40,,,,,,,,,,16.50,0.84,paid,response,True,30.13,2.55,0.01,22.83,15.62,356.66,
1,SELV,Paid Social,Galaxy Watch6,"716,445","7,933","30,093",754,"244,999",1.46,51.50,41,,,,,,,,,,8.50,0.71,paid,response,True,42.00,3.79,0.01,39.91,8.14,324.93,
1,SELV,Influencer,Galaxy Watch6,,,"5,555",18,"4,836",3.63,51.50,46.80,Influencer_10,"970,214",,,,,,,,13.60,0.75,paid,response,True,,,,308.61,0.87,268.67,
1,SELV,TV,Galaxy Watch6,,,"52,428",,,,48,55.40,,,763,,,,,,,15,0.85,paid,brand,False,,,,,,,68.71
1,SELV,Search,Galaxy Watch6,"490,417","6,775","26,710",972,"386,387",1.38,43.70,39.80,,,,,,,,,,9.60,0.89,paid,response,True,54.46,3.94,0.01,27.48,14.47,397.52,
1,SELV,Website,Galaxy Watch6,,,,883,"329,728",,50,37.40,,,,,,"78,185",30.80,252,3.72,10.60,0.81,earned,owned,True,,,,,,373.42,
1,SELV,PR,Galaxy Watch6,,,0,,,,72.10,41.20,,,,77,42.90,,,,,13,0.87,earned,brand,False,,,,,,,
1,SEMAG,Paid Social,Galaxy Z Fold8,"561,444","5,228","25,344",469,"128,798",1.11,38,34.20,,,,,,,,,,9.10,0.77,paid,response,True,45.14,4.85,0.01,54.04,5.08,274.62,
1,SEMAG,Influencer,Galaxy Z Fold8,,,"8,670",22,"5,979",2.92,36.10,37.50,Influencer_11,"708,257",,,,,,,,13.20,0.77,paid,response,True,,,,394.09,0.69,271.77,
1,SEMAG,TV,Galaxy Z Fold8,,,"39,773",,,,70.70,52.70,,,675,,,,,,,11.20,0.91,paid,brand,False,,,,,,,58.92
1,SEMAG,Search,Galaxy Z Fold8,"481,331","8,225","20,142",999,"394,355",1.71,53.20,42.50,,,,,,,,,,7.90,0.81,paid,response,True,41.85,2.45,0.02,20.16,19.58,394.75,
1,SEMAG,Website,Galaxy Z Fold8,,,,"1,915","448,353",,55.90,32.70,,,,,,"123,904",26.40,256,3.01,7.50,0.88,earned,owned,True,,,,,,234.13,
1,SEMAG,PR,Galaxy Z Fold8,,,0,,,,68,62.80,,,,99,34.40,,,,,9.20,0.88,earned,brand,False,,,,,,,
1,SEMAG,Paid Social,Galaxy Z Flip8,"85,972","1,019","3,800",71,"27,208",1.41,65.90,33.40,,,,,,,,,,12.10,0.91,paid,response,True,44.20,3.73,0.01,53.52,7.16,383.21,
1,SEMAG,Influencer,Galaxy Z Flip8,,,876,10,"4,434",3.61,42.90,40.90,Influencer_12,"245,767",,,,,,,,15.90,0.95,paid,response,True,,,,87.60,5.06,443.40,
1,SEMAG,PR,Galaxy Z Flip8,,,0,,,,54.70,65.30,,,,10,45.90,,,,,8.20,0.82,earned,brand,False,,,,,,,
1,SEMAG,Paid Social,Galaxy S24,"801,587","8,883","24,848","1,002","154,144",0.90,62.60,55.30,,,,,,,,,,8.40,0.90,paid,response,True,31.00,2.80,0.01,24.80,6.20,153.84,
1,SEMAG,Influencer,Galaxy S24,,,"5,317",29,"13,210",4.68,56.90,46.80,Influencer_12,"555,007",,,,,,,,11.50,0.81,paid,response,True,,,,183.34,2.48,455.52,
1,SEMAG,TV,Galaxy S24,,,"52,681",,,,60.50,51.90,,,719,,,,,,,12.20,0.86,paid,brand,False,,,,,,,73.27
1,SEMAG,Search,Galaxy S24,"383,067","8,417","11,016","1,038","290,155",2.20,57.20,52.90,,,,,,,,,,10.60,0.89,paid,response,True,28.76,1.31,0.02,10.61,26.34,279.53,
1,SEMAG,Website,Galaxy S24,,,,386,"154,027",,42.30,36.30,,,,,,"45,724",30.90,245,3.15,14.30,0.78,earned,owned,True,,,,,,399.03,
1,SEMAG,PR,Galaxy S24,,,0,,,,73.30,56.70,,,,35,19.40,,,,,7.40,0.95,earned,brand,False,,,,,,,
1,SEMAG,Paid Social,Galaxy Tab S10,"73,316",705,"2,591",54,"17,102",1.43,50.50,34.80,,,,,,,,,,14.10,0.72,paid,response,True,35.34,3.68,0.01,47.98,6.60,316.70,
1,SEMAG,Paid Social,Galaxy Buds3,"126,935","1,322","3,984",84,"32,802",1.28,50.20,35.30,,,,,,,,,,19.50,0.91,paid,response,True,31.39,3.01,0.01,47.43,8.23,390.50,
1,SEMAG,Paid Social,Galaxy Watch6,"472,528","4,564","26,129",313,"70,102",1.29,37.20,51.10,,,,,,,,,,12.20,0.70,paid,response,True,55.30,5.73,0.01,83.48,2.68,223.97,
1,SEMAG,Influencer,Galaxy Watch6,,,"6,771",72,"32,389",5.91,58.40,44.30,Influencer_11,"980,841",,,,,,,,10,0.91,paid,response,True,,,,94.04,4.78,449.85,
1,SEMAG,TV,Galaxy Watch6,,,"37,699",,,,51.80,42.80,,,615,,,,,,,18.50,0.87,paid,brand,False,,,,,,,61.30
1,SEMAG,Search,Galaxy Watch6,"558,419","11,382","11,204","1,938","860,282",2.04,49.10,42.10,,,,,,,,,,11.80,0.90,paid,response,True,20.06,0.98,0.02,5.78,76.78,443.90,
1,SEMAG,Website,Galaxy Watch6,,,,898,"252,948",,49.70,50.30,,,,,,"52,540",33.30,201,2.70,12.80,0.91,earned,owned,True,,,,,,281.68,
1,SEMAG,PR,Galaxy Watch6,,,0,,,,72.10,53.20,,,,34,24.70,,,,,12.50,0.92,earned,brand,False,,,,,,,
1,SEEG,Paid Social,Galaxy Z Fold8,"762,282","10,389","30,764","1,215","225,004",1.48,62.30,47.90,,,,,,,,,,19.30,0.94,paid,response,True,40.36,2.96,0.01,25.32,7.31,185.19,
1,SEEG,Influencer,Galaxy Z Fold8,,,"7,011",8,"2,887",2.82,44.90,41.20,Influencer_13,"583,542",,,,,,,,14.40,0.87,paid,response,True,,,,876.38,0.41,360.88,
1,SEEG,TV,Galaxy Z Fold8,,,"61,137",,,,63.90,48.30,,,510,,,,,,,16.80,0.91,paid,brand,False,,,,,,,119.88
1,SEEG,Search,Galaxy Z Fold8,"530,964","11,231","19,408","1,625","716,009",2.12,53,48.60,,,,,,,,,,12.40,0.80,paid,response,True,36.55,1.73,0.02,11.94,36.89,440.62,
1,SEEG,Website,Galaxy Z Fold8,,,,"1,098","303,148",,49.60,35.70,,,,,,"62,934",34.90,174,2.85,11.20,0.92,earned,owned,True,,,,,,276.09,
1,SEEG,PR,Galaxy Z Fold8,,,0,,,,70.10,45.10,,,,99,29.60,,,,,8.90,0.82,earned,brand,False,,,,,,,
1,SEEG,Paid Social,Galaxy Z Flip8,"102,135","1,257","2,857",53,"12,859",1.11,65,51.90,,,,,,,,,,8.70,0.87,paid,response,True,27.97,2.27,0.01,53.91,4.50,242.62,
1,SEEG,Influencer,Galaxy Z Flip8,,,845,25,"12,261",3.76,59.80,45.70,Influencer_13,"876,149",,,,,,,,8.60,0.79,paid,response,True,,,,33.80,14.51,490.44,
1,SEEG,PR,Galaxy Z Flip8,,,0,,,,52,60.90,,,,13,34.90,,,,,7.40,0.82,earned,brand,False,,,,,,,
1,SEEG,Paid Social,Galaxy S24,"716,400","6,760","27,144",382,"77,923",1.41,46.40,30.60,,,,,,,,,,18.30,0.70,paid,response,True,37.89,4.02,0.01,71.06,2.87,203.99,
1,SEEG,Influencer,Galaxy S24,,,"8,586",9,"3,584",4.39,32.10,21.40,Influencer_14,"336,306",,,,,,,,15.60,0.80,paid,response,True,,,,954,0.42,398.22,
1,SEEG,TV,Galaxy S24,,,"46,096",,,,51.40,37.80,,,367,,,,,,,18.30,0.83,paid,brand,False,,,,,,,125.60
1,SEEG,Search,Galaxy S24,"621,847","7,857","22,219","1,239","500,520",1.26,44.10,43.70,,,,,,,,,,15.10,0.79,paid,response,True,35.73,2.83,0.01,17.93,22.53,403.97,
1,SEEG,Website,Galaxy S24,,,,"1,173","423,259",,46.90,28.70,,,,,,"106,511",25.60,272,3.77,14.60,0.83,earned,owned,True,,,,,,360.83,
1,SEEG,PR,Galaxy S24,,,0,,,,55.20,44.40,,,,27,26.70,,,,,10.80,0.89,earned,brand,False,,,,,,,
1,SEEG,Paid Social,Galaxy Tab S10,"117,905","1,211","4,262",99,"26,079",1.22,39.50,47.30,,,,,,,,,,17.70,0.86,paid,response,True,36.15,3.52,0.01,43.05,6.12,263.42,
1,SEEG,Paid Social,Galaxy Buds3,"121,926","1,445","2,570",107,"39,806",1.09,61.30,38.20,,,,,,,,,,16.30,0.78,paid,response,True,21.08,1.78,0.01,24.02,15.49,372.02,
1,SEEG,Paid Social,Galaxy Watch6,"597,466","7,561","21,837",879,"282,778",1.13,39.20,28.80,,,,,,,,,,12.70,0.89,paid,response,True,36.55,2.89,0.01,24.84,12.95,321.70,
1,SEEG,Influencer,Galaxy Watch6,,,"7,023",21,"7,738",4.45,51.40,33.30,Influencer_15,"336,435",,,,,,,,16.40,0.94,paid,response,True,,,,334.43,1.10,368.48,
1,SEEG,TV,Galaxy Watch6,,,"51,944",,,,69.90,37.80,,,759,,,,,,,12.90,0.78,paid,brand,False,,,,,,,68.44
1,SEEG,Search,Galaxy Watch6,"318,884","5,669","15,273",541,"213,509",1.78,62.60,39.90,,,,,,,,,,11.60,0.80,paid,response,True,47.90,2.69,0.02,28.23,13.98,394.66,
1,SEEG,Website,Galaxy Watch6,,,,"1,069","429,529",,52.60,43.30,,,,,,"77,860",41.90,156,3.41,7.80,0.80,earned,owned,True,,,,,,401.80,
1,SEEG,PR,Galaxy Watch6,,,0,,,,60.30,45.70,,,,52,44.60,,,,,6.50,0.91,earned,brand,False,,,,,,,
1,SEIL,Paid Social,Galaxy Z Fold8,"704,132","6,332","17,067",299,"84,503",1.06,50.10,30.90,,,,,,,,,,11.20,0.78,paid,response,True,24.24,2.70,0.01,57.08,4.95,282.62,
1,SEIL,Influencer,Galaxy Z Fold8,,,"4,501",15,"6,394",2.80,32.80,23.40,Influencer_16,"825,185",,,,,,,,12.10,0.83,paid,response,True,,,,300.07,1.42,426.27,
1,SEIL,TV,Galaxy Z Fold8,,,"91,591",,,,57.40,41.90,,,821,,,,,,,15.50,0.79,paid,brand,False,,,,,,,111.56
1,SEIL,Search,Galaxy Z Fold8,"470,056","6,972","34,051",925,"316,836",1.48,46.90,55.70,,,,,,,,,,7.10,0.81,paid,response,True,72.44,4.88,0.01,36.81,9.30,342.53,
1,SEIL,Website,Galaxy Z Fold8,,,,"1,598","624,882",,54.90,30.40,,,,,,"101,962",30.80,180,2.51,11.30,0.88,earned,owned,True,,,,,,391.04,
1,SEIL,PR,Galaxy Z Fold8,,,0,,,,68.20,50.10,,,,110,33.80,,,,,8.80,0.92,earned,brand,False,,,,,,,
1,SEIL,Paid Social,Galaxy Z Flip8,"114,770",933,"2,291",101,"29,687",1.20,57.80,38.70,,,,,,,,,,8.90,0.71,paid,response,True,19.96,2.46,0.01,22.68,12.96,293.93,
1,SEIL,Influencer,Galaxy Z Flip8,,,"1,269",19,"7,730",5.30,42.20,34.10,Influencer_17,"380,222",,,,,,,,8.80,0.84,paid,response,True,,,,66.79,6.09,406.84,
1,SEIL,PR,Galaxy Z Flip8,,,0,,,,61.40,49,,,,11,32.70,,,,,8.30,0.85,earned,brand,False,,,,,,,
1,SEIL,Paid Social,Galaxy S24,"617,555","5,270","16,522",434,"86,138",1.34,47,54.90,,,,,,,,,,15.20,0.74,paid,response,True,26.75,3.14,0.01,38.07,5.21,198.47,
1,SEIL,Influencer,Galaxy S24,,,"4,641",13,"5,564",3.40,51,26.30,Influencer_18,"353,557",,,,,,,,15.40,0.85,paid,response,True,,,,357,1.20,428,
1,SEIL,TV,Galaxy S24,,,"70,291",,,,61.50,53.50,,,827,,,,,,,20,0.85,paid,brand,False,,,,,,,85.00
1,SEIL,Search,Galaxy S24,"658,799","10,034","21,375",954,"258,043",1.52,52.50,38.70,,,,,,,,,,9.10,0.79,paid,response,True,32.45,2.13,0.02,22.41,12.07,270.49,
1,SEIL,Website,Galaxy S24,,,,"1,069","337,200",,38.10,47.60,,,,,,"122,320",25.80,244,3.75,16.10,0.86,earned,owned,True,,,,,,315.43,
1,SEIL,PR,Galaxy S24,,,0,,,,66,65.10,,,,88,28.50,,,,,11.90,0.81,earned,brand,False,,,,,,,
1,SEIL,Paid Social,Galaxy Tab S10,"153,814","2,102","2,861",138,"37,109",0.91,38.40,29.30,,,,,,,,,,18.30,0.79,paid,response,True,18.60,1.36,0.01,20.73,12.97,268.91,
1,SEIL,Paid Social,Galaxy Buds3,"137,734","1,183","2,780",51,"16,672",1.49,52.20,44.50,,,,,,,,,,11.90,0.93,paid,response,True,20.18,2.35,0.01,54.51,6.00,326.90,
1,SEIL,Paid Social,Galaxy Watch6,"738,271","8,018","24,240",756,"123,297",1.24,46.50,36.10,,,,,,,,,,14.20,0.80,paid,response,True,32.83,3.02,0.01,32.06,5.09,163.09,
1,SEIL,Influencer,Galaxy Watch6,,,"8,332",72,"21,600",5.48,48.80,25.20,Influencer_17,"958,889",,,,,,,,11.20,0.94,paid,response,True,,,,115.72,2.59,300,
1,SEIL,TV,Galaxy Watch6,,,"58,470",,,,61.90,60,,,489,,,,,,,13.10,0.80,paid,brand,False,,,,,,,119.57
1,SEIL,Search,Galaxy Watch6,"495,826","9,981","28,610",891,"401,962",2.01,54.10,31.60,,,,,,,,,,9.40,0.93,paid,response,True,57.70,2.87,0.02,32.11,14.05,451.14,
1,SEIL,Website,Galaxy Watch6,,,,"1,739","559,206",,43.60,45.70,,,,,,"99,529",29.50,185,2.73,12.60,0.85,earned,owned,True,,,,,,321.57,
1,SEIL,PR,Galaxy Watch6,,,0,,,,59.90,60.40,,,,90,18.10,,,,,6.40,0.86,earned,brand,False,,,,,,,
1,SEPAK,Paid Social,Galaxy Z Fold8,"585,064","5,421","17,424",529,"85,128",1.06,58.10,55.30,,,,,,,,,,14.80,0.89,paid,response,True,29.78,3.21,0.01,32.94,4.89,160.92,
1,SEPAK,Influencer,Galaxy Z Fold8,,,"5,534",28,"12,188",4.37,58.40,26.80,Influencer_19,"445,369",,,,,,,,14.50,0.86,paid,response,True,,,,197.64,2.20,435.29,
1,SEPAK,TV,Galaxy Z Fold8,,,"58,874",,,,66.20,56,,,636,,,,,,,15.40,0.80,paid,brand,False,,,,,,,92.57
1,SEPAK,Search,Galaxy Z Fold8,"384,964","7,764","14,534","1,298","344,818",2.02,53.40,40.40,,,,,,,,,,15,0.89,paid,response,True,37.75,1.87,0.02,11.20,23.72,265.65,
1,SEPAK,Website,Galaxy Z Fold8,,,,"1,942","526,798",,49,46.80,,,,,,"117,620",40.30,219,3.17,8.40,0.91,earned,owned,True,,,,,,271.27,
1,SEPAK,PR,Galaxy Z Fold8,,,0,,,,74.80,51.60,,,,76,43.50,,,,,8.80,0.86,earned,brand,False,,,,,,,
1,SEPAK,Paid Social,Galaxy Z Flip8,"84,295","1,261","2,914",73,"16,765",0.87,57.90,36.30,,,,,,,,,,9.30,0.71,paid,response,True,34.57,2.31,0.01,39.92,5.75,229.66,
1,SEPAK,Influencer,Galaxy Z Flip8,,,"1,105",60,"20,074",5.41,31.50,23.40,Influencer_19,"929,884",,,,,,,,10.30,0.92,paid,response,True,,,,18.42,18.17,334.57,
1,SEPAK,PR,Galaxy Z Flip8,,,0,,,,66.70,51.80,,,,10,45.20,,,,,12.20,0.84,earned,brand,False,,,,,,,
1,SEPAK,Paid Social,Galaxy S24,"451,105","3,759","20,604",342,"104,550",0.84,61.60,41.20,,,,,,,,,,13.90,0.86,paid,response,True,45.67,5.48,0.01,60.25,5.07,305.70,
1,SEPAK,Influencer,Galaxy S24,,,"4,308",21,"8,073",5.01,38.50,33.50,Influencer_20,"453,690",,,,,,,,14.30,0.77,paid,response,True,,,,205.14,1.87,384.43,
1,SEPAK,TV,Galaxy S24,,,"42,905",,,,70.80,50.10,,,347,,,,,,,18.80,0.82,paid,brand,False,,,,,,,123.65
1,SEPAK,Search,Galaxy S24,"248,528","3,952","20,323",333,"121,899",1.59,50.70,49.80,,,,,,,,,,9.80,0.79,paid,response,True,81.77,5.14,0.02,61.03,6.00,366.06,
1,SEPAK,Website,Galaxy S24,,,,"1,000","357,064",,45,34.50,,,,,,"65,283",40.40,235,2.70,13.90,0.90,earned,owned,True,,,,,,357.06,
1,SEPAK,PR,Galaxy S24,,,0,,,,63.50,45.80,,,,62,46.40,,,,,6.40,0.91,earned,brand,False,,,,,,,
1,SEPAK,Paid Social,Galaxy Tab S10,"119,366","1,337","2,593",75,"26,083",1.42,46,35.50,,,,,,,,,,12.30,0.90,paid,response,True,21.72,1.94,0.01,34.57,10.06,347.77,
1,SEPAK,Paid Social,Galaxy Buds3,"89,783",877,"2,191",55,"20,104",0.83,56.20,34.40,,,,,,,,,,17.10,0.81,paid,response,True,24.40,2.50,0.01,39.84,9.18,365.53,
1,SEPAK,Paid Social,Galaxy Watch6,"567,780","7,496","19,734",503,"98,942",1.28,47.50,50.10,,,,,,,,,,10.70,0.72,paid,response,True,34.76,2.63,0.01,39.23,5.01,196.70,
1,SEPAK,Influencer,Galaxy Watch6,,,"7,788",7,"2,016",4.01,34.40,30.80,Influencer_19,"282,760",,,,,,,,10.70,0.84,paid,response,True,,,,"1,112.57",0.26,288,
1,SEPAK,TV,Galaxy Watch6,,,"46,339",,,,64.20,45.30,,,387,,,,,,,9.90,0.89,paid,brand,False,,,,,,,119.74
1,SEPAK,Search,Galaxy Watch6,"387,873","7,039","19,401",756,"411,270",1.81,65.10,33,,,,,,,,,,12.30,0.84,paid,response,True,50.02,2.76,0.02,25.66,21.20,544.01,
1,SEPAK,Website,Galaxy Watch6,,,,995,"234,516",,37.90,45.50,,,,,,"56,774",37.20,262,2.55,11.20,0.82,earned,owned,True,,,,,,235.69,
1,SEPAK,PR,Galaxy Watch6,,,0,,,,55.30,52.40,,,,73,18,,,,,8.50,0.87,earned,brand,False,,,,,,,
2,SGE,Paid Social,Galaxy Z Fold8,"621,356","7,467","33,750",517,"118,184",1,66.80,28.20,,,,,,,,,,9.20,0.83,paid,response,True,54.32,4.52,0.01,65.28,3.50,228.60,
2,SGE,Influencer,Galaxy Z Fold8,,,"5,901",13,"3,436",3.42,51,42.80,Influencer_3,"323,481",,,,,,,,17.40,0.79,paid,response,True,,,,453.92,0.58,264.31,
2,SGE,TV,Galaxy Z Fold8,,,"44,728",,,,50.90,42.30,,,961,,,,,,,17.40,0.92,paid,brand,False,,,,,,,46.54
2,SGE,Search,Galaxy Z Fold8,"756,154","16,390","23,542","2,405","1,113,183",2.17,56.50,39.50,,,,,,,,,,8.90,0.81,paid,response,True,31.13,1.44,0.02,9.79,47.28,462.86,
2,SGE,Website,Galaxy Z Fold8,,,,"1,334","436,470",,43.30,39.40,,,,,,"83,740",27.40,201,3.69,10.60,0.85,earned,owned,True,,,,,,327.19,
2,SGE,PR,Galaxy Z Fold8,,,0,,,,66.80,57.70,,,,89,43.10,,,,,5.20,0.85,earned,brand,False,,,,,,,
2,SGE,B2B Roadshow,Galaxy Z Fold8,"29,536",,"7,306",105,"49,256",7.12,56.50,69.40,,,,,,,,,,9.50,0.89,paid,brand,True,247.36,,,69.58,6.74,469.10,
2,SGE,Paid Social,Galaxy Z Flip8,"1,231,322","14,309","23,293","1,577","544,168",1.25,43.50,56.40,,,,,,,,,,12.20,0.93,paid,response,True,18.92,1.63,0.01,14.77,23.36,345.07,
2,SGE,Influencer,Galaxy Z Flip8,,,"7,891",9,"2,671",4.31,53.90,32.40,Influencer_1,"330,192",,,,,,,,16.80,0.93,paid,response,True,,,,876.78,0.34,296.78,
2,SGE,TV,Galaxy Z Flip8,,,"50,554",,,,53.90,61.90,,,759,,,,,,,12.10,0.85,paid,brand,False,,,,,,,66.61
2,SGE,Search,Galaxy Z Flip8,"894,320","15,502","38,047","2,233","954,702",1.73,57.30,36.50,,,,,,,,,,11.80,0.92,paid,response,True,42.54,2.45,0.02,17.04,25.09,427.54,
2,SGE,Website,Galaxy Z Flip8,,,,"2,225","758,512",,61.10,46.30,,,,,,"135,487",41.50,157,2.62,9.60,0.79,earned,owned,True,,,,,,340.90,
2,SGE,PR,Galaxy Z Flip8,,,0,,,,69,54.90,,,,132,31.50,,,,,10,0.85,earned,brand,False,,,,,,,
2,SGE,Paid Social,Galaxy S24,"567,856","6,462","21,826",412,"69,316",0.84,51.20,41.90,,,,,,,,,,9.40,0.85,paid,response,True,38.44,3.38,0.01,52.98,3.18,168.24,
2,SGE,Influencer,Galaxy S24,,,"5,026",50,"11,961",3.62,43.70,38.80,Influencer_2,"953,258",,,,,,,,10.60,0.84,paid,response,True,,,,100.52,2.38,239.22,
2,SGE,TV,Galaxy S24,,,"40,992",,,,55.20,40.40,,,543,,,,,,,12.30,0.80,paid,brand,False,,,,,,,75.49
2,SGE,Search,Galaxy S24,"537,021","8,689","13,137","1,401","742,705",1.62,60.80,36.90,,,,,,,,,,7.60,0.94,paid,response,True,24.46,1.51,0.02,9.38,56.54,530.12,
2,SGE,Website,Galaxy S24,,,,"1,245","345,033",,61.60,32.40,,,,,,"95,897",25.50,250,3.26,10.50,0.76,earned,owned,True,,,,,,277.13,
2,SGE,PR,Galaxy S24,,,0,,,,74.10,59.20,,,,70,36.90,,,,,7,0.80,earned,brand,False,,,,,,,
2,SGE,B2B Roadshow,Galaxy S24,"11,662",,"6,530",48,"28,748",6.64,70.30,57.30,,,,,,,,,,7.80,0.91,paid,brand,True,559.94,,,136.04,4.40,598.92,
2,SGE,Paid Social,Galaxy Tab S10,"103,854","1,094","3,701",50,"13,803",1.34,46.40,57.10,,,,,,,,,,15.20,0.73,paid,response,True,35.64,3.38,0.01,74.02,3.73,276.06,
2,SGE,Influencer,Galaxy Tab S10,,,996,24,"7,432",3.81,36.90,40.10,Influencer_1,"613,037",,,,,,,,11.40,0.76,paid,response,True,,,,41.50,7.46,309.67,
2,SGE,PR,Galaxy Tab S10,,,0,,,,61.30,54.20,,,,4,23.10,,,,,8.50,0.90,earned,brand,False,,,,,,,
2,SGE,Paid Social,Galaxy Buds3,"132,871","1,192","3,870",63,"25,052",1.32,47,37.50,,,,,,,,,,16.90,0.83,paid,response,True,29.13,3.25,0.01,61.43,6.47,397.65,
2,SGE,Paid Social,Galaxy Watch6,"751,739","8,976","23,770",944,"228,532",1.27,67.40,44.90,,,,,,,,,,16.60,0.88,paid,response,True,31.62,2.65,0.01,25.18,9.61,242.09,
2,SGE,Influencer,Galaxy Watch6,,,"5,939",17,"6,743",2.59,61.80,39.40,Influencer_3,"859,827",,,,,,,,9.70,0.76,paid,response,True,,,,349.35,1.14,396.65,
2,SGE,TV,Galaxy Watch6,,,"53,031",,,,62.10,56,,,419,,,,,,,18.10,0.80,paid,brand,False,,,,,,,126.57
2,SGE,Search,Galaxy Watch6,"566,572","8,171","11,730",809,"309,290",1.44,53.30,42.50,,,,,,,,,,8,0.86,paid,response,True,20.70,1.44,0.01,14.50,26.37,382.31,
2,SGE,Website,Galaxy Watch6,,,,"1,613","619,326",,51.40,52,,,,,,"96,439",26.20,185,3.28,11.80,0.82,earned,owned,True,,,,,,383.96,
2,SGE,PR,Galaxy Watch6,,,0,,,,66.30,56.10,,,,36,32.80,,,,,10.50,0.94,earned,brand,False,,,,,,,
2,SGE,B2B Roadshow,Galaxy Watch6,"16,095",,"7,997",86,"24,667",7.79,60.60,56,,,,,,,,,,11.60,0.98,paid,brand,True,496.86,,,92.99,3.08,286.83,
2,SESAR,Paid Social,Galaxy Z Fold8,"904,316","9,063","18,792",862,"234,680",1.14,54.80,55.40,,,,,,,,,,15.70,0.77,paid,response,True,20.78,2.07,0.01,21.80,12.49,272.25,
2,SESAR,Influencer,Galaxy Z Fold8,,,"6,232",52,"25,291",4.40,56.70,30.70,Influencer_4,"909,489",,,,,,,,10.30,0.89,paid,response,True,,,,119.85,4.06,486.37,
2,SESAR,TV,Galaxy Z Fold8,,,"52,698",,,,60.10,44.40,,,872,,,,,,,14.50,0.76,paid,brand,False,,,,,,,60.43
2,SESAR,Search,Galaxy Z Fold8,"582,368","8,567","18,900",802,"348,631",1.47,57.50,38.30,,,,,,,,,,12.20,0.86,paid,response,True,32.45,2.21,0.01,23.57,18.45,434.70,
2,SESAR,Website,Galaxy Z Fold8,,,,686,"208,081",,40.80,51.10,,,,,,"80,518",39.30,175,3.52,16.80,0.78,earned,owned,True,,,,,,303.33,
2,SESAR,PR,Galaxy Z Fold8,,,0,,,,58,66.50,,,,80,33.30,,,,,7.30,0.90,earned,brand,False,,,,,,,
2,SESAR,B2B Roadshow,Galaxy Z Fold8,"12,930",,"7,703",68,"51,070",6.69,72,50.70,,,,,,,,,,11.50,0.89,paid,brand,True,595.75,,,113.28,6.63,751.03,
2,SESAR,Paid Social,Galaxy Z Flip8,"1,173,932","10,836","16,487","1,297","323,275",1.15,66.10,56.30,,,,,,,,,,18.10,0.92,paid,response,True,14.04,1.52,0.01,12.71,19.61,249.25,
2,SESAR,Influencer,Galaxy Z Flip8,,,"4,847",32,"9,616",4.49,46.20,41.20,Influencer_21,"512,886",,,,,,,,12.60,0.93,paid,response,True,,,,151.47,1.98,300.50,
2,SESAR,TV,Galaxy Z Flip8,,,"48,492",,,,61.60,44.80,,,"1,042",,,,,,,18.50,0.79,paid,brand,False,,,,,,,46.54
2,SESAR,Search,Galaxy Z Flip8,"854,145","14,169","23,037","2,151","546,838",1.66,51.20,39.60,,,,,,,,,,12.30,0.81,paid,response,True,26.97,1.63,0.02,10.71,23.74,254.23,
2,SESAR,Website,Galaxy Z Flip8,,,,"2,097","689,535",,40.90,35.10,,,,,,"128,935",26.70,174,2.78,9.50,0.80,earned,owned,True,,,,,,328.82,
2,SESAR,PR,Galaxy Z Flip8,,,0,,,,59.70,50.60,,,,62,32.40,,,,,9.60,0.89,earned,brand,False,,,,,,,
2,SESAR,Paid Social,Galaxy S24,"477,846","6,009","14,806",270,"48,480",1.01,50.20,42.50,,,,,,,,,,17.70,0.88,paid,response,True,30.98,2.46,0.01,54.84,3.27,179.56,
2,SESAR,Influencer,Galaxy S24,,,"4,062",23,"6,123",2.91,61.30,36.30,Influencer_5,"923,821",,,,,,,,11.90,0.95,paid,response,True,,,,176.61,1.51,266.22,
2,SESAR,TV,Galaxy S24,,,"40,863",,,,66.50,60.80,,,459,,,,,,,17.90,0.88,paid,brand,False,,,,,,,89.03
2,SESAR,Search,Galaxy S24,"310,882","6,099","9,511",808,"330,029",1.96,51.80,55.10,,,,,,,,,,7.20,0.91,paid,response,True,30.59,1.56,0.02,11.77,34.70,408.45,
2,SESAR,Website,Galaxy S24,,,,873,"291,726",,42.50,41.60,,,,,,"87,190",28.30,263,2.67,7.90,0.84,earned,owned,True,,,,,,334.16,
2,SESAR,PR,Galaxy S24,,,0,,,,65.80,53.80,,,,19,32.60,,,,,4.90,0.87,earned,brand,False,,,,,,,
2,SESAR,B2B Roadshow,Galaxy S24,"15,073",,"3,178",67,"24,507",7.08,69.90,61.60,,,,,,,,,,5.30,0.88,paid,brand,True,210.84,,,47.43,7.71,365.78,
2,SESAR,Paid Social,Galaxy Tab S10,"80,014",943,"2,096",108,"18,063",1.45,39,39.70,,,,,,,,,,16.20,0.89,paid,response,True,26.20,2.22,0.01,19.41,8.62,167.25,
2,SESAR,Influencer,Galaxy Tab S10,,,909,76,"23,920",5.87,58.70,49.20,Influencer_4,"877,255",,,,,,,,11.20,0.89,paid,response,True,,,,11.96,26.31,314.74,
2,SESAR,PR,Galaxy Tab S10,,,0,,,,74.50,45.40,,,,13,23,,,,,13.30,0.86,earned,brand,False,,,,,,,
2,SESAR,Paid Social,Galaxy Buds3,"85,014","1,113","2,894",118,"40,007",1.48,51.90,49,,,,,,,,,,12.10,0.79,paid,response,True,34.04,2.60,0.01,24.53,13.82,339.04,
2,SESAR,Paid Social,Galaxy Watch6,"465,307","4,528","17,506",237,"46,717",1.41,61,28.40,,,,,,,,,,14.90,0.85,paid,response,True,37.62,3.87,0.01,73.86,2.67,197.12,
2,SESAR,Influencer,Galaxy Watch6,,,"2,869",15,"5,008",3.22,52.80,48.20,Influencer_21,"452,356",,,,,,,,9.80,0.76,paid,response,True,,,,191.27,1.75,333.87,
2,SESAR,TV,Galaxy Watch6,,,"44,074",,,,62.50,56.90,,,388,,,,,,,18.10,0.75,paid,brand,False,,,,,,,113.59
2,SESAR,Search,Galaxy Watch6,"338,742","4,858","15,336",669,"322,298",1.43,63.30,38.10,,,,,,,,,,14.10,0.94,paid,response,True,45.27,3.16,0.01,22.92,21.02,481.76,
2,SESAR,Website,Galaxy Watch6,,,,906,"249,263",,48.10,39.40,,,,,,"88,740",26.20,194,3.44,16.70,0.92,earned,owned,True,,,,,,275.12,
2,SESAR,PR,Galaxy Watch6,,,0,,,,61,52.80,,,,51,42.60,,,,,5.70,0.86,earned,brand,False,,,,,,,
2,SESAR,B2B Roadshow,Galaxy Watch6,"20,719",,"6,879",52,"23,076",4.50,69.20,66.10,,,,,,,,,,11.40,0.91,paid,brand,True,332.01,,,132.29,3.35,443.77,
2,SETK,Paid Social,Galaxy Z Fold8,"682,451","8,121","15,572",577,"123,333",1.03,40.40,40.90,,,,,,,,,,11.50,0.83,paid,response,True,22.82,1.92,0.01,26.99,7.92,213.75,
2,SETK,Influencer,Galaxy Z Fold8,,,"8,092",9,"1,906",3.44,34.80,46.10,Influencer_7,"254,040",,,,,,,,13.30,0.88,paid,response,True,,,,899.11,0.24,211.78,
2,SETK,TV,Galaxy Z Fold8,,,"42,010",,,,54.20,60.70,,,611,,,,,,,12.40,0.90,paid,brand,False,,,,,,,68.76
2,SETK,Search,Galaxy Z Fold8,"390,495","8,345","13,151","1,290","614,425",2.14,65.70,49.60,,,,,,,,,,12.50,0.84,paid,response,True,33.68,1.58,0.02,10.19,46.72,476.30,
2,SETK,Website,Galaxy Z Fold8,,,,"1,045","411,603",,46.40,49.10,,,,,,"77,299",32.60,241,2.96,11.70,0.89,earned,owned,True,,,,,,393.88,
2,SETK,PR,Galaxy Z Fold8,,,0,,,,61,47.50,,,,76,41.80,,,,,7.20,0.81,earned,brand,False,,,,,,,
2,SETK,B2B Roadshow,Galaxy Z Fold8,"16,387",,"4,195",39,"31,435",5.77,66.70,64.40,,,,,,,,,,7.10,0.85,paid,brand,True,256.00,,,107.56,7.49,806.03,
2,SETK,Paid Social,Galaxy Z Flip8,"736,957","7,855","23,811",627,"196,659",1.28,45.70,52,,,,,,,,,,18.60,0.86,paid,response,True,32.31,3.03,0.01,37.98,8.26,313.65,
2,SETK,Influencer,Galaxy Z Flip8,,,"11,295",17,"4,113",3.09,49,27.50,Influencer_6,"683,214",,,,,,,,16.30,0.95,paid,response,True,,,,664.41,0.36,241.94,
2,SETK,TV,Galaxy Z Flip8,,,"40,194",,,,49.80,59.20,,,793,,,,,,,20.10,0.85,paid,brand,False,,,,,,,50.69
2,SETK,Search,Galaxy Z Flip8,"360,223","5,808","20,878",504,"148,835",1.61,48.30,43.60,,,,,,,,,,6.70,0.88,paid,response,True,57.96,3.59,0.02,41.42,7.13,295.31,
2,SETK,Website,Galaxy Z Flip8,,,,"1,963","400,320",,50.60,33.90,,,,,,"134,584",35.60,255,2.52,16.80,0.75,earned,owned,True,,,,,,203.93,
2,SETK,PR,Galaxy Z Flip8,,,0,,,,75.70,45.10,,,,87,43.20,,,,,5.30,0.82,earned,brand,False,,,,,,,
2,SETK,Paid Social,Galaxy S24,"427,946","5,280","14,442",555,"120,341",1.08,49.20,39.60,,,,,,,,,,13.80,0.95,paid,response,True,33.75,2.74,0.01,26.02,8.33,216.83,
2,SETK,Influencer,Galaxy S24,,,"7,085",14,"6,965",4.89,52.10,23,Influencer_7,"514,546",,,,,,,,11.50,0.83,paid,response,True,,,,506.07,0.98,497.50,
2,SETK,TV,Galaxy S24,,,"43,600",,,,64.90,55.60,,,304,,,,,,,9.80,0.89,paid,brand,False,,,,,,,143.42
2,SETK,Search,Galaxy S24,"454,657","9,022","9,350","1,529","803,865",1.98,48.50,54.70,,,,,,,,,,12.40,0.87,paid,response,True,20.56,1.04,0.02,6.12,85.97,525.75,
2,SETK,Website,Galaxy S24,,,,515,"112,572",,58.70,27.40,,,,,,"60,941",43.50,158,2.77,9.10,0.78,earned,owned,True,,,,,,218.59,
2,SETK,PR,Galaxy S24,,,0,,,,60.50,56.50,,,,49,46.90,,,,,9.50,0.94,earned,brand,False,,,,,,,
2,SETK,B2B Roadshow,Galaxy S24,"19,744",,"5,717",62,"17,933",6.95,68.80,51.60,,,,,,,,,,10.20,0.88,paid,brand,True,289.56,,,92.21,3.14,289.24,
2,SETK,Paid Social,Galaxy Tab S10,"78,547",868,"2,064",58,"19,850",1.47,49.90,50.60,,,,,,,,,,7.40,0.77,paid,response,True,26.28,2.38,0.01,35.59,9.62,342.24,
2,SETK,Influencer,Galaxy Tab S10,,,"1,073",33,"10,875",3.30,53,41.80,Influencer_6,"714,435",,,,,,,,8.30,0.87,paid,response,True,,,,32.52,10.14,329.55,
2,SETK,PR,Galaxy Tab S10,,,0,,,,55.10,46.30,,,,7,40.40,,,,,10.80,0.90,earned,brand,False,,,,,,,
2,SETK,Paid Social,Galaxy Buds3,"126,510","1,357","3,394",65,"9,834",1.02,48.80,35.50,,,,,,,,,,8.60,0.75,paid,response,True,26.83,2.50,0.01,52.22,2.90,151.29,
2,SETK,Paid Social,Galaxy Watch6,"523,916","6,234","20,512",452,"70,767",1.05,40.80,45.30,,,,,,,,,,10.90,0.80,paid,response,True,39.15,3.29,0.01,45.38,3.45,156.56,
2,SETK,Influencer,Galaxy Watch6,,,"2,630",29,"10,667",3.86,62.40,29.30,Influencer_6,"633,911",,,,,,,,12.60,0.89,paid,response,True,,,,90.69,4.06,367.83,
2,SETK,TV,Galaxy Watch6,,,"29,289",,,,55.70,44.70,,,334,,,,,,,10.60,0.75,paid,brand,False,,,,,,,87.69
2,SETK,Search,Galaxy Watch6,"316,835","5,136","18,429",812,"290,970",1.62,66.40,50.20,,,,,,,,,,10.70,0.88,paid,response,True,58.17,3.59,0.02,22.70,15.79,358.34,
2,SETK,Website,Galaxy Watch6,,,,710,"196,076",,46.90,48.60,,,,,,"78,383",44,235,3.76,11.40,0.83,earned,owned,True,,,,,,276.16,
2,SETK,PR,Galaxy Watch6,,,0,,,,61,66.10,,,,68,23.10,,,,,6.20,0.85,earned,brand,False,,,,,,,
2,SETK,B2B Roadshow,Galaxy Watch6,"16,421",,"5,614",54,"40,951",5.46,66.50,54.80,,,,,,,,,,7.60,0.95,paid,brand,True,341.88,,,103.96,7.29,758.35,
2,SELV,Paid Social,Galaxy Z Fold8,"776,611","8,197","33,523",458,"182,886",0.93,61,28.20,,,,,,,,,,15.70,0.94,paid,response,True,43.17,4.09,0.01,73.19,5.46,399.31,
2,SELV,Influencer,Galaxy Z Fold8,,,"10,788",41,"18,273",5.29,56.50,34.30,Influencer_9,"659,753",,,,,,,,12.40,0.88,paid,response,True,,,,263.12,1.69,445.68,
2,SELV,TV,Galaxy Z Fold8,,,"50,446",,,,65.50,55.90,,,580,,,,,,,18.30,0.73,paid,brand,False,,,,,,,86.98
2,SELV,Search,Galaxy Z Fold8,"674,836","11,332","25,445","1,512","796,897",1.68,64.50,42.70,,,,,,,,,,6.50,0.93,paid,response,True,37.71,2.25,0.02,16.83,31.32,527.05,
2,SELV,Website,Galaxy Z Fold8,,,,611,"160,117",,38.50,51.60,,,,,,"67,251",38.30,192,3.47,13.80,0.82,earned,owned,True,,,,,,262.06,
2,SELV,PR,Galaxy Z Fold8,,,0,,,,63.80,42.70,,,,68,48,,,,,6.70,0.88,earned,brand,False,,,,,,,
2,SELV,B2B Roadshow,Galaxy Z Fold8,"29,697",,"7,571",125,"59,067",4.11,62.50,59.30,,,,,,,,,,9.80,0.93,paid,brand,True,254.94,,,60.57,7.80,472.54,
2,SELV,Paid Social,Galaxy Z Flip8,"796,169","8,291","17,605",651,"145,731",1.44,40.60,52.30,,,,,,,,,,15.80,0.79,paid,response,True,22.11,2.12,0.01,27.04,8.28,223.86,
2,SELV,Influencer,Galaxy Z Flip8,,,"9,993",34,"11,656",5.24,45.70,42.90,Influencer_10,"677,450",,,,,,,,10.60,0.81,paid,response,True,,,,293.91,1.17,342.82,
2,SELV,TV,Galaxy Z Flip8,,,"51,620",,,,70.20,54.20,,,563,,,,,,,16.90,0.75,paid,brand,False,,,,,,,91.69
2,SELV,Search,Galaxy Z Flip8,"946,313","13,663","21,609","1,847","645,151",1.44,53.50,43.80,,,,,,,,,,13.40,0.88,paid,response,True,22.83,1.58,0.01,11.70,29.86,349.30,
2,SELV,Website,Galaxy Z Flip8,,,,"1,474","454,041",,48.10,27.10,,,,,,"102,341",25.60,200,3.17,9.10,0.80,earned,owned,True,,,,,,308.03,
2,SELV,PR,Galaxy Z Flip8,,,0,,,,73,55.80,,,,38,36.30,,,,,7.70,0.83,earned,brand,False,,,,,,,
2,SELV,Paid Social,Galaxy S24,"461,788","4,542","23,131",373,"115,546",1.22,56.30,45,,,,,,,,,,11.20,0.91,paid,response,True,50.09,5.09,0.01,62.01,5.00,309.77,
2,SELV,Influencer,Galaxy S24,,,"7,245",26,"12,365",5.35,50.30,42.20,Influencer_8,"380,908",,,,,,,,10.50,0.80,paid,response,True,,,,278.65,1.71,475.58,
2,SELV,TV,Galaxy S24,,,"31,072",,,,58.30,41.50,,,405,,,,,,,13.50,0.84,paid,brand,False,,,,,,,76.72
2,SELV,Search,Galaxy S24,"496,123","7,857","13,270","1,010","415,325",1.58,65.80,55.50,,,,,,,,,,7.80,0.81,paid,response,True,26.75,1.69,0.02,13.14,31.30,411.21,
2,SELV,Website,Galaxy S24,,,,681,"189,757",,61.20,39.10,,,,,,"72,482",34,163,3.80,9,0.82,earned,owned,True,,,,,,278.64,
2,SELV,PR,Galaxy S24,,,0,,,,65.40,59.50,,,,74,34.20,,,,,8.10,0.93,earned,brand,False,,,,,,,
2,SELV,B2B Roadshow,Galaxy S24,"21,459",,"4,370",41,"43,767",3.15,70.20,55.80,,,,,,,,,,6.90,0.91,paid,brand,True,203.64,,,106.59,10.02,"1,067.49",
2,SELV,Paid Social,Galaxy Tab S10,"97,051","1,306","5,038",129,"44,050",1.18,41.40,30.80,,,,,,,,,,16.30,0.91,paid,response,True,51.91,3.86,0.01,39.05,8.74,341.47,
2,SELV,Influencer,Galaxy Tab S10,,,551,52,"17,285",5.38,39.20,34.80,Influencer_10,"768,373",,,,,,,,14.80,0.88,paid,response,True,,,,10.60,31.37,332.40,
2,SELV,PR,Galaxy Tab S10,,,0,,,,78,53.60,,,,8,27.90,,,,,7.50,0.93,earned,brand,False,,,,,,,
2,SELV,Paid Social,Galaxy Buds3,"120,482","1,693","2,614",172,"35,988",1.37,55.60,37.90,,,,,,,,,,15.50,0.86,paid,response,True,21.70,1.54,0.01,15.20,13.77,209.23,
2,SELV,Paid Social,Galaxy Watch6,"484,293","5,963","15,485",626,"219,951",1.20,54,45.30,,,,,,,,,,9,0.94,paid,response,True,31.97,2.60,0.01,24.74,14.20,351.36,
2,SELV,Influencer,Galaxy Watch6,,,"5,951",33,"13,325",4.50,35.50,50.90,Influencer_10,"503,387",,,,,,,,15.30,0.93,paid,response,True,,,,180.33,2.24,403.79,
2,SELV,TV,Galaxy Watch6,,,"39,743",,,,65.40,55.50,,,694,,,,,,,10.40,0.75,paid,brand,False,,,,,,,57.27
2,SELV,Search,Galaxy Watch6,"386,817","7,846","18,866","1,011","427,883",2.03,49.50,42.60,,,,,,,,,,10.30,0.88,paid,response,True,48.77,2.40,0.02,18.66,22.68,423.23,
2,SELV,Website,Galaxy Watch6,,,,617,"239,057",,49.60,41.50,,,,,,"51,316",38.90,244,3.18,15.70,0.90,earned,owned,True,,,,,,387.45,
2,SELV,PR,Galaxy Watch6,,,0,,,,64.50,59,,,,24,40.90,,,,,7.60,0.81,earned,brand,False,,,,,,,
2,SELV,B2B Roadshow,Galaxy Watch6,"22,697",,"6,258",54,"36,428",7.12,64.90,56.50,,,,,,,,,,7,0.91,paid,brand,True,275.72,,,115.89,5.82,674.59,
2,SEMAG,Paid Social,Galaxy Z Fold8,"483,197","5,780","23,716",595,"222,255",1.33,39.40,46.20,,,,,,,,,,17,0.70,paid,response,True,49.08,4.10,0.01,39.86,9.37,373.54,
2,SEMAG,Influencer,Galaxy Z Fold8,,,"5,528",19,"7,724",4.10,36.60,41.50,Influencer_22,"662,721",,,,,,,,9,0.94,paid,response,True,,,,290.95,1.40,406.53,
2,SEMAG,TV,Galaxy Z Fold8,,,"40,764",,,,65.40,44.30,,,379,,,,,,,13.30,0.90,paid,brand,False,,,,,,,107.56
2,SEMAG,Search,Galaxy Z Fold8,"328,764","4,115","17,008",627,"298,809",1.25,53.50,34.50,,,,,,,,,,7.10,0.81,paid,response,True,51.73,4.13,0.01,27.13,17.57,476.57,
2,SEMAG,Website,Galaxy Z Fold8,,,,477,"122,373",,46,30,,,,,,"51,181",38.60,152,2.51,15.60,0.87,earned,owned,True,,,,,,256.55,
2,SEMAG,PR,Galaxy Z Fold8,,,0,,,,62.60,60.70,,,,68,21.10,,,,,5.30,0.85,earned,brand,False,,,,,,,
2,SEMAG,B2B Roadshow,Galaxy Z Fold8,"16,833",,"4,123",74,"21,015",6.21,68.50,51.40,,,,,,,,,,8.90,0.92,paid,brand,True,244.94,,,55.72,5.10,283.99,
2,SEMAG,Paid Social,Galaxy Z Flip8,"622,671","6,899","20,166",622,"116,838",1.09,58.60,53.20,,,,,,,,,,8,0.73,paid,response,True,32.39,2.92,0.01,32.42,5.79,187.84,
2,SEMAG,Influencer,Galaxy Z Flip8,,,"6,245",60,"17,661",5.06,36.80,30.30,Influencer_22,"818,213",,,,,,,,8.20,0.86,paid,response,True,,,,104.08,2.83,294.35,
2,SEMAG,TV,Galaxy Z Flip8,,,"73,654",,,,64.20,57.50,,,816,,,,,,,17.10,0.89,paid,brand,False,,,,,,,90.26
2,SEMAG,Search,Galaxy Z Flip8,"685,518","14,230","17,777","1,875","755,356",2.08,61.50,39.60,,,,,,,,,,6.70,0.92,paid,response,True,25.93,1.25,0.02,9.48,42.49,402.86,
2,SEMAG,Website,Galaxy Z Flip8,,,,"1,119","255,340",,61.80,51.70,,,,,,"86,455",35,168,3.29,16.30,0.77,earned,owned,True,,,,,,228.19,
2,SEMAG,PR,Galaxy Z Flip8,,,0,,,,66.70,46.70,,,,97,31.60,,,,,8.60,0.96,earned,brand,False,,,,,,,
2,SEMAG,Paid Social,Galaxy S24,"343,145","2,785","9,060",114,"23,248",1.45,66.50,39.30,,,,,,,,,,10.40,0.88,paid,response,True,26.40,3.25,0.01,79.47,2.57,203.93,
2,SEMAG,Influencer,Galaxy S24,,,"2,342",36,"13,006",4.96,37.20,24.50,Influencer_12,"644,150",,,,,,,,8.20,0.93,paid,response,True,,,,65.06,5.55,361.28,
2,SEMAG,TV,Galaxy S24,,,"25,616",,,,57.20,52.70,,,429,,,,,,,18,0.85,paid,brand,False,,,,,,,59.71
2,SEMAG,Search,Galaxy S24,"406,213","5,143","15,512",786,"396,097",1.27,44.20,34.40,,,,,,,,,,10.10,0.85,paid,response,True,38.19,3.02,0.01,19.74,25.53,503.94,
2,SEMAG,Website,Galaxy S24,,,,404,"155,711",,40.80,27.30,,,,,,"36,472",39.80,180,2.52,12,0.81,earned,owned,True,,,,,,385.42,
2,SEMAG,PR,Galaxy S24,,,0,,,,71,46.60,,,,54,42.50,,,,,5.50,0.92,earned,brand,False,,,,,,,
2,SEMAG,B2B Roadshow,Galaxy S24,"11,988",,"3,967",87,"11,425",4.68,63.60,60.50,,,,,,,,,,6.80,0.98,paid,brand,True,330.91,,,45.60,2.88,131.32,
2,SEMAG,Paid Social,Galaxy Tab S10,"105,698",902,"3,431",72,"11,797",1.40,43,32.10,,,,,,,,,,16.30,0.92,paid,response,True,32.46,3.80,0.01,47.65,3.44,163.85,
2,SEMAG,Influencer,Galaxy Tab S10,,,"1,156",28,"5,969",2.90,58.50,29.30,Influencer_11,"957,888",,,,,,,,12.10,0.83,paid,response,True,,,,41.29,5.16,213.18,
2,SEMAG,PR,Galaxy Tab S10,,,0,,,,77,43.30,,,,4,24.40,,,,,11.60,0.91,earned,brand,False,,,,,,,
2,SEMAG,Paid Social,Galaxy Buds3,"107,581","1,176","2,874",70,"26,527",1.02,62.80,44.50,,,,,,,,,,8.40,0.87,paid,response,True,26.71,2.44,0.01,41.06,9.23,378.96,
2,SEMAG,Paid Social,Galaxy Watch6,"336,353","3,113","18,423",368,"142,975",0.85,52,35.90,,,,,,,,,,17.10,0.78,paid,response,True,54.77,5.92,0.01,50.06,7.76,388.52,
2,SEMAG,Influencer,Galaxy Watch6,,,"2,959",13,"5,659",2.53,54.80,29.30,Influencer_11,"678,933",,,,,,,,11.10,0.94,paid,response,True,,,,227.62,1.91,435.31,
2,SEMAG,TV,Galaxy Watch6,,,"27,288",,,,71.50,57,,,493,,,,,,,11.70,0.72,paid,brand,False,,,,,,,55.35
2,SEMAG,Search,Galaxy Watch6,"328,297","4,018","17,686",460,"230,861",1.22,64.70,56,,,,,,,,,,6.20,0.89,paid,response,True,53.87,4.40,0.01,38.45,13.05,501.87,
2,SEMAG,Website,Galaxy Watch6,,,,520,"172,875",,61.70,30.60,,,,,,"57,570",29.80,275,3.94,9.80,0.76,earned,owned,True,,,,,,332.45,
2,SEMAG,PR,Galaxy Watch6,,,0,,,,66,59.90,,,,30,45.90,,,,,7.80,0.96,earned,brand,False,,,,,,,
2,SEMAG,B2B Roadshow,Galaxy Watch6,"8,148",,"7,757",33,"31,315",3.67,71.40,51.50,,,,,,,,,,9,0.89,paid,brand,True,952.01,,,235.06,4.04,948.94,
2,SEEG,Paid Social,Galaxy Z Fold8,"511,675","4,941","18,496",533,"203,345",1.08,63,37.20,,,,,,,,,,12.40,0.76,paid,response,True,36.15,3.74,0.01,34.70,10.99,381.51,
2,SEEG,Influencer,Galaxy Z Fold8,,,"7,009",10,"2,316",5.23,46.10,31.40,Influencer_14,"342,723",,,,,,,,8.60,0.82,paid,response,True,,,,700.90,0.33,231.60,
2,SEEG,TV,Galaxy Z Fold8,,,"39,245",,,,56.70,44.60,,,567,,,,,,,10.20,0.75,paid,brand,False,,,,,,,69.22
2,SEEG,Search,Galaxy Z Fold8,"593,721","8,930","10,188",906,"459,316",1.50,46.50,50,,,,,,,,,,14.90,0.84,paid,response,True,17.16,1.14,0.02,11.25,45.08,506.97,
2,SEEG,Website,Galaxy Z Fold8,,,,750,"198,781",,58.80,40.90,,,,,,"50,774",44.80,157,3.93,12.50,0.77,earned,owned,True,,,,,,265.04,
2,SEEG,PR,Galaxy Z Fold8,,,0,,,,56.50,42.70,,,,28,43.10,,,,,11.90,0.96,earned,brand,False,,,,,,,
2,SEEG,B2B Roadshow,Galaxy Z Fold8,"12,853",,"4,623",129,"38,026",4.86,67.60,62.90,,,,,,,,,,9.10,0.86,paid,brand,True,359.68,,,35.84,8.23,294.78,
2,SEEG,Paid Social,Galaxy Z Flip8,"1,041,876","8,881","15,876",495,"154,190",1.37,40.80,52.80,,,,,,,,,,16.70,0.73,paid,response,True,15.24,1.79,0.01,32.07,9.71,311.49,
2,SEEG,Influencer,Galaxy Z Flip8,,,"8,662",7,"2,921",3.09,47.50,33.50,Influencer_15,"253,097",,,,,,,,11.70,0.82,paid,response,True,,,,"1,237.43",0.34,417.29,
2,SEEG,TV,Galaxy Z Flip8,,,"47,547",,,,56,60.10,,,607,,,,,,,9.20,0.84,paid,brand,False,,,,,,,78.33
2,SEEG,Search,Galaxy Z Flip8,"482,469","8,912","29,639","1,080","448,423",1.85,44.30,39.20,,,,,,,,,,7.40,0.81,paid,response,True,61.43,3.33,0.02,27.44,15.13,415.21,
2,SEEG,Website,Galaxy Z Flip8,,,,"1,403","629,276",,56.90,36,,,,,,"133,782",35.90,154,3.98,12.40,0.84,earned,owned,True,,,,,,448.52,
2,SEEG,PR,Galaxy Z Flip8,,,0,,,,62.70,46.90,,,,103,34.10,,,,,7.30,0.84,earned,brand,False,,,,,,,
2,SEEG,Paid Social,Galaxy S24,"654,505","8,950","14,312",399,"158,755",1.17,61,57.40,,,,,,,,,,18.70,0.73,paid,response,True,21.87,1.60,0.01,35.87,11.09,397.88,
2,SEEG,Influencer,Galaxy S24,,,"6,538",20,"8,422",3.43,55.50,50.40,Influencer_13,"452,867",,,,,,,,13.20,0.95,paid,response,True,,,,326.90,1.29,421.10,
2,SEEG,TV,Galaxy S24,,,"37,431",,,,72.40,62.80,,,391,,,,,,,10.90,0.77,paid,brand,False,,,,,,,95.73
2,SEEG,Search,Galaxy S24,"315,038","6,320","14,685","1,083","279,914",2.01,60.30,55.90,,,,,,,,,,11.30,0.87,paid,response,True,46.61,2.32,0.02,13.56,19.06,258.46,
2,SEEG,Website,Galaxy S24,,,,824,"331,742",,38.30,28.40,,,,,,"50,403",44.40,229,2.76,13,0.75,earned,owned,True,,,,,,402.60,
2,SEEG,PR,Galaxy S24,,,0,,,,75.90,47.40,,,,54,19,,,,,5.60,0.91,earned,brand,False,,,,,,,
2,SEEG,B2B Roadshow,Galaxy S24,"13,906",,"3,487",28,"17,334",5.93,73.30,65.50,,,,,,,,,,10.90,0.96,paid,brand,True,250.76,,,124.54,4.97,619.07,
2,SEEG,Paid Social,Galaxy Tab S10,"72,633",771,"3,369",66,"15,453",1.03,67.30,49.40,,,,,,,,,,12.20,0.86,paid,response,True,46.38,4.37,0.01,51.05,4.59,234.14,
2,SEEG,Influencer,Galaxy Tab S10,,,"1,186",46,"18,771",3.61,60.50,45.60,Influencer_15,"880,714",,,,,,,,9.60,0.87,paid,response,True,,,,25.78,15.83,408.07,
2,SEEG,PR,Galaxy Tab S10,,,0,,,,71.30,49.80,,,,5,30.40,,,,,6,0.80,earned,brand,False,,,,,,,
2,SEEG,Paid Social,Galaxy Buds3,"117,187","1,715","3,352",185,"63,400",1.20,43.50,36.90,,,,,,,,,,16.70,0.85,paid,response,True,28.60,1.95,0.01,18.12,18.91,342.70,
2,SEEG,Paid Social,Galaxy Watch6,"563,866","6,743","19,074",345,"116,035",0.97,67.50,32.40,,,,,,,,,,17.60,0.72,paid,response,True,33.83,2.83,0.01,55.29,6.08,336.33,
2,SEEG,Influencer,Galaxy Watch6,,,"3,881",40,"11,182",4.74,40.10,24,Influencer_13,"902,571",,,,,,,,10,0.77,paid,response,True,,,,97.03,2.88,279.55,
2,SEEG,TV,Galaxy Watch6,,,"20,305",,,,58.60,56.30,,,286,,,,,,,20.40,0.90,paid,brand,False,,,,,,,71.00
2,SEEG,Search,Galaxy Watch6,"376,998","7,848","14,517","1,056","296,132",2.08,54.80,53.80,,,,,,,,,,12.10,0.89,paid,response,True,38.51,1.85,0.02,13.75,20.40,280.43,
2,SEEG,Website,Galaxy Watch6,,,,602,"240,678",,61.20,28.90,,,,,,"48,139",25.70,155,2.98,8.70,0.82,earned,owned,True,,,,,,399.80,
2,SEEG,PR,Galaxy Watch6,,,0,,,,75.50,44.70,,,,18,35.40,,,,,9.70,0.90,earned,brand,False,,,,,,,
2,SEEG,B2B Roadshow,Galaxy Watch6,"17,427",,"3,253",63,"39,714",3.82,72.80,53.10,,,,,,,,,,5.70,0.85,paid,brand,True,186.66,,,51.63,12.21,630.38,
2,SEIL,Paid Social,Galaxy Z Fold8,"629,586","6,840","31,663",668,"222,105",0.99,46.40,34.50,,,,,,,,,,7.60,0.84,paid,response,True,50.29,4.63,0.01,47.40,7.01,332.49,
2,SEIL,Influencer,Galaxy Z Fold8,,,"3,181",9,"2,595",2.69,52.50,40,Influencer_17,"361,050",,,,,,,,9.40,0.76,paid,response,True,,,,353.44,0.82,288.33,
2,SEIL,TV,Galaxy Z Fold8,,,"43,253",,,,56.30,40,,,762,,,,,,,18.90,0.78,paid,brand,False,,,,,,,56.76
2,SEIL,Search,Galaxy Z Fold8,"533,805","8,919","19,616",794,"328,110",1.67,47.40,54.30,,,,,,,,,,9.50,0.85,paid,response,True,36.75,2.20,0.02,24.71,16.73,413.24,
2,SEIL,Website,Galaxy Z Fold8,,,,"1,100","292,435",,54.80,29.40,,,,,,"88,735",41.70,165,2.73,13.70,0.90,earned,owned,True,,,,,,265.85,
2,SEIL,PR,Galaxy Z Fold8,,,0,,,,67.70,56.20,,,,75,48.10,,,,,12,0.93,earned,brand,False,,,,,,,
2,SEIL,B2B Roadshow,Galaxy Z Fold8,"24,901",,"7,386",132,"49,473",5.86,59.70,56,,,,,,,,,,7.80,0.96,paid,brand,True,296.61,,,55.95,6.70,374.80,
2,SEIL,Paid Social,Galaxy Z Flip8,"680,145","7,831","37,975",814,"259,978",1.23,41.60,50.10,,,,,,,,,,9.10,0.95,paid,response,True,55.83,4.85,0.01,46.65,6.85,319.38,
2,SEIL,Influencer,Galaxy Z Flip8,,,"8,489",6,"2,429",2.94,38.70,46.70,Influencer_18,"402,087",,,,,,,,8.90,0.87,paid,response,True,,,,"1,414.83",0.29,404.83,
2,SEIL,TV,Galaxy Z Flip8,,,"66,877",,,,67.20,58.20,,,"1,136",,,,,,,9.80,0.83,paid,brand,False,,,,,,,58.87
2,SEIL,Search,Galaxy Z Flip8,"773,632","11,806","25,003","1,558","818,181",1.53,43.10,49.70,,,,,,,,,,11.50,0.91,paid,response,True,32.32,2.12,0.02,16.05,32.72,525.15,
2,SEIL,Website,Galaxy Z Flip8,,,,"1,032","244,635",,51.50,29.50,,,,,,"84,981",36.80,175,3.89,9.90,0.85,earned,owned,True,,,,,,237.05,
2,SEIL,PR,Galaxy Z Flip8,,,0,,,,59.60,58.80,,,,84,45.30,,,,,9.50,0.88,earned,brand,False,,,,,,,
2,SEIL,Paid Social,Galaxy S24,"464,847","4,614","13,160",412,"131,923",1.08,49.90,53.80,,,,,,,,,,15.30,0.71,paid,response,True,28.31,2.85,0.01,31.94,10.02,320.20,
2,SEIL,Influencer,Galaxy S24,,,"2,491",22,"9,638",5.64,41.90,47.30,Influencer_17,"481,631",,,,,,,,16,0.89,paid,response,True,,,,113.23,3.87,438.09,
2,SEIL,TV,Galaxy S24,,,"35,388",,,,56.50,56.60,,,368,,,,,,,18.10,0.78,paid,brand,False,,,,,,,96.16
2,SEIL,Search,Galaxy S24,"537,153","8,684","10,177",857,"268,598",1.62,63.40,50.70,,,,,,,,,,13,0.92,paid,response,True,18.95,1.17,0.02,11.88,26.39,313.42,
2,SEIL,Website,Galaxy S24,,,,594,"142,407",,56.90,40.10,,,,,,"45,175",31.20,279,3.11,12.70,0.78,earned,owned,True,,,,,,239.74,
2,SEIL,PR,Galaxy S24,,,0,,,,59.20,53.80,,,,34,44.10,,,,,12.70,0.91,earned,brand,False,,,,,,,
2,SEIL,B2B Roadshow,Galaxy S24,"14,943",,"6,017",113,"36,557",5.53,67.70,52.50,,,,,,,,,,5.20,0.88,paid,brand,True,402.66,,,53.25,6.08,323.51,
2,SEIL,Paid Social,Galaxy Tab S10,"127,803","1,421","4,339",123,"29,205",0.91,64.80,49.90,,,,,,,,,,15.30,0.77,paid,response,True,33.95,3.05,0.01,35.28,6.73,237.44,
2,SEIL,Influencer,Galaxy Tab S10,,,"1,210",9,"2,378",3.07,39.20,28.80,Influencer_17,"252,062",,,,,,,,9.50,0.88,paid,response,True,,,,134.44,1.97,264.22,
2,SEIL,PR,Galaxy Tab S10,,,0,,,,72.50,61.60,,,,13,19.60,,,,,4.50,0.95,earned,brand,False,,,,,,,
2,SEIL,Paid Social,Galaxy Buds3,"132,206","1,217","1,933",70,"21,146",1.46,59.40,48.70,,,,,,,,,,10.30,0.92,paid,response,True,14.62,1.59,0.01,27.61,10.94,302.09,
2,SEIL,Paid Social,Galaxy Watch6,"745,349","7,782","15,951",447,"100,814",1.16,56.70,44.90,,,,,,,,,,7.10,0.95,paid,response,True,21.40,2.05,0.01,35.68,6.32,225.53,
2,SEIL,Influencer,Galaxy Watch6,,,"6,290",29,"11,754",4.77,47.10,32.10,Influencer_17,"788,730",,,,,,,,10.20,0.82,paid,response,True,,,,216.90,1.87,405.31,
2,SEIL,TV,Galaxy Watch6,,,"37,913",,,,65.40,61.80,,,418,,,,,,,16.60,0.76,paid,brand,False,,,,,,,90.70
2,SEIL,Search,Galaxy Watch6,"449,827","8,841","9,339","1,419","696,316",1.97,57.80,48.70,,,,,,,,,,12.30,0.90,paid,response,True,20.76,1.06,0.02,6.58,74.56,490.71,
2,SEIL,Website,Galaxy Watch6,,,,"1,630","431,716",,52,51.90,,,,,,"90,712",33.40,249,3.61,15.20,0.81,earned,owned,True,,,,,,264.86,
2,SEIL,PR,Galaxy Watch6,,,0,,,,69,54.30,,,,37,39.60,,,,,12.90,0.86,earned,brand,False,,,,,,,
2,SEIL,B2B Roadshow,Galaxy Watch6,"15,620",,"4,392",114,"46,538",7.38,58.60,52,,,,,,,,,,5.90,0.86,paid,brand,True,281.18,,,38.53,10.60,408.23,
2,SEPAK,Paid Social,Galaxy Z Fold8,"739,043","8,804","14,398","1,019","382,020",1.26,44.70,34.10,,,,,,,,,,17.50,0.81,paid,response,True,19.48,1.64,0.01,14.13,26.53,374.90,
2,SEPAK,Influencer,Galaxy Z Fold8,,,"4,326",19,"4,471",3.41,34.20,41,Influencer_19,"589,737",,,,,,,,13.20,0.87,paid,response,True,,,,227.68,1.03,235.32,
2,SEPAK,TV,Galaxy Z Fold8,,,"48,756",,,,53.90,41,,,683,,,,,,,17,0.83,paid,brand,False,,,,,,,71.39
2,SEPAK,Search,Galaxy Z Fold8,"413,268","5,182","11,952",485,"150,393",1.25,53,46.40,,,,,,,,,,14.40,0.85,paid,response,True,28.92,2.31,0.01,24.64,12.58,310.09,
2,SEPAK,Website,Galaxy Z Fold8,,,,"1,216","298,028",,41.80,42.90,,,,,,"73,174",26.60,235,3.45,7,0.80,earned,owned,True,,,,,,245.09,
2,SEPAK,PR,Galaxy Z Fold8,,,0,,,,57,62,,,,32,36.30,,,,,11.40,0.82,earned,brand,False,,,,,,,
2,SEPAK,B2B Roadshow,Galaxy Z Fold8,"19,368",,"6,517",72,"35,292",7.83,62.70,50.80,,,,,,,,,,6.40,0.88,paid,brand,True,336.48,,,90.51,5.42,490.17,
2,SEPAK,Paid Social,Galaxy Z Flip8,"507,380","7,227","29,400",399,"127,355",1.24,45.50,48.20,,,,,,,,,,11.10,0.73,paid,response,True,57.94,4.07,0.01,73.68,4.33,319.19,
2,SEPAK,Influencer,Galaxy Z Flip8,,,"4,368",18,"3,846",4.56,61.10,35.70,Influencer_19,"727,786",,,,,,,,12.60,0.85,paid,response,True,,,,242.67,0.88,213.67,
2,SEPAK,TV,Galaxy Z Flip8,,,"58,420",,,,66.20,41.30,,,854,,,,,,,20.80,0.82,paid,brand,False,,,,,,,68.41
2,SEPAK,Search,Galaxy Z Flip8,"693,276","9,625","23,218",788,"250,029",1.39,67.40,37.50,,,,,,,,,,6.40,0.86,paid,response,True,33.49,2.41,0.01,29.46,10.77,317.30,
2,SEPAK,Website,Galaxy Z Flip8,,,,771,"279,591",,53,41.80,,,,,,"66,142",25.70,215,3.66,7.50,0.77,earned,owned,True,,,,,,362.63,
2,SEPAK,PR,Galaxy Z Flip8,,,0,,,,55.90,53.50,,,,22,20.40,,,,,5.50,0.84,earned,brand,False,,,,,,,
2,SEPAK,Paid Social,Galaxy S24,"520,788","4,724","7,382",302,"95,255",1.26,46.10,45.60,,,,,,,,,,8.60,0.91,paid,response,True,14.17,1.56,0.01,24.44,12.90,315.41,
2,SEPAK,Influencer,Galaxy S24,,,"2,378",28,"12,191",5.02,47.50,40.30,Influencer_23,"736,435",,,,,,,,15.20,0.92,paid,response,True,,,,84.93,5.13,435.39,
2,SEPAK,TV,Galaxy S24,,,"25,929",,,,66.60,45.40,,,349,,,,,,,9.30,0.82,paid,brand,False,,,,,,,74.30
2,SEPAK,Search,Galaxy S24,"245,334","4,632","15,450",523,"131,179",1.89,59.60,54.90,,,,,,,,,,13.70,0.89,paid,response,True,62.98,3.34,0.02,29.54,8.49,250.82,
2,SEPAK,Website,Galaxy S24,,,,730,"288,263",,53.50,38.40,,,,,,"41,728",26.50,175,3.86,16.80,0.80,earned,owned,True,,,,,,394.88,
2,SEPAK,PR,Galaxy S24,,,0,,,,57.40,43.40,,,,15,22,,,,,7,0.93,earned,brand,False,,,,,,,
2,SEPAK,B2B Roadshow,Galaxy S24,"12,147",,"6,489",80,"14,156",3.47,70.20,50.90,,,,,,,,,,11,0.93,paid,brand,True,534.21,,,81.11,2.18,176.95,
2,SEPAK,Paid Social,Galaxy Tab S10,"70,727",728,"3,161",84,"18,234",1.31,49.20,37.70,,,,,,,,,,8.40,0.80,paid,response,True,44.69,4.34,0.01,37.63,5.77,217.07,
2,SEPAK,Influencer,Galaxy Tab S10,,,"1,038",35,"15,398",5.42,52.10,45.90,Influencer_19,"485,037",,,,,,,,8.50,0.89,paid,response,True,,,,29.66,14.83,439.94,
2,SEPAK,PR,Galaxy Tab S10,,,0,,,,74.10,45,,,,3,48.40,,,,,12.60,0.88,earned,brand,False,,,,,,,
2,SEPAK,Paid Social,Galaxy Buds3,"95,794","1,221","2,152",108,"37,237",1.23,63.90,53.80,,,,,,,,,,15.70,0.92,paid,response,True,22.46,1.76,0.01,19.93,17.30,344.79,
2,SEPAK,Paid Social,Galaxy Watch6,"451,963","6,527","9,420",724,"188,364",0.84,57.60,27.80,,,,,,,,,,17.40,0.83,paid,response,True,20.84,1.44,0.01,13.01,20.00,260.17,
2,SEPAK,Influencer,Galaxy Watch6,,,"2,900",59,"23,656",5.03,42.70,37.70,Influencer_20,"804,660",,,,,,,,14.40,0.77,paid,response,True,,,,49.15,8.16,400.95,
2,SEPAK,TV,Galaxy Watch6,,,"27,774",,,,57.60,54.90,,,387,,,,,,,13.40,0.89,paid,brand,False,,,,,,,71.77
2,SEPAK,Search,Galaxy Watch6,"355,639","7,440","7,072",603,"319,777",2.09,55.40,43.90,,,,,,,,,,10.70,0.81,paid,response,True,19.89,0.95,0.02,11.73,45.22,530.31,
2,SEPAK,Website,Galaxy Watch6,,,,769,"217,414",,53.50,37.10,,,,,,"68,664",30.60,279,2.83,9.30,0.83,earned,owned,True,,,,,,282.72,
2,SEPAK,PR,Galaxy Watch6,,,0,,,,74.40,53.60,,,,55,32.40,,,,,5.50,0.88,earned,brand,False,,,,,,,
2,SEPAK,B2B Roadshow,Galaxy Watch6,"6,349",,"3,840",54,"25,813",3.18,66,66.50,,,,,,,,,,10.50,0.97,paid,brand,True,604.82,,,71.11,6.72,478.02,
3,SGE,Paid Social,Galaxy Z Fold8,"719,542","7,290","24,715",619,"194,148",1.12,49.70,53.40,,,,,,,,,,16.30,0.91,paid,response,True,34.35,3.39,0.01,39.93,7.86,313.65,
3,SGE,Influencer,Galaxy Z Fold8,,,"6,825",39,"15,488",5.19,55.40,26.40,Influencer_2,"787,360",,,,,,,,14.70,0.79,paid,response,True,,,,175,2.27,397.13,
3,SGE,TV,Galaxy Z Fold8,,,"45,169",,,,71.70,63.60,,,500,,,,,,,11.70,0.82,paid,brand,False,,,,,,,90.34
3,SGE,Search,Galaxy Z Fold8,"576,236","7,527","13,263",972,"482,648",1.31,62.80,43.50,,,,,,,,,,8.10,0.81,paid,response,True,23.02,1.76,0.01,13.65,36.39,496.55,
3,SGE,Website,Galaxy Z Fold8,,,,982,"292,856",,41.30,38.40,,,,,,"56,774",34.10,198,3.58,15.80,0.90,earned,owned,True,,,,,,298.22,
3,SGE,PR,Galaxy Z Fold8,,,0,,,,76.80,55,,,,81,24.70,,,,,8.90,0.88,earned,brand,False,,,,,,,
3,SGE,Retail,Galaxy Z Fold8,"41,995",,"2,017",167,"26,190",4.21,58.70,56.70,,,,,,,,,,13.40,0.92,paid,response,True,48.03,,,12.08,12.98,156.83,
3,SGE,Paid Social,Galaxy Z Flip8,"1,123,775","10,384","35,601",559,"197,780",0.87,59.20,46.80,,,,,,,,,,10.40,0.92,paid,response,True,31.68,3.43,0.01,63.69,5.56,353.81,
3,SGE,Influencer,Galaxy Z Flip8,,,"10,630",35,"11,177",5.71,44.20,31.80,Influencer_2,"838,576",,,,,,,,15.10,0.78,paid,response,True,,,,303.71,1.05,319.34,
3,SGE,TV,Galaxy Z Flip8,,,"79,908",,,,73.20,52.30,,,871,,,,,,,18.30,0.83,paid,brand,False,,,,,,,91.74
3,SGE,Search,Galaxy Z Flip8,"534,264","10,214","19,688","1,022","446,869",1.91,51.50,41.90,,,,,,,,,,11.90,0.94,paid,response,True,36.85,1.93,0.02,19.26,22.70,437.25,
3,SGE,Website,Galaxy Z Flip8,,,,"1,099","410,562",,52.70,42.60,,,,,,"84,301",31.40,179,3.64,15.90,0.88,earned,owned,True,,,,,,373.58,
3,SGE,PR,Galaxy Z Flip8,,,0,,,,75.70,63.80,,,,101,29.60,,,,,8.30,0.80,earned,brand,False,,,,,,,
3,SGE,Retail,Galaxy Z Flip8,"29,352",,"2,217",264,"36,130",2.80,65,48.20,,,,,,,,,,8.30,0.84,paid,response,True,75.53,,,8.40,16.30,136.86,
3,SGE,Paid Social,Galaxy S24,"810,815","6,838","18,690",385,"109,837",1.05,53.10,47.10,,,,,,,,,,14.60,0.84,paid,response,True,23.05,2.73,0.01,48.55,5.88,285.29,
3,SGE,Influencer,Galaxy S24,,,"5,333",34,"14,799",4.76,57.90,31.60,Influencer_1,"978,476",,,,,,,,13.70,0.94,paid,response,True,,,,156.85,2.77,435.26,
3,SGE,TV,Galaxy S24,,,"47,780",,,,74.90,63.90,,,527,,,,,,,12,0.83,paid,brand,False,,,,,,,90.66
3,SGE,Search,Galaxy S24,"264,611","5,143","14,364",730,"353,522",1.94,66,54,,,,,,,,,,14,0.89,paid,response,True,54.28,2.79,0.02,19.68,24.61,484.28,
3,SGE,Website,Galaxy S24,,,,"1,317","443,373",,43,45.10,,,,,,"84,697",37.10,199,2.94,8.40,0.78,earned,owned,True,,,,,,336.65,
3,SGE,PR,Galaxy S24,,,0,,,,55.50,50.60,,,,72,18.60,,,,,6,0.83,earned,brand,False,,,,,,,
3,SGE,Retail,Galaxy S24,"28,214",,"2,023",124,"73,417",4.84,53.10,48.10,,,,,,,,,,8.60,0.81,paid,response,True,71.70,,,16.31,36.29,592.07,
3,SGE,Paid Social,Galaxy Tab S10,"1,421,451","17,594","31,435","1,394","408,677",1.05,63,38.10,,,,,,,,,,9.10,0.75,paid,response,True,22.11,1.79,0.01,22.55,13.00,293.17,
3,SGE,Influencer,Galaxy Tab S10,,,"10,706",23,"5,234",3.06,40.50,29.40,Influencer_1,"729,678",,,,,,,,10.40,0.82,paid,response,True,,,,465.48,0.49,227.57,
3,SGE,TV,Galaxy Tab S10,,,"63,704",,,,69.80,52.80,,,"1,273",,,,,,,20.20,0.88,paid,brand,False,,,,,,,50.04
3,SGE,Search,Galaxy Tab S10,"920,603","11,128","30,670","1,386","722,589",1.21,59.50,48.80,,,,,,,,,,14.40,0.89,paid,response,True,33.32,2.76,0.01,22.13,23.56,521.35,
3,SGE,Website,Galaxy Tab S10,,,,"1,563","623,717",,45.70,50.80,,,,,,"132,342",27.30,215,3.31,14.70,0.82,earned,owned,True,,,,,,399.05,
3,SGE,PR,Galaxy Tab S10,,,0,,,,55.60,66.10,,,,120,34.40,,,,,5.30,0.88,earned,brand,False,,,,,,,
3,SGE,Retail,Galaxy Tab S10,"32,039",,"2,685",281,"134,964",2.03,51.30,58.40,,,,,,,,,,12.20,0.93,paid,response,True,83.80,,,9.56,50.27,480.30,
3,SGE,Paid Social,Galaxy Buds3,"124,615","1,725","3,231",143,"46,573",1.48,62.80,48,,,,,,,,,,17.80,0.89,paid,response,True,25.93,1.87,0.01,22.59,14.41,325.69,
3,SGE,Influencer,Galaxy Buds3,,,986,4,887,4.11,39.20,30.60,Influencer_1,"224,906",,,,,,,,7.80,0.91,paid,response,True,,,,246.50,0.90,221.75,
3,SGE,PR,Galaxy Buds3,,,0,,,,65.80,53.70,,,,8,33.20,,,,,6.40,0.86,earned,brand,False,,,,,,,
3,SGE,Paid Social,Galaxy Watch6,"484,747","5,692","12,137",571,"169,245",1.29,41.70,56.40,,,,,,,,,,7.80,0.90,paid,response,True,25.04,2.13,0.01,21.26,13.94,296.40,
3,SGE,Influencer,Galaxy Watch6,,,"7,993",33,"10,375",2.80,58.60,23.90,Influencer_2,"836,030",,,,,,,,8.70,0.79,paid,response,True,,,,242.21,1.30,314.39,
3,SGE,TV,Galaxy Watch6,,,"47,975",,,,70.90,53.10,,,695,,,,,,,19.70,0.75,paid,brand,False,,,,,,,69.03
3,SGE,Search,Galaxy Watch6,"565,018","11,791","19,169","2,072","524,930",2.09,66.10,36.80,,,,,,,,,,6.20,0.87,paid,response,True,33.93,1.63,0.02,9.25,27.38,253.34,
3,SGE,Website,Galaxy Watch6,,,,"1,172","511,864",,61.20,49.30,,,,,,"87,674",31.10,238,2.82,7.90,0.78,earned,owned,True,,,,,,436.74,
3,SGE,PR,Galaxy Watch6,,,0,,,,59.40,48.10,,,,84,40,,,,,10.80,0.94,earned,brand,False,,,,,,,
3,SGE,Retail,Galaxy Watch6,"39,871",,"4,640",172,"28,967",3.16,51.30,47,,,,,,,,,,11.80,0.87,paid,response,True,116.38,,,26.98,6.24,168.41,
3,SESAR,Paid Social,Galaxy Z Fold8,"505,095","5,303","14,763",254,"77,439",1.43,49,42.10,,,,,,,,,,13.90,0.78,paid,response,True,29.23,2.78,0.01,58.12,5.25,304.88,
3,SESAR,Influencer,Galaxy Z Fold8,,,"4,488",21,"10,239",4.48,39,32.40,Influencer_4,"359,797",,,,,,,,15,0.89,paid,response,True,,,,213.71,2.28,487.57,
3,SESAR,TV,Galaxy Z Fold8,,,"43,935",,,,72,42.90,,,405,,,,,,,17,0.90,paid,brand,False,,,,,,,108.48
3,SESAR,Search,Galaxy Z Fold8,"406,998","6,696","15,006",861,"243,361",1.65,60.30,35.30,,,,,,,,,,8.30,0.91,paid,response,True,36.87,2.24,0.02,17.43,16.22,282.65,
3,SESAR,Website,Galaxy Z Fold8,,,,604,"254,636",,59.80,43.80,,,,,,"56,809",26.50,169,3.84,14.60,0.85,earned,owned,True,,,,,,421.58,
3,SESAR,PR,Galaxy Z Fold8,,,0,,,,55.40,50.10,,,,70,27.40,,,,,11.60,0.89,earned,brand,False,,,,,,,
3,SESAR,Retail,Galaxy Z Fold8,"19,305",,"3,498",120,"39,951",5.57,61.80,62.10,,,,,,,,,,7.10,0.88,paid,response,True,181.20,,,29.15,11.42,332.93,
3,SESAR,Paid Social,Galaxy Z Flip8,"547,476","5,900","28,454",240,"50,332",1.47,69,49.10,,,,,,,,,,15.60,0.74,paid,response,True,51.97,4.82,0.01,118.56,1.77,209.72,
3,SESAR,Influencer,Galaxy Z Flip8,,,"7,634",20,"9,806",4.48,56,37.50,Influencer_21,"387,847",,,,,,,,10.70,0.79,paid,response,True,,,,381.70,1.28,490.30,
3,SESAR,TV,Galaxy Z Flip8,,,"61,958",,,,52.60,48.70,,,518,,,,,,,8.70,0.76,paid,brand,False,,,,,,,119.61
3,SESAR,Search,Galaxy Z Flip8,"489,398","7,772","24,896","1,306","342,134",1.59,60.40,35.90,,,,,,,,,,14.50,0.88,paid,response,True,50.87,3.20,0.02,19.06,13.74,261.97,
3,SESAR,Website,Galaxy Z Flip8,,,,"1,403","372,958",,48.10,42.70,,,,,,"85,846",35.90,194,3.06,15.50,0.76,earned,owned,True,,,,,,265.83,
3,SESAR,PR,Galaxy Z Flip8,,,0,,,,77.20,56.50,,,,52,32.30,,,,,6.80,0.94,earned,brand,False,,,,,,,
3,SESAR,Retail,Galaxy Z Flip8,"47,906",,"5,246",182,"24,864",4.01,52.80,48.30,,,,,,,,,,6.60,0.90,paid,response,True,109.51,,,28.82,4.74,136.62,
3,SESAR,Paid Social,Galaxy S24,"458,170","4,147","12,867",286,"94,187",0.88,46.40,52.90,,,,,,,,,,15.10,0.82,paid,response,True,28.08,3.10,0.01,44.99,7.32,329.33,
3,SESAR,Influencer,Galaxy S24,,,"3,240",26,"8,405",3.24,41.20,26.80,Influencer_5,"702,290",,,,,,,,13,0.78,paid,response,True,,,,124.62,2.59,323.27,
3,SESAR,TV,Galaxy S24,,,"47,697",,,,73.30,43.20,,,315,,,,,,,10.20,0.90,paid,brand,False,,,,,,,151.42
3,SESAR,Search,Galaxy S24,"428,151","9,240","7,957","1,550","726,008",2.16,64.70,57,,,,,,,,,,7.70,0.88,paid,response,True,18.58,0.86,0.02,5.13,91.24,468.39,
3,SESAR,Website,Galaxy S24,,,,"1,397","338,970",,59.10,32.50,,,,,,"83,841",41.60,186,3.69,13.10,0.80,earned,owned,True,,,,,,242.64,
3,SESAR,PR,Galaxy S24,,,0,,,,69.40,45.30,,,,46,42.70,,,,,7,0.82,earned,brand,False,,,,,,,
3,SESAR,Retail,Galaxy S24,"12,813",,"2,828",144,"67,579",4.74,66.50,57.10,,,,,,,,,,7.40,0.94,paid,response,True,220.71,,,19.64,23.90,469.30,
3,SESAR,Paid Social,Galaxy Tab S10,"1,018,092","8,422","36,765",676,"121,260",1.14,43.40,46.70,,,,,,,,,,16.40,0.92,paid,response,True,36.11,4.37,0.01,54.39,3.30,179.38,
3,SESAR,Influencer,Galaxy Tab S10,,,"8,057",30,"6,390",4.01,49.80,29.90,Influencer_4,"880,768",,,,,,,,15.10,0.91,paid,response,True,,,,268.57,0.79,213,
3,SESAR,TV,Galaxy Tab S10,,,"68,730",,,,65.70,58,,,722,,,,,,,17.30,0.86,paid,brand,False,,,,,,,95.19
3,SESAR,Search,Galaxy Tab S10,"439,037","7,136","22,925",911,"291,295",1.63,65.70,40.40,,,,,,,,,,13.70,0.85,paid,response,True,52.22,3.21,0.02,25.16,12.71,319.75,
3,SESAR,Website,Galaxy Tab S10,,,,752,"290,205",,48,33.10,,,,,,"93,467",25.10,180,3.28,14.50,0.82,earned,owned,True,,,,,,385.91,
3,SESAR,PR,Galaxy Tab S10,,,0,,,,70.80,49.90,,,,40,25.60,,,,,11.30,0.87,earned,brand,False,,,,,,,
3,SESAR,Retail,Galaxy Tab S10,"49,952",,"4,506",162,"95,117",5.02,58.30,60.70,,,,,,,,,,9.90,0.86,paid,response,True,90.21,,,27.81,21.11,587.14,
3,SESAR,Paid Social,Galaxy Buds3,"118,639","1,350","3,307",116,"39,851",1.08,43.60,54.50,,,,,,,,,,7.90,0.76,paid,response,True,27.87,2.45,0.01,28.51,12.05,343.54,
3,SESAR,Influencer,Galaxy Buds3,,,"1,074",9,"2,713",2.85,50.40,43.90,Influencer_4,"369,654",,,,,,,,14.20,0.78,paid,response,True,,,,119.33,2.53,301.44,
3,SESAR,PR,Galaxy Buds3,,,0,,,,56.80,47.20,,,,15,21.20,,,,,11.90,0.87,earned,brand,False,,,,,,,
3,SESAR,Paid Social,Galaxy Watch6,"400,197","3,938","18,112",182,"29,017",1.07,69,47,,,,,,,,,,12.80,0.88,paid,response,True,45.26,4.60,0.01,99.52,1.60,159.43,
3,SESAR,Influencer,Galaxy Watch6,,,"7,288",10,"3,483",5.81,34.20,48.50,Influencer_4,"260,254",,,,,,,,16.40,0.85,paid,response,True,,,,728.80,0.48,348.30,
3,SESAR,TV,Galaxy Watch6,,,"32,071",,,,70.60,52.30,,,312,,,,,,,16.60,0.84,paid,brand,False,,,,,,,102.79
3,SESAR,Search,Galaxy Watch6,"490,036","6,057","13,378",881,"478,113",1.24,46.40,40.20,,,,,,,,,,9.40,0.89,paid,response,True,27.30,2.21,0.01,15.19,35.74,542.69,
3,SESAR,Website,Galaxy Watch6,,,,"1,072","353,155",,52.30,46.20,,,,,,"77,356",39.70,167,3.88,12.10,0.85,earned,owned,True,,,,,,329.44,
3,SESAR,PR,Galaxy Watch6,,,0,,,,61.40,58.80,,,,48,43.90,,,,,5.40,0.95,earned,brand,False,,,,,,,
3,SESAR,Retail,Galaxy Watch6,"12,228",,"3,069",78,"58,021",4.02,61.20,55.10,,,,,,,,,,8.70,0.82,paid,response,True,250.98,,,39.35,18.91,743.86,
3,SETK,Paid Social,Galaxy Z Fold8,"547,990","8,053","21,108",845,"248,196",1.29,68.50,45.50,,,,,,,,,,15.70,0.89,paid,response,True,38.52,2.62,0.01,24.98,11.76,293.72,
3,SETK,Influencer,Galaxy Z Fold8,,,"5,561",51,"17,574",4.11,41.60,34.50,Influencer_6,"914,703",,,,,,,,15,0.79,paid,response,True,,,,109.04,3.16,344.59,
3,SETK,TV,Galaxy Z Fold8,,,"32,110",,,,58.90,63.40,,,575,,,,,,,14.40,0.72,paid,brand,False,,,,,,,55.84
3,SETK,Search,Galaxy Z Fold8,"312,124","4,520","9,295",541,"256,778",1.45,52.70,47.20,,,,,,,,,,7.40,0.83,paid,response,True,29.78,2.06,0.01,17.18,27.63,474.64,
3,SETK,Website,Galaxy Z Fold8,,,,949,"253,638",,43.60,46.40,,,,,,"56,035",43.90,198,3.25,15.20,0.79,earned,owned,True,,,,,,267.27,
3,SETK,PR,Galaxy Z Fold8,,,0,,,,75.40,52.50,,,,31,46,,,,,10.60,0.82,earned,brand,False,,,,,,,
3,SETK,Retail,Galaxy Z Fold8,"15,063",,"4,768",162,"63,108",4.46,65.30,55.80,,,,,,,,,,6.30,0.87,paid,response,True,316.54,,,29.43,13.24,389.56,
3,SETK,Paid Social,Galaxy Z Flip8,"784,137","8,004","29,282",876,"238,886",1.49,67,37,,,,,,,,,,9.20,0.84,paid,response,True,37.34,3.66,0.01,33.43,8.16,272.70,
3,SETK,Influencer,Galaxy Z Flip8,,,"6,572",57,"11,956",5.30,44.30,48.80,Influencer_7,"751,273",,,,,,,,14.90,0.84,paid,response,True,,,,115.30,1.82,209.75,
3,SETK,TV,Galaxy Z Flip8,,,"35,993",,,,64,47.40,,,718,,,,,,,8.30,0.85,paid,brand,False,,,,,,,50.13
3,SETK,Search,Galaxy Z Flip8,"473,981","8,441","19,628",980,"498,381",1.78,48.90,39.90,,,,,,,,,,8.20,0.93,paid,response,True,41.41,2.33,0.02,20.03,25.39,508.55,
3,SETK,Website,Galaxy Z Flip8,,,,"1,051","341,251",,48.60,39.30,,,,,,"90,221",29.20,245,3.05,12.20,0.93,earned,owned,True,,,,,,324.69,
3,SETK,PR,Galaxy Z Flip8,,,0,,,,72.50,63.70,,,,45,45.40,,,,,8.60,0.94,earned,brand,False,,,,,,,
3,SETK,Retail,Galaxy Z Flip8,"27,405",,"2,597",93,"81,694",5.22,53.50,55,,,,,,,,,,14,0.93,paid,response,True,94.76,,,27.92,31.46,878.43,
3,SETK,Paid Social,Galaxy S24,"549,380","6,448","15,920",663,"149,180",1.19,56.50,40.60,,,,,,,,,,14.80,0.72,paid,response,True,28.98,2.47,0.01,24.01,9.37,225.01,
3,SETK,Influencer,Galaxy S24,,,"2,698",36,"10,814",5.44,44.70,39.80,Influencer_6,"699,687",,,,,,,,16.40,0.80,paid,response,True,,,,74.94,4.01,300.39,
3,SETK,TV,Galaxy S24,,,"22,299",,,,54,61.20,,,434,,,,,,,19.80,0.76,paid,brand,False,,,,,,,51.38
3,SETK,Search,Galaxy S24,"428,877","7,933","19,694",773,"374,203",1.85,53.10,50.10,,,,,,,,,,10.20,0.90,paid,response,True,45.92,2.48,0.02,25.48,19.00,484.09,
3,SETK,Website,Galaxy S24,,,,507,"137,716",,54.60,51.20,,,,,,"42,946",37.60,187,3.80,10.70,0.86,earned,owned,True,,,,,,271.63,
3,SETK,PR,Galaxy S24,,,0,,,,56.30,47.60,,,,49,40.50,,,,,5.70,0.85,earned,brand,False,,,,,,,
3,SETK,Retail,Galaxy S24,"25,004",,"4,909",91,"54,030",3.08,58.90,62.30,,,,,,,,,,8.90,0.89,paid,response,True,196.33,,,53.95,11.01,593.74,
3,SETK,Paid Social,Galaxy Tab S10,"874,095","9,525","21,403","1,031","186,879",0.96,47,50.90,,,,,,,,,,15.50,0.75,paid,response,True,24.49,2.25,0.01,20.76,8.73,181.26,
3,SETK,Influencer,Galaxy Tab S10,,,"8,165",9,"1,871",2.83,45.80,45.90,Influencer_6,"308,013",,,,,,,,7.90,0.80,paid,response,True,,,,907.22,0.23,207.89,
3,SETK,TV,Galaxy Tab S10,,,"47,709",,,,67.40,61.60,,,524,,,,,,,11.90,0.77,paid,brand,False,,,,,,,91.05
3,SETK,Search,Galaxy Tab S10,"533,173","8,760","16,793",815,"408,767",1.64,44.90,49.90,,,,,,,,,,13.50,0.83,paid,response,True,31.50,1.92,0.02,20.60,24.34,501.55,
3,SETK,Website,Galaxy Tab S10,,,,"1,691","706,372",,62.30,41.50,,,,,,"133,486",43.70,263,2.70,12.40,0.83,earned,owned,True,,,,,,417.72,
3,SETK,PR,Galaxy Tab S10,,,0,,,,65.40,59.60,,,,118,47.30,,,,,8.40,0.95,earned,brand,False,,,,,,,
3,SETK,Retail,Galaxy Tab S10,"56,482",,"4,210",140,"42,438",3.77,57.30,50.20,,,,,,,,,,8.40,0.80,paid,response,True,74.54,,,30.07,10.08,303.13,
3,SETK,Paid Social,Galaxy Buds3,"132,167","1,758","2,346",118,"31,541",0.81,67.20,57,,,,,,,,,,12.20,0.70,paid,response,True,17.75,1.33,0.01,19.88,13.44,267.30,
3,SETK,Influencer,Galaxy Buds3,,,"1,357",11,"3,433",4.59,46.30,39.80,Influencer_6,"507,151",,,,,,,,11,0.78,paid,response,True,,,,123.36,2.53,312.09,
3,SETK,PR,Galaxy Buds3,,,0,,,,60,45.60,,,,9,45.90,,,,,9.20,0.88,earned,brand,False,,,,,,,
3,SETK,Paid Social,Galaxy Watch6,"655,078","9,413","14,896",590,"198,081",1.37,51.90,54.20,,,,,,,,,,8.70,0.77,paid,response,True,22.74,1.58,0.01,25.25,13.30,335.73,
3,SETK,Influencer,Galaxy Watch6,,,"3,724",37,"12,861",4.66,43.50,27.60,Influencer_24,"677,461",,,,,,,,16.80,0.75,paid,response,True,,,,100.65,3.45,347.59,
3,SETK,TV,Galaxy Watch6,,,"26,150",,,,57.70,57.40,,,387,,,,,,,16.90,0.77,paid,brand,False,,,,,,,67.57
3,SETK,Search,Galaxy Watch6,"270,037","3,280","12,195",374,"128,458",1.21,64.20,58.20,,,,,,,,,,10,0.91,paid,response,True,45.16,3.72,0.01,32.61,10.53,343.47,
3,SETK,Website,Galaxy Watch6,,,,585,"226,770",,40.40,39.80,,,,,,"66,466",27.90,218,3.66,8.40,0.90,earned,owned,True,,,,,,387.64,
3,SETK,PR,Galaxy Watch6,,,0,,,,57.50,62.80,,,,48,39.80,,,,,5.80,0.92,earned,brand,False,,,,,,,
3,SETK,Retail,Galaxy Watch6,"32,082",,"3,012",48,"35,700",3.84,65.40,55.40,,,,,,,,,,13.90,0.87,paid,response,True,93.88,,,62.75,11.85,743.75,
3,SELV,Paid Social,Galaxy Z Fold8,"707,249","10,416","18,633",548,"181,968",1.32,56,32.30,,,,,,,,,,12.30,0.77,paid,response,True,26.35,1.79,0.01,34.00,9.77,332.06,
3,SELV,Influencer,Galaxy Z Fold8,,,"3,946",20,"5,415",5.52,46.90,23.50,Influencer_10,"254,617",,,,,,,,15,0.87,paid,response,True,,,,197.30,1.37,270.75,
3,SELV,TV,Galaxy Z Fold8,,,"46,148",,,,57.10,63.70,,,663,,,,,,,15.20,0.86,paid,brand,False,,,,,,,69.60
3,SELV,Search,Galaxy Z Fold8,"545,260","9,794","18,288","1,538","499,260",1.80,56.70,50.40,,,,,,,,,,8.80,0.94,paid,response,True,33.54,1.87,0.02,11.89,27.30,324.62,
3,SELV,Website,Galaxy Z Fold8,,,,410,"148,068",,44.40,52.50,,,,,,"47,742",39,177,2.69,14.40,0.89,earned,owned,True,,,,,,361.14,
3,SELV,PR,Galaxy Z Fold8,,,0,,,,55,53,,,,62,43,,,,,10.10,0.84,earned,brand,False,,,,,,,
3,SELV,Retail,Galaxy Z Fold8,"15,333",,"3,987",198,"67,108",4.24,60.90,54.80,,,,,,,,,,10.50,0.88,paid,response,True,260.03,,,20.14,16.83,338.93,
3,SELV,Paid Social,Galaxy Z Flip8,"736,670","9,670","23,122","1,058","317,050",1.40,44.30,44.50,,,,,,,,,,11.90,0.90,paid,response,True,31.39,2.39,0.01,21.85,13.71,299.67,
3,SELV,Influencer,Galaxy Z Flip8,,,"10,291",27,"8,470",4.09,39.50,23.60,Influencer_8,"584,945",,,,,,,,15.70,0.91,paid,response,True,,,,381.15,0.82,313.70,
3,SELV,TV,Galaxy Z Flip8,,,"50,212",,,,69,56,,,620,,,,,,,14.70,0.80,paid,brand,False,,,,,,,80.99
3,SELV,Search,Galaxy Z Flip8,"632,238","11,906","16,555","1,682","583,283",1.88,60.20,36.10,,,,,,,,,,10.50,0.79,paid,response,True,26.18,1.39,0.02,9.84,35.23,346.78,
3,SELV,Website,Galaxy Z Flip8,,,,721,"149,837",,52.90,48.90,,,,,,"73,708",27.10,199,2.65,13.10,0.84,earned,owned,True,,,,,,207.82,
3,SELV,PR,Galaxy Z Flip8,,,0,,,,63.70,58.70,,,,103,28.70,,,,,4.20,0.95,earned,brand,False,,,,,,,
3,SELV,Retail,Galaxy Z Flip8,"32,645",,"4,685",202,"37,928",3.87,62.80,52.20,,,,,,,,,,11.90,0.93,paid,response,True,143.51,,,23.19,8.10,187.76,
3,SELV,Paid Social,Galaxy S24,"768,056","8,128","11,475",860,"186,150",0.83,41.60,37.70,,,,,,,,,,17.80,0.94,paid,response,True,14.94,1.41,0.01,13.34,16.22,216.45,
3,SELV,Influencer,Galaxy S24,,,"6,067",13,"3,353",5.04,53.60,40.10,Influencer_9,"306,142",,,,,,,,16.60,0.86,paid,response,True,,,,466.69,0.55,257.92,
3,SELV,TV,Galaxy S24,,,"54,926",,,,69.70,58.70,,,504,,,,,,,15.10,0.85,paid,brand,False,,,,,,,108.98
3,SELV,Search,Galaxy S24,"551,378","10,284","11,063",994,"302,294",1.87,54.20,41.70,,,,,,,,,,7.20,0.94,paid,response,True,20.06,1.08,0.02,11.13,27.32,304.12,
3,SELV,Website,Galaxy S24,,,,"1,545","657,584",,48.90,43.80,,,,,,"89,154",36,233,3.77,14.80,0.81,earned,owned,True,,,,,,425.62,
3,SELV,PR,Galaxy S24,,,0,,,,59.80,62.70,,,,41,31.90,,,,,11.90,0.84,earned,brand,False,,,,,,,
3,SELV,Retail,Galaxy S24,"37,659",,"3,832",132,"19,819",4.91,69.70,56.90,,,,,,,,,,10.10,0.95,paid,response,True,101.76,,,29.03,5.17,150.14,
3,SELV,Paid Social,Galaxy Tab S10,"905,093","7,282","26,496",416,"95,150",1.34,67.80,53.30,,,,,,,,,,17.50,0.83,paid,response,True,29.27,3.64,0.01,63.69,3.59,228.73,
3,SELV,Influencer,Galaxy Tab S10,,,"4,548",23,"5,677",3.04,41.80,49.70,Influencer_8,"799,378",,,,,,,,9.60,0.80,paid,response,True,,,,197.74,1.25,246.83,
3,SELV,TV,Galaxy Tab S10,,,"68,310",,,,65.30,53.70,,,613,,,,,,,10.80,0.74,paid,brand,False,,,,,,,111.44
3,SELV,Search,Galaxy Tab S10,"646,569","12,885","21,538","1,659","862,194",1.99,61.80,53.80,,,,,,,,,,6.70,0.88,paid,response,True,33.31,1.67,0.02,12.98,40.03,519.71,
3,SELV,Website,Galaxy Tab S10,,,,"1,155","397,401",,47,50,,,,,,"75,484",26.60,164,3.88,10.80,0.92,earned,owned,True,,,,,,344.07,
3,SELV,PR,Galaxy Tab S10,,,0,,,,60.20,59.90,,,,46,47.10,,,,,9,0.80,earned,brand,False,,,,,,,
3,SELV,Retail,Galaxy Tab S10,"56,465",,"2,221",189,"127,503",2.16,60.80,48,,,,,,,,,,10,0.83,paid,response,True,39.33,,,11.75,57.41,674.62,
3,SELV,Paid Social,Galaxy Buds3,"86,870","1,104","4,103",129,"43,629",1.20,42.20,41.60,,,,,,,,,,15.90,0.74,paid,response,True,47.23,3.72,0.01,31.81,10.63,338.21,
3,SELV,Influencer,Galaxy Buds3,,,"1,502",6,"1,918",4.17,36.50,38.10,Influencer_10,"286,554",,,,,,,,14.80,0.78,paid,response,True,,,,250.33,1.28,319.67,
3,SELV,PR,Galaxy Buds3,,,0,,,,59.50,53.50,,,,5,35.40,,,,,8.70,0.89,earned,brand,False,,,,,,,
3,SELV,Paid Social,Galaxy Watch6,"730,702","8,527","16,450",389,"133,891",1.03,67.20,31.30,,,,,,,,,,14.60,0.81,paid,response,True,22.51,1.93,0.01,42.29,8.14,344.19,
3,SELV,Influencer,Galaxy Watch6,,,"6,487",16,"6,894",3.62,39,33.50,Influencer_10,"399,742",,,,,,,,15.30,0.91,paid,response,True,,,,405.44,1.06,430.88,
3,SELV,TV,Galaxy Watch6,,,"32,633",,,,52.10,60,,,514,,,,,,,10.60,0.79,paid,brand,False,,,,,,,63.49
3,SELV,Search,Galaxy Watch6,"575,247","11,093","10,568","1,012","269,557",1.93,67.90,56.50,,,,,,,,,,13.60,0.91,paid,response,True,18.37,0.95,0.02,10.44,25.51,266.36,
3,SELV,Website,Galaxy Watch6,,,,488,"195,722",,43.80,41.50,,,,,,"42,735",31.10,270,2.53,8.50,0.84,earned,owned,True,,,,,,401.07,
3,SELV,PR,Galaxy Watch6,,,0,,,,70.10,68.40,,,,42,31.50,,,,,9.90,0.91,earned,brand,False,,,,,,,
3,SELV,Retail,Galaxy Watch6,"33,561",,"4,387",188,"76,764",2.17,53.40,50.70,,,,,,,,,,12.30,0.89,paid,response,True,130.72,,,23.34,17.50,408.32,
3,SEMAG,Paid Social,Galaxy Z Fold8,"336,491","3,787","7,823",171,"53,880",1.26,66.90,39.40,,,,,,,,,,7.80,0.77,paid,response,True,23.25,2.07,0.01,45.75,6.89,315.09,
3,SEMAG,Influencer,Galaxy Z Fold8,,,"3,900",20,"8,258",3.31,61,37.50,Influencer_11,"605,298",,,,,,,,13.10,0.77,paid,response,True,,,,195,2.12,412.90,
3,SEMAG,TV,Galaxy Z Fold8,,,"27,432",,,,75.20,53.50,,,418,,,,,,,16.70,0.73,paid,brand,False,,,,,,,65.63
3,SEMAG,Search,Galaxy Z Fold8,"368,198","5,541","16,609",661,"196,384",1.50,52.90,42.10,,,,,,,,,,11.40,0.82,paid,response,True,45.11,3.00,0.02,25.13,11.82,297.10,
3,SEMAG,Website,Galaxy Z Fold8,,,,793,"170,893",,59,28.70,,,,,,"73,758",30.20,249,3.84,12,0.80,earned,owned,True,,,,,,215.50,
3,SEMAG,PR,Galaxy Z Fold8,,,0,,,,64.30,47,,,,24,31.30,,,,,10.20,0.88,earned,brand,False,,,,,,,
3,SEMAG,Retail,Galaxy Z Fold8,"19,701",,"3,709",76,"63,169",2.61,69.40,63.20,,,,,,,,,,8.60,0.88,paid,response,True,188.26,,,48.80,17.03,831.17,
3,SEMAG,Paid Social,Galaxy Z Flip8,"517,140","6,499","26,382",541,"189,364",1.40,48.80,49.80,,,,,,,,,,12.80,0.73,paid,response,True,51.02,4.06,0.01,48.77,7.18,350.03,
3,SEMAG,Influencer,Galaxy Z Flip8,,,"3,649",41,"15,055",5.77,62.40,26.60,Influencer_22,"888,108",,,,,,,,10.30,0.93,paid,response,True,,,,89,4.13,367.20,
3,SEMAG,TV,Galaxy Z Flip8,,,"27,142",,,,59,63.80,,,671,,,,,,,19.70,0.78,paid,brand,False,,,,,,,40.45
3,SEMAG,Search,Galaxy Z Flip8,"587,276","12,531","16,124","1,192","365,205",2.13,47.50,34,,,,,,,,,,14.70,0.88,paid,response,True,27.46,1.29,0.02,13.53,22.65,306.38,
3,SEMAG,Website,Galaxy Z Flip8,,,,952,"245,357",,50.50,40.60,,,,,,"68,226",25.50,170,3.53,12.50,0.88,earned,owned,True,,,,,,257.73,
3,SEMAG,PR,Galaxy Z Flip8,,,0,,,,64.20,55.40,,,,56,26.50,,,,,5.10,0.84,earned,brand,False,,,,,,,
3,SEMAG,Retail,Galaxy Z Flip8,"36,359",,"5,131",52,"50,464",5.80,54.50,58.40,,,,,,,,,,7.60,0.83,paid,response,True,141.12,,,98.67,9.84,970.46,
3,SEMAG,Paid Social,Galaxy S24,"377,934","5,476","16,826",598,"162,946",1.03,53.20,36,,,,,,,,,,11.40,0.71,paid,response,True,44.52,3.07,0.01,28.14,9.68,272.48,
3,SEMAG,Influencer,Galaxy S24,,,"3,970",33,"13,950",5.02,51.70,38.80,Influencer_11,"598,851",,,,,,,,15.90,0.91,paid,response,True,,,,120.30,3.51,422.73,
3,SEMAG,TV,Galaxy S24,,,"40,876",,,,62.30,60.20,,,289,,,,,,,8.70,0.92,paid,brand,False,,,,,,,141.44
3,SEMAG,Search,Galaxy S24,"364,616","6,336","7,194",860,"348,160",1.74,60,34.50,,,,,,,,,,8.40,0.84,paid,response,True,19.73,1.14,0.02,8.37,48.40,404.84,
3,SEMAG,Website,Galaxy S24,,,,902,"244,873",,40,40.90,,,,,,"57,322",28.30,225,3.42,7.90,0.90,earned,owned,True,,,,,,271.48,
3,SEMAG,PR,Galaxy S24,,,0,,,,67,48.10,,,,48,17.70,,,,,8.90,0.94,earned,brand,False,,,,,,,
3,SEMAG,Retail,Galaxy S24,"15,852",,"3,610",104,"42,327",3.80,53.60,56.80,,,,,,,,,,11.70,0.83,paid,response,True,227.73,,,34.71,11.72,406.99,
3,SEMAG,Paid Social,Galaxy Tab S10,"784,533","6,771","24,031",645,"243,029",1.36,61.10,32.30,,,,,,,,,,7.90,0.81,paid,response,True,30.63,3.55,0.01,37.26,10.11,376.79,
3,SEMAG,Influencer,Galaxy Tab S10,,,"6,530",15,"7,388",4.33,52.30,27.80,Influencer_12,"289,450",,,,,,,,12.60,0.76,paid,response,True,,,,435.33,1.13,492.53,
3,SEMAG,TV,Galaxy Tab S10,,,"43,772",,,,59.40,61.30,,,920,,,,,,,18.60,0.75,paid,brand,False,,,,,,,47.58
3,SEMAG,Search,Galaxy Tab S10,"399,302","5,505","12,410",671,"230,056",1.38,63.40,44.50,,,,,,,,,,11.40,0.80,paid,response,True,31.08,2.25,0.01,18.49,18.54,342.86,
3,SEMAG,Website,Galaxy Tab S10,,,,"1,257","252,510",,60,41.60,,,,,,"71,446",40.30,153,3.19,6.60,0.91,earned,owned,True,,,,,,200.88,
3,SEMAG,PR,Galaxy Tab S10,,,0,,,,71,54.90,,,,53,27.50,,,,,7.60,0.90,earned,brand,False,,,,,,,
3,SEMAG,Retail,Galaxy Tab S10,"17,456",,"3,002",212,"64,230",4.48,61.20,61.50,,,,,,,,,,6.40,0.82,paid,response,True,171.98,,,14.16,21.40,302.97,
3,SEMAG,Paid Social,Galaxy Buds3,"107,419","1,121","2,137",121,"38,326",1.39,48.50,56.20,,,,,,,,,,7.10,0.80,paid,response,True,19.89,1.91,0.01,17.66,17.93,316.74,
3,SEMAG,Influencer,Galaxy Buds3,,,"1,020",20,"8,199",4.85,51.10,39.90,Influencer_22,"369,172",,,,,,,,16.80,0.90,paid,response,True,,,,51,8.04,409.95,
3,SEMAG,PR,Galaxy Buds3,,,0,,,,56.80,51.10,,,,8,48.90,,,,,6.90,0.86,earned,brand,False,,,,,,,
3,SEMAG,Paid Social,Galaxy Watch6,"341,365","4,543","19,147",205,"54,879",0.89,65.30,38.50,,,,,,,,,,11.50,0.75,paid,response,True,56.09,4.21,0.01,93.40,2.87,267.70,
3,SEMAG,Influencer,Galaxy Watch6,,,"4,896",27,"10,494",2.70,63.50,37.50,Influencer_22,"841,784",,,,,,,,14,0.94,paid,response,True,,,,181.33,2.14,388.67,
3,SEMAG,TV,Galaxy Watch6,,,"31,122",,,,66.20,47.40,,,393,,,,,,,14.50,0.92,paid,brand,False,,,,,,,79.19
3,SEMAG,Search,Galaxy Watch6,"309,519","6,583","16,743",868,"381,535",2.13,56.50,37.80,,,,,,,,,,11.30,0.89,paid,response,True,54.09,2.54,0.02,19.29,22.79,439.56,
3,SEMAG,Website,Galaxy Watch6,,,,385,"79,308",,43.80,43.40,,,,,,"48,047",37.50,180,3.61,10.60,0.76,earned,owned,True,,,,,,205.99,
3,SEMAG,PR,Galaxy Watch6,,,0,,,,70.40,43.90,,,,40,31.80,,,,,5.40,0.85,earned,brand,False,,,,,,,
3,SEMAG,Retail,Galaxy Watch6,"13,033",,"3,260",86,"57,637",4.20,65.30,47.30,,,,,,,,,,8.70,0.86,paid,response,True,250.13,,,37.91,17.68,670.20,
3,SEEG,Paid Social,Galaxy Z Fold8,"538,837","6,634","8,743",706,"140,143",1.38,67.20,43,,,,,,,,,,12.20,0.71,paid,response,True,16.23,1.32,0.01,12.38,16.03,198.50,
3,SEEG,Influencer,Galaxy Z Fold8,,,"4,571",29,"10,471",3.04,44,46.50,Influencer_14,"704,884",,,,,,,,11.20,0.90,paid,response,True,,,,157.62,2.29,361.07,
3,SEEG,TV,Galaxy Z Fold8,,,"43,299",,,,65.10,56.50,,,372,,,,,,,14.90,0.72,paid,brand,False,,,,,,,116.40
3,SEEG,Search,Galaxy Z Fold8,"406,837","7,670","14,570",664,"195,741",1.89,65.20,41.80,,,,,,,,,,9.20,0.87,paid,response,True,35.81,1.90,0.02,21.94,13.43,294.79,
3,SEEG,Website,Galaxy Z Fold8,,,,663,"197,170",,46.50,28.80,,,,,,"48,432",36.90,228,3.56,10.60,0.84,earned,owned,True,,,,,,297.39,
3,SEEG,PR,Galaxy Z Fold8,,,0,,,,75.20,51.20,,,,33,32.10,,,,,8.30,0.83,earned,brand,False,,,,,,,
3,SEEG,Retail,Galaxy Z Fold8,"27,353",,"5,215",45,"34,079",5.65,58.90,45.50,,,,,,,,,,9.90,0.88,paid,response,True,190.66,,,115.89,6.53,757.31,
3,SEEG,Paid Social,Galaxy Z Flip8,"539,751","5,603","25,057",552,"155,060",1.34,43.80,54.80,,,,,,,,,,16.40,0.93,paid,response,True,46.42,4.47,0.01,45.39,6.19,280.91,
3,SEEG,Influencer,Galaxy Z Flip8,,,"2,968",10,"4,141",3.22,49.60,23.10,Influencer_13,"339,164",,,,,,,,16.40,0.89,paid,response,True,,,,296.80,1.40,414.10,
3,SEEG,TV,Galaxy Z Flip8,,,"62,051",,,,53.20,51.20,,,761,,,,,,,8.80,0.82,paid,brand,False,,,,,,,81.54
3,SEEG,Search,Galaxy Z Flip8,"580,946","11,302","9,662","1,556","534,708",1.95,66.50,41.30,,,,,,,,,,7.50,0.82,paid,response,True,16.63,0.85,0.02,6.21,55.34,343.64,
3,SEEG,Website,Galaxy Z Flip8,,,,"1,299","477,747",,39,43.60,,,,,,"82,647",30.50,190,2.91,11.60,0.79,earned,owned,True,,,,,,367.78,
3,SEEG,PR,Galaxy Z Flip8,,,0,,,,61.30,67.20,,,,57,37.50,,,,,10.80,0.89,earned,brand,False,,,,,,,
3,SEEG,Retail,Galaxy Z Flip8,"24,501",,"2,291",124,"61,558",4.16,51,45.60,,,,,,,,,,13.20,0.81,paid,response,True,93.51,,,18.48,26.87,496.44,
3,SEEG,Paid Social,Galaxy S24,"473,253","3,964","17,532",282,"91,979",1.42,58.40,49.30,,,,,,,,,,11.90,0.79,paid,response,True,37.05,4.42,0.01,62.17,5.25,326.17,
3,SEEG,Influencer,Galaxy S24,,,"5,733",26,"5,812",5,61.60,45.90,Influencer_15,"407,772",,,,,,,,12.80,0.77,paid,response,True,,,,220.50,1.01,223.54,
3,SEEG,TV,Galaxy S24,,,"40,964",,,,62.40,56.60,,,302,,,,,,,16.70,0.81,paid,brand,False,,,,,,,135.64
3,SEEG,Search,Galaxy S24,"284,494","6,109","9,927","1,014","441,173",2.15,67,43.10,,,,,,,,,,12.10,0.89,paid,response,True,34.89,1.62,0.02,9.79,44.44,435.08,
3,SEEG,Website,Galaxy S24,,,,783,"162,524",,59.70,35.10,,,,,,"62,482",34.50,239,3.22,10,0.85,earned,owned,True,,,,,,207.57,
3,SEEG,PR,Galaxy S24,,,0,,,,74.90,63.50,,,,56,18.10,,,,,6.50,0.90,earned,brand,False,,,,,,,
3,SEEG,Retail,Galaxy S24,"24,163",,"4,182",120,"51,660",4.36,54.80,49.90,,,,,,,,,,7.30,0.87,paid,response,True,173.07,,,34.85,12.35,430.50,
3,SEEG,Paid Social,Galaxy Tab S10,"601,463","6,246","35,284",465,"183,698",1.20,49.80,49.40,,,,,,,,,,8.60,0.87,paid,response,True,58.66,5.65,0.01,75.88,5.21,395.05,
3,SEEG,Influencer,Galaxy Tab S10,,,"7,859",26,"9,849",4.51,43.70,25.90,Influencer_13,"946,490",,,,,,,,11.60,0.81,paid,response,True,,,,302.27,1.25,378.81,
3,SEEG,TV,Galaxy Tab S10,,,"63,668",,,,66,56.60,,,488,,,,,,,15.40,0.88,paid,brand,False,,,,,,,130.47
3,SEEG,Search,Galaxy Tab S10,"530,613","8,990","13,515",800,"396,088",1.69,66.40,55.90,,,,,,,,,,11.50,0.78,paid,response,True,25.47,1.50,0.02,16.89,29.31,495.11,
3,SEEG,Website,Galaxy Tab S10,,,,"1,137","356,157",,55.60,35.90,,,,,,"77,883",30.80,264,2.79,12.20,0.91,earned,owned,True,,,,,,313.24,
3,SEEG,PR,Galaxy Tab S10,,,0,,,,77.90,61.50,,,,65,48.60,,,,,11.80,0.96,earned,brand,False,,,,,,,
3,SEEG,Retail,Galaxy Tab S10,"18,598",,"4,504",213,"86,600",5.39,67.10,46.20,,,,,,,,,,13.20,0.95,paid,response,True,242.18,,,21.15,19.23,406.57,
3,SEEG,Paid Social,Galaxy Buds3,"67,559",873,"3,208",42,"9,263",0.82,52.50,46.30,,,,,,,,,,14,0.88,paid,response,True,47.48,3.67,0.01,76.38,2.89,220.55,
3,SEEG,Influencer,Galaxy Buds3,,,638,28,"9,588",4.02,39.50,34.50,Influencer_15,"600,099",,,,,,,,16.30,0.92,paid,response,True,,,,22.79,15.03,342.43,
3,SEEG,PR,Galaxy Buds3,,,0,,,,76.30,46.70,,,,5,29.70,,,,,3.70,0.90,earned,brand,False,,,,,,,
3,SEEG,Paid Social,Galaxy Watch6,"388,458","5,069","18,864",469,"184,665",0.90,43.60,52.80,,,,,,,,,,16.80,0.92,paid,response,True,48.56,3.72,0.01,40.22,9.79,393.74,
3,SEEG,Influencer,Galaxy Watch6,,,"5,470",32,"11,290",5.76,50.50,36.50,Influencer_13,"833,790",,,,,,,,10.70,0.79,paid,response,True,,,,170.94,2.06,352.81,
3,SEEG,TV,Galaxy Watch6,,,"46,993",,,,65.40,60.70,,,271,,,,,,,11,0.82,paid,brand,False,,,,,,,173.41
3,SEEG,Search,Galaxy Watch6,"347,892","7,398","14,866",616,"160,997",2.13,56.30,42.50,,,,,,,,,,11,0.93,paid,response,True,42.73,2.01,0.02,24.13,10.83,261.36,
3,SEEG,Website,Galaxy Watch6,,,,384,"147,004",,40.60,50.20,,,,,,"40,833",44.70,221,3.20,7.40,0.84,earned,owned,True,,,,,,382.82,
3,SEEG,PR,Galaxy Watch6,,,0,,,,68,58.10,,,,18,35.50,,,,,9.10,0.94,earned,brand,False,,,,,,,
3,SEEG,Retail,Galaxy Watch6,"11,276",,"3,920",118,"61,555",5.62,61.50,51.60,,,,,,,,,,8.80,0.95,paid,response,True,347.64,,,33.22,15.70,521.65,
3,SEIL,Paid Social,Galaxy Z Fold8,"515,390","5,166","10,360",493,"147,608",1.01,63.10,36.40,,,,,,,,,,14.10,0.84,paid,response,True,20.10,2.01,0.01,21.01,14.25,299.41,
3,SEIL,Influencer,Galaxy Z Fold8,,,"4,244",15,"5,809",4.80,42.50,25.50,Influencer_16,"254,127",,,,,,,,12.20,0.92,paid,response,True,,,,282.93,1.37,387.27,
3,SEIL,TV,Galaxy Z Fold8,,,"37,963",,,,54.30,46.50,,,415,,,,,,,18.50,0.72,paid,brand,False,,,,,,,91.48
3,SEIL,Search,Galaxy Z Fold8,"282,306","5,092","11,774",743,"268,171",1.80,48.60,52.90,,,,,,,,,,7.90,0.81,paid,response,True,41.71,2.31,0.02,15.85,22.78,360.93,
3,SEIL,Website,Galaxy Z Fold8,,,,"1,559","445,425",,59.10,48.90,,,,,,"93,810",26.70,187,3.39,14,0.82,earned,owned,True,,,,,,285.71,
3,SEIL,PR,Galaxy Z Fold8,,,0,,,,65.50,59.50,,,,53,28.10,,,,,5.50,0.92,earned,brand,False,,,,,,,
3,SEIL,Retail,Galaxy Z Fold8,"30,408",,"2,222",176,"46,190",5.02,52.30,48.40,,,,,,,,,,9.20,0.85,paid,response,True,73.07,,,12.62,20.79,262.44,
3,SEIL,Paid Social,Galaxy Z Flip8,"935,755","13,697","30,920",803,"257,664",1.07,47.40,44.50,,,,,,,,,,11.70,0.77,paid,response,True,33.04,2.26,0.01,38.51,8.33,320.88,
3,SEIL,Influencer,Galaxy Z Flip8,,,"7,709",34,"7,218",4.87,61.40,42.10,Influencer_17,"600,560",,,,,,,,16.70,0.84,paid,response,True,,,,226.74,0.94,212.29,
3,SEIL,TV,Galaxy Z Flip8,,,"50,257",,,,57.80,59.60,,,598,,,,,,,11.30,0.84,paid,brand,False,,,,,,,84.04
3,SEIL,Search,Galaxy Z Flip8,"568,839","11,224","18,818","1,722","734,634",1.97,49.10,41.70,,,,,,,,,,12,0.81,paid,response,True,33.08,1.68,0.02,10.93,39.04,426.62,
3,SEIL,Website,Galaxy Z Flip8,,,,794,"323,890",,55.70,36.80,,,,,,"53,955",25.20,175,3.29,13.80,0.80,earned,owned,True,,,,,,407.92,
3,SEIL,PR,Galaxy Z Flip8,,,0,,,,56.80,67.10,,,,25,21.70,,,,,9.50,0.93,earned,brand,False,,,,,,,
3,SEIL,Retail,Galaxy Z Flip8,"25,179",,"4,900",94,"37,088",5.43,52.60,58.10,,,,,,,,,,13.20,0.88,paid,response,True,194.61,,,52.13,7.57,394.55,
3,SEIL,Paid Social,Galaxy S24,"470,035","6,708","14,203",404,"107,762",1.46,58.70,56.30,,,,,,,,,,9.80,0.81,paid,response,True,30.22,2.12,0.01,35.16,7.59,266.74,
3,SEIL,Influencer,Galaxy S24,,,"7,397",10,"4,331",3.40,45.40,33,Influencer_16,"539,113",,,,,,,,7.70,0.94,paid,response,True,,,,739.70,0.59,433.10,
3,SEIL,TV,Galaxy S24,,,"37,283",,,,62,51.80,,,385,,,,,,,19.30,0.84,paid,brand,False,,,,,,,96.84
3,SEIL,Search,Galaxy S24,"309,923","5,719","10,672",539,"259,049",1.85,49.70,49.40,,,,,,,,,,14,0.89,paid,response,True,34.43,1.87,0.02,19.80,24.27,480.61,
3,SEIL,Website,Galaxy S24,,,,417,"90,740",,51,44.30,,,,,,"50,036",39.60,264,2.53,6.50,0.76,earned,owned,True,,,,,,217.60,
3,SEIL,PR,Galaxy S24,,,0,,,,72,66.20,,,,53,23,,,,,8.80,0.88,earned,brand,False,,,,,,,
3,SEIL,Retail,Galaxy S24,"37,922",,"3,958",133,"60,590",5.38,65.60,60.70,,,,,,,,,,10.30,0.80,paid,response,True,104.37,,,29.76,15.31,455.56,
3,SEIL,Paid Social,Galaxy Tab S10,"1,130,548","15,517","36,482",771,"218,829",1.49,49.50,37.70,,,,,,,,,,7.20,0.95,paid,response,True,32.27,2.35,0.01,47.32,6.00,283.82,
3,SEIL,Influencer,Galaxy Tab S10,,,"13,111",16,"3,586",3.78,47.70,46,Influencer_16,"295,071",,,,,,,,13.60,0.79,paid,response,True,,,,819.44,0.27,224.12,
3,SEIL,TV,Galaxy Tab S10,,,"42,756",,,,60.60,44.30,,,"1,173",,,,,,,16.60,0.90,paid,brand,False,,,,,,,36.45
3,SEIL,Search,Galaxy Tab S10,"827,694","15,633","34,046","1,383","608,295",1.89,62.60,36.80,,,,,,,,,,7.50,0.90,paid,response,True,41.13,2.18,0.02,24.62,17.87,439.84,
3,SEIL,Website,Galaxy Tab S10,,,,"1,374","296,437",,62.70,48.30,,,,,,"106,651",35.80,228,3.25,16.20,0.75,earned,owned,True,,,,,,215.75,
3,SEIL,PR,Galaxy Tab S10,,,0,,,,74.20,44.70,,,,81,22.70,,,,,4.70,0.93,earned,brand,False,,,,,,,
3,SEIL,Retail,Galaxy Tab S10,"60,424",,"5,850",304,"123,805",2.60,61.60,63.50,,,,,,,,,,6.30,0.82,paid,response,True,96.82,,,19.24,21.16,407.25,
3,SEIL,Paid Social,Galaxy Buds3,"132,740","1,079","2,126",64,"19,980",0.81,58.50,55.70,,,,,,,,,,16.30,0.72,paid,response,True,16.02,1.97,0.01,33.22,9.40,312.19,
3,SEIL,Influencer,Galaxy Buds3,,,554,27,"6,261",5.42,48.80,47,Influencer_16,"378,980",,,,,,,,9.30,0.91,paid,response,True,,,,20.52,11.30,231.89,
3,SEIL,PR,Galaxy Buds3,,,0,,,,75.40,62,,,,11,31.10,,,,,7.20,0.82,earned,brand,False,,,,,,,
3,SEIL,Paid Social,Galaxy Watch6,"676,193","8,135","12,993",534,"208,886",0.95,40.90,33.80,,,,,,,,,,7.30,0.77,paid,response,True,19.21,1.60,0.01,24.33,16.08,391.17,
3,SEIL,Influencer,Galaxy Watch6,,,"5,931",12,"3,277",4.94,51.40,27,Influencer_17,"376,214",,,,,,,,15,0.88,paid,response,True,,,,494.25,0.55,273.08,
3,SEIL,TV,Galaxy Watch6,,,"43,036",,,,54.90,61.50,,,628,,,,,,,9.20,0.72,paid,brand,False,,,,,,,68.53
3,SEIL,Search,Galaxy Watch6,"273,053","5,206","15,195",633,"311,577",1.91,63.50,50.60,,,,,,,,,,7.70,0.88,paid,response,True,55.65,2.92,0.02,24.00,20.51,492.22,
3,SEIL,Website,Galaxy Watch6,,,,"1,167","303,202",,56.50,43.30,,,,,,"93,367",28.50,159,3.39,7.40,0.90,earned,owned,True,,,,,,259.81,
3,SEIL,PR,Galaxy Watch6,,,0,,,,54.60,49.50,,,,45,25.40,,,,,4.70,0.88,earned,brand,False,,,,,,,
3,SEIL,Retail,Galaxy Watch6,"17,537",,"4,535",119,"74,609",4.03,59.30,57.50,,,,,,,,,,7.70,0.81,paid,response,True,258.60,,,38.11,16.45,626.97,
3,SEPAK,Paid Social,Galaxy Z Fold8,"335,445","4,554","16,526",363,"68,948",1.45,41.10,39.50,,,,,,,,,,9,0.76,paid,response,True,49.27,3.63,0.01,45.53,4.17,189.94,
3,SEPAK,Influencer,Galaxy Z Fold8,,,"2,312",50,"23,872",4.09,39.20,46.60,Influencer_20,"995,248",,,,,,,,12,0.77,paid,response,True,,,,46.24,10.33,477.44,
3,SEPAK,TV,Galaxy Z Fold8,,,"27,252",,,,62.10,54,,,460,,,,,,,13.20,0.87,paid,brand,False,,,,,,,59.24
3,SEPAK,Search,Galaxy Z Fold8,"282,451","4,039","8,164",454,"126,856",1.43,62.60,55,,,,,,,,,,9.20,0.82,paid,response,True,28.90,2.02,0.01,17.98,15.54,279.42,
3,SEPAK,Website,Galaxy Z Fold8,,,,928,"198,206",,50,37.70,,,,,,"67,039",33.70,205,3.89,7.90,0.88,earned,owned,True,,,,,,213.58,
3,SEPAK,PR,Galaxy Z Fold8,,,0,,,,61.20,52,,,,60,31.80,,,,,3.90,0.89,earned,brand,False,,,,,,,
3,SEPAK,Retail,Galaxy Z Fold8,"20,632",,"2,559",52,"51,010",3.83,53.40,51.90,,,,,,,,,,13.10,0.89,paid,response,True,124.03,,,49.21,19.93,980.96,
3,SEPAK,Paid Social,Galaxy Z Flip8,"731,158","9,915","14,054",855,"246,401",0.96,51.90,44.30,,,,,,,,,,16.80,0.75,paid,response,True,19.22,1.42,0.01,16.44,17.53,288.19,
3,SEPAK,Influencer,Galaxy Z Flip8,,,"7,184",22,"10,159",3.48,41.30,36,Influencer_19,"685,242",,,,,,,,9.30,0.94,paid,response,True,,,,326.55,1.41,461.77,
3,SEPAK,TV,Galaxy Z Flip8,,,"31,809",,,,65.30,39.60,,,692,,,,,,,20,0.73,paid,brand,False,,,,,,,45.97
3,SEPAK,Search,Galaxy Z Flip8,"437,404","8,457","21,217",704,"288,172",1.93,56.20,53.30,,,,,,,,,,13.20,0.85,paid,response,True,48.51,2.51,0.02,30.14,13.58,409.34,
3,SEPAK,Website,Galaxy Z Flip8,,,,575,"223,255",,41.90,35.40,,,,,,"65,219",38.90,254,3.92,13,0.77,earned,owned,True,,,,,,388.27,
3,SEPAK,PR,Galaxy Z Flip8,,,0,,,,58.50,55.10,,,,64,41.10,,,,,8.70,0.89,earned,brand,False,,,,,,,
3,SEPAK,Retail,Galaxy Z Flip8,"36,646",,"3,899",75,"61,704",2.74,67.40,57.50,,,,,,,,,,11.60,0.80,paid,response,True,106.40,,,51.99,15.83,822.72,
3,SEPAK,Paid Social,Galaxy S24,"497,332","4,224","13,744",348,"78,003",1.33,60.40,47,,,,,,,,,,13.40,0.75,paid,response,True,27.64,3.25,0.01,39.49,5.68,224.15,
3,SEPAK,Influencer,Galaxy S24,,,"3,450",16,"3,463",4.67,62.30,43.20,Influencer_20,"284,891",,,,,,,,16,0.77,paid,response,True,,,,215.62,1.00,216.44,
3,SEPAK,TV,Galaxy S24,,,"32,374",,,,66.50,48.60,,,382,,,,,,,10.30,0.83,paid,brand,False,,,,,,,84.75
3,SEPAK,Search,Galaxy S24,"201,078","3,540","10,024",332,"116,358",1.76,57.70,49.50,,,,,,,,,,12.40,0.90,paid,response,True,49.85,2.83,0.02,30.19,11.61,350.48,
3,SEPAK,Website,Galaxy S24,,,,722,"281,739",,49.20,29.40,,,,,,"46,498",31.40,218,3.26,10.20,0.83,earned,owned,True,,,,,,390.22,
3,SEPAK,PR,Galaxy S24,,,0,,,,57.60,61.30,,,,50,30.80,,,,,9.70,0.89,earned,brand,False,,,,,,,
3,SEPAK,Retail,Galaxy S24,"21,091",,"3,851",130,"43,351",5.20,68.90,61.20,,,,,,,,,,13.50,0.81,paid,response,True,182.59,,,29.62,11.26,333.47,
3,SEPAK,Paid Social,Galaxy Tab S10,"967,614","13,728","14,860",637,"238,547",1,68.20,31.90,,,,,,,,,,9.80,0.87,paid,response,True,15.36,1.08,0.01,23.33,16.05,374.49,
3,SEPAK,Influencer,Galaxy Tab S10,,,"7,264",28,"5,790",5.56,46.40,43.50,Influencer_19,"357,808",,,,,,,,16.40,0.84,paid,response,True,,,,259.43,0.80,206.79,
3,SEPAK,TV,Galaxy Tab S10,,,"57,532",,,,69.40,40,,,626,,,,,,,10.50,0.72,paid,brand,False,,,,,,,91.90
3,SEPAK,Search,Galaxy Tab S10,"421,806","8,583","27,026","1,239","462,775",2.03,52.80,49.50,,,,,,,,,,8.70,0.87,paid,response,True,64.07,3.15,0.02,21.81,17.12,373.51,
3,SEPAK,Website,Galaxy Tab S10,,,,"1,961","610,486",,46.30,47.70,,,,,,"119,488",31.10,183,3.85,8.80,0.82,earned,owned,True,,,,,,311.31,
3,SEPAK,PR,Galaxy Tab S10,,,0,,,,55.70,52.40,,,,56,44.10,,,,,7.70,0.83,earned,brand,False,,,,,,,
3,SEPAK,Retail,Galaxy Tab S10,"26,536",,"4,915",196,"61,386",2.73,53.50,59.20,,,,,,,,,,13.20,0.92,paid,response,True,185.22,,,25.08,12.49,313.19,
3,SEPAK,Paid Social,Galaxy Buds3,"70,145",677,"1,601",80,"23,490",1.11,50.60,34.80,,,,,,,,,,15,0.87,paid,response,True,22.82,2.36,0.01,20.01,14.67,293.62,
3,SEPAK,Influencer,Galaxy Buds3,,,890,19,"6,841",3.81,37.50,23.70,Influencer_19,"355,130",,,,,,,,16.40,0.90,paid,response,True,,,,46.84,7.69,360.05,
3,SEPAK,PR,Galaxy Buds3,,,0,,,,58.40,67.90,,,,9,48.80,,,,,8.50,0.88,earned,brand,False,,,,,,,
3,SEPAK,Paid Social,Galaxy Watch6,"503,605","6,515","16,516",727,"285,275",1.33,69.30,48.60,,,,,,,,,,16.10,0.88,paid,response,True,32.80,2.54,0.01,22.72,17.27,392.40,
3,SEPAK,Influencer,Galaxy Watch6,,,"5,395",26,"5,512",4.91,54.20,26.50,Influencer_19,"555,136",,,,,,,,7.30,0.87,paid,response,True,,,,207.50,1.02,212,
3,SEPAK,TV,Galaxy Watch6,,,"26,664",,,,59.90,47.70,,,376,,,,,,,15.50,0.76,paid,brand,False,,,,,,,70.91
3,SEPAK,Search,Galaxy Watch6,"345,601","4,914","11,463",489,"134,512",1.42,65.40,50.20,,,,,,,,,,14.40,0.94,paid,response,True,33.17,2.33,0.01,23.44,11.73,275.08,
3,SEPAK,Website,Galaxy Watch6,,,,606,"169,340",,47.60,31.70,,,,,,"61,017",37.10,164,3.86,15,0.82,earned,owned,True,,,,,,279.44,
3,SEPAK,PR,Galaxy Watch6,,,0,,,,63.10,51.30,,,,39,15.40,,,,,7.60,0.89,earned,brand,False,,,,,,,
3,SEPAK,Retail,Galaxy Watch6,"18,080",,"4,981",103,"47,084",5.21,55.80,61.10,,,,,,,,,,13.80,0.86,paid,response,True,275.50,,,48.36,9.45,457.13,
4,SGE,Paid Social,Galaxy Z Fold8,"836,612","9,118","26,944",800,"148,727",1.01,70.70,45.60,,,,,,,,,,10,0.93,paid,response,True,32.21,2.96,0.01,33.68,5.52,185.91,
4,SGE,Influencer,Galaxy Z Fold8,,,"2,634",34,"16,126",3.82,47.60,40.70,Influencer_3,"992,843",,,,,,,,13.90,0.90,paid,response,True,,,,77.47,6.12,474.29,
4,SGE,TV,Galaxy Z Fold8,,,"33,613",,,,57.70,50.50,,,432,,,,,,,14.20,0.73,paid,brand,False,,,,,,,77.81
4,SGE,Search,Galaxy Z Fold8,"395,309","8,042","17,213","1,040","490,835",2.03,51.20,54.20,,,,,,,,,,6.80,0.83,paid,response,True,43.54,2.14,0.02,16.55,28.52,471.96,
4,SGE,Website,Galaxy Z Fold8,,,,892,"326,898",,57,35.10,,,,,,"96,544",30.80,195,3.24,7.20,0.80,earned,owned,True,,,,,,366.48,
4,SGE,PR,Galaxy Z Fold8,,,0,,,,65,56.80,,,,24,33,,,,,6.70,0.84,earned,brand,False,,,,,,,
4,SGE,B2B Roadshow,Galaxy Z Fold8,"22,078",,"3,979",74,"42,769",6.66,55.40,55.20,,,,,,,,,,9.10,0.84,paid,brand,True,180.22,,,53.77,10.75,577.96,
4,SGE,Paid Social,Galaxy Z Flip8,"639,731","9,051","14,177",620,"101,197",1.05,60.10,58.50,,,,,,,,,,6.60,0.77,paid,response,True,22.16,1.57,0.01,22.87,7.14,163.22,
4,SGE,Influencer,Galaxy Z Flip8,,,"8,002",13,"5,582",4.30,53.20,29,Influencer_3,"280,558",,,,,,,,10,0.81,paid,response,True,,,,615.54,0.70,429.38,
4,SGE,TV,Galaxy Z Flip8,,,"42,892",,,,70.10,58.20,,,464,,,,,,,8.80,0.84,paid,brand,False,,,,,,,92.44
4,SGE,Search,Galaxy Z Flip8,"323,737","3,926","23,268",424,"205,064",1.21,55.90,57.40,,,,,,,,,,6.90,0.81,paid,response,True,71.87,5.93,0.01,54.88,8.81,483.64,
4,SGE,Website,Galaxy Z Flip8,,,,"1,021","252,293",,62.70,31.90,,,,,,"100,031",42.90,179,3.13,7.30,0.75,earned,owned,True,,,,,,247.10,
4,SGE,PR,Galaxy Z Flip8,,,0,,,,65.10,65.20,,,,55,32.30,,,,,10.80,0.90,earned,brand,False,,,,,,,
4,SGE,B2B Roadshow,Galaxy Z Flip8,"18,291",,"4,410",112,"31,020",3.14,71.30,54.40,,,,,,,,,,11,0.84,paid,brand,True,241.10,,,39.38,7.03,276.96,
4,SGE,Paid Social,Galaxy S24,"355,804","3,612","10,853",182,"30,876",1.28,64.50,32.10,,,,,,,,,,15.30,0.89,paid,response,True,30.50,3.00,0.01,59.63,2.84,169.65,
4,SGE,Influencer,Galaxy S24,,,"5,460",13,"4,913",2.88,49.30,51.30,Influencer_1,"405,888",,,,,,,,7.20,0.81,paid,response,True,,,,420,0.90,377.92,
4,SGE,TV,Galaxy S24,,,"17,636",,,,55.40,44.10,,,451,,,,,,,14.80,0.84,paid,brand,False,,,,,,,39.10
4,SGE,Search,Galaxy S24,"232,800","3,223","12,372",267,"78,409",1.38,64.30,41.30,,,,,,,,,,10.60,0.84,paid,response,True,53.14,3.84,0.01,46.34,6.34,293.67,
4,SGE,Website,Galaxy S24,,,,"1,050","370,901",,54.30,29.30,,,,,,"66,480",35.10,167,2.65,8.20,0.78,earned,owned,True,,,,,,353.24,
4,SGE,PR,Galaxy S24,,,0,,,,74.90,44.90,,,,32,20.20,,,,,9.30,0.95,earned,brand,False,,,,,,,
4,SGE,B2B Roadshow,Galaxy S24,"15,248",,"6,888",49,"31,408",3.93,68.50,52.10,,,,,,,,,,10.80,0.98,paid,brand,True,451.73,,,140.57,4.56,640.98,
4,SGE,Paid Social,Galaxy Tab S10,"830,697","7,891","22,374",572,"194,681",1.02,55,45.40,,,,,,,,,,11.90,0.79,paid,response,True,26.93,2.84,0.01,39.12,8.70,340.35,
4,SGE,Influencer,Galaxy Tab S10,,,"4,222",32,"7,510",5.03,43.70,42,Influencer_2,"784,195",,,,,,,,9.90,0.95,paid,response,True,,,,131.94,1.78,234.69,
4,SGE,TV,Galaxy Tab S10,,,"67,958",,,,66.80,48.30,,,591,,,,,,,17.90,0.76,paid,brand,False,,,,,,,114.99
4,SGE,Search,Galaxy Tab S10,"386,968","8,106","29,423","1,409","507,567",2.09,45.90,51.30,,,,,,,,,,11.40,0.84,paid,response,True,76.03,3.63,0.02,20.88,17.25,360.23,
4,SGE,Website,Galaxy Tab S10,,,,"1,987","439,626",,64.20,47.50,,,,,,"136,281",27.90,252,3.54,14.90,0.78,earned,owned,True,,,,,,221.25,
4,SGE,PR,Galaxy Tab S10,,,0,,,,64.50,59.70,,,,75,52.30,,,,,11.70,0.82,earned,brand,False,,,,,,,
4,SGE,B2B Roadshow,Galaxy Tab S10,"27,503",,"7,088",85,"62,256",5.97,70.10,66,,,,,,,,,,11.60,0.88,paid,brand,True,257.72,,,83.39,8.78,732.42,
4,SGE,Paid Social,Galaxy Buds3,"1,221,199","14,925","36,299","1,776","493,468",0.90,54.60,33.50,,,,,,,,,,11.90,0.76,paid,response,True,29.72,2.43,0.01,20.44,13.59,277.85,
4,SGE,Influencer,Galaxy Buds3,,,"4,933",8,"2,795",2.85,36,29.40,Influencer_1,"231,167",,,,,,,,12.80,0.82,paid,response,True,,,,616.62,0.57,349.38,
4,SGE,TV,Galaxy Buds3,,,"71,645",,,,68.60,60,,,"1,032",,,,,,,15.50,0.82,paid,brand,False,,,,,,,69.42
4,SGE,Search,Galaxy Buds3,"802,194","15,985","23,885","1,748","698,098",1.99,58.20,48,,,,,,,,,,12.70,0.87,paid,response,True,29.77,1.49,0.02,13.66,29.23,399.37,
4,SGE,Website,Galaxy Buds3,,,,"1,318","274,011",,47.70,38.40,,,,,,"75,204",33.60,180,3.08,10.60,0.76,earned,owned,True,,,,,,207.90,
4,SGE,PR,Galaxy Buds3,,,0,,,,75.50,66.90,,,,129,42.80,,,,,4.30,0.87,earned,brand,False,,,,,,,
4,SGE,Paid Social,Galaxy Watch6,"381,695","4,965","16,083",502,"146,691",1.14,57.60,46,,,,,,,,,,11.60,0.84,paid,response,True,42.14,3.24,0.01,32.04,9.12,292.21,
4,SGE,Influencer,Galaxy Watch6,,,"2,964",19,"9,333",2.70,53.70,34.60,Influencer_1,"731,297",,,,,,,,16.60,0.81,paid,response,True,,,,156,3.15,491.21,
4,SGE,TV,Galaxy Watch6,,,"18,310",,,,54.10,61.90,,,403,,,,,,,11.80,0.87,paid,brand,False,,,,,,,45.43
4,SGE,Search,Galaxy Watch6,"180,608","3,549","12,179",418,"158,189",1.97,70.40,44.70,,,,,,,,,,5.90,0.82,paid,response,True,67.43,3.43,0.02,29.14,12.99,378.44,
4,SGE,Website,Galaxy Watch6,,,,672,"233,945",,42.70,33.20,,,,,,"46,432",43.20,166,3.80,11.40,0.76,earned,owned,True,,,,,,348.13,
4,SGE,PR,Galaxy Watch6,,,0,,,,78.50,51.50,,,,42,32,,,,,9.10,0.89,earned,brand,False,,,,,,,
4,SGE,B2B Roadshow,Galaxy Watch6,"11,712",,"6,094",64,"23,907",4.61,57,59.80,,,,,,,,,,9.80,0.85,paid,brand,True,520.32,,,95.22,3.92,373.55,
4,SESAR,Paid Social,Galaxy Z Fold8,"570,322","6,569","17,344",350,"78,708",1.48,47.10,48.90,,,,,,,,,,17.70,0.72,paid,response,True,30.41,2.64,0.01,49.55,4.54,224.88,
4,SESAR,Influencer,Galaxy Z Fold8,,,"2,541",11,"4,092",3.51,59.30,42.70,Influencer_4,"424,479",,,,,,,,16.40,0.89,paid,response,True,,,,231,1.61,372,
4,SESAR,TV,Galaxy Z Fold8,,,"50,919",,,,67.80,47.80,,,336,,,,,,,14.40,0.83,paid,brand,False,,,,,,,151.54
4,SESAR,Search,Galaxy Z Fold8,"392,944","5,539","9,384",804,"273,805",1.41,65.70,45.20,,,,,,,,,,10.30,0.81,paid,response,True,23.88,1.69,0.01,11.67,29.18,340.55,
4,SESAR,Website,Galaxy Z Fold8,,,,809,"266,033",,55.50,41.90,,,,,,"77,047",38.40,196,3.82,7.90,0.84,earned,owned,True,,,,,,328.84,
4,SESAR,PR,Galaxy Z Fold8,,,0,,,,71.90,65,,,,58,23,,,,,10.50,0.95,earned,brand,False,,,,,,,
4,SESAR,B2B Roadshow,Galaxy Z Fold8,"21,412",,"3,490",79,"21,861",4.82,58,53,,,,,,,,,,9.80,0.87,paid,brand,True,162.99,,,44.18,6.26,276.72,
4,SESAR,Paid Social,Galaxy Z Flip8,"546,201","5,938","10,582",538,"194,482",0.99,49.60,34.60,,,,,,,,,,14.20,0.76,paid,response,True,19.37,1.78,0.01,19.67,18.38,361.49,
4,SESAR,Influencer,Galaxy Z Flip8,,,"2,419",7,"3,137",3.02,49.10,40.80,Influencer_21,"319,074",,,,,,,,11.20,0.88,paid,response,True,,,,345.57,1.30,448.14,
4,SESAR,TV,Galaxy Z Flip8,,,"24,318",,,,57,44.40,,,376,,,,,,,10.70,0.88,paid,brand,False,,,,,,,64.68
4,SESAR,Search,Galaxy Z Flip8,"483,999","8,473","8,536","1,494","591,254",1.75,46.10,55.90,,,,,,,,,,6.20,0.88,paid,response,True,17.64,1.01,0.02,5.71,69.27,395.75,
4,SESAR,Website,Galaxy Z Flip8,,,,743,"224,201",,60.80,50.10,,,,,,"43,749",32.30,173,3.10,8.40,0.85,earned,owned,True,,,,,,301.75,
4,SESAR,PR,Galaxy Z Flip8,,,0,,,,69,65.50,,,,63,51,,,,,11.30,0.95,earned,brand,False,,,,,,,
4,SESAR,B2B Roadshow,Galaxy Z Flip8,"13,687",,"7,066",114,"16,435",4.19,57.40,66.10,,,,,,,,,,7.30,0.91,paid,brand,True,516.26,,,61.98,2.33,144.17,
4,SESAR,Paid Social,Galaxy S24,"352,223","4,804","9,865",551,"112,680",0.87,47.40,38,,,,,,,,,,10.90,0.92,paid,response,True,28.01,2.05,0.01,17.90,11.42,204.50,
4,SESAR,Influencer,Galaxy S24,,,"4,365",45,"13,272",4.37,47.90,44.50,Influencer_21,"714,178",,,,,,,,16.40,0.93,paid,response,True,,,,97,3.04,294.93,
4,SESAR,TV,Galaxy S24,,,"19,748",,,,64.90,50.20,,,292,,,,,,,11.30,0.85,paid,brand,False,,,,,,,67.63
4,SESAR,Search,Galaxy S24,"308,810","3,813","5,895",568,"276,411",1.23,51.60,48.20,,,,,,,,,,8.20,0.93,paid,response,True,19.09,1.55,0.01,10.38,46.89,486.64,
4,SESAR,Website,Galaxy S24,,,,830,"308,189",,49.50,51.70,,,,,,"48,780",35.70,210,3.79,9.90,0.93,earned,owned,True,,,,,,371.31,
4,SESAR,PR,Galaxy S24,,,0,,,,79.40,63.70,,,,26,24,,,,,5.50,0.94,earned,brand,False,,,,,,,
4,SESAR,B2B Roadshow,Galaxy S24,"7,625",,"6,595",60,"18,393",7.40,70.30,58.10,,,,,,,,,,5.20,0.96,paid,brand,True,864.92,,,109.92,2.79,306.55,
4,SESAR,Paid Social,Galaxy Tab S10,"931,592","12,535","28,110",973,"246,402",1.39,62.50,56.10,,,,,,,,,,15.80,0.91,paid,response,True,30.17,2.24,0.01,28.89,8.77,253.24,
4,SESAR,Influencer,Galaxy Tab S10,,,"5,882",18,"7,537",4.27,51.60,33.80,Influencer_4,"473,646",,,,,,,,13.80,0.90,paid,response,True,,,,326.78,1.28,418.72,
4,SESAR,TV,Galaxy Tab S10,,,"42,040",,,,64.10,57,,,722,,,,,,,7.60,0.76,paid,brand,False,,,,,,,58.23
4,SESAR,Search,Galaxy Tab S10,"460,194","6,966","12,694",634,"205,974",1.51,63.40,53.60,,,,,,,,,,11.20,0.80,paid,response,True,27.58,1.82,0.02,20.02,16.23,324.88,
4,SESAR,Website,Galaxy Tab S10,,,,"1,652","462,311",,57,49.70,,,,,,"103,780",34.60,184,2.89,14,0.79,earned,owned,True,,,,,,279.85,
4,SESAR,PR,Galaxy Tab S10,,,0,,,,65.80,54.20,,,,72,34,,,,,10.30,0.89,earned,brand,False,,,,,,,
4,SESAR,B2B Roadshow,Galaxy Tab S10,"10,678",,"3,188",158,"52,602",6.24,67.50,68.10,,,,,,,,,,11.80,0.85,paid,brand,True,298.56,,,20.18,16.50,332.92,
4,SESAR,Paid Social,Galaxy Buds3,"1,084,577","15,143","17,037","1,091","280,633",0.98,43.70,40.80,,,,,,,,,,17.40,0.73,paid,response,True,15.71,1.13,0.01,15.62,16.47,257.23,
4,SESAR,Influencer,Galaxy Buds3,,,"8,395",40,"13,929",4.02,41.90,30.10,Influencer_4,"751,380",,,,,,,,16.30,0.91,paid,response,True,,,,209.88,1.66,348.23,
4,SESAR,TV,Galaxy Buds3,,,"59,305",,,,71.70,50.60,,,682,,,,,,,12.80,0.76,paid,brand,False,,,,,,,86.96
4,SESAR,Search,Galaxy Buds3,"516,272","11,333","24,090","1,730","530,779",2.20,50.10,54.20,,,,,,,,,,5.70,0.94,paid,response,True,46.66,2.13,0.02,13.92,22.03,306.81,
4,SESAR,Website,Galaxy Buds3,,,,"1,432","611,223",,51.50,50.80,,,,,,"101,080",32.40,267,2.63,15.70,0.82,earned,owned,True,,,,,,426.83,
4,SESAR,PR,Galaxy Buds3,,,0,,,,73.70,63.20,,,,57,44.40,,,,,5.10,0.82,earned,brand,False,,,,,,,
4,SESAR,Paid Social,Galaxy Watch6,"265,401","2,220","9,847",172,"41,034",1.22,61.10,53.90,,,,,,,,,,14.50,0.90,paid,response,True,37.10,4.44,0.01,57.25,4.17,238.57,
4,SESAR,Influencer,Galaxy Watch6,,,"3,060",15,"4,776",4.27,46.30,53,Influencer_21,"465,978",,,,,,,,12.40,0.87,paid,response,True,,,,204,1.56,318.40,
4,SESAR,TV,Galaxy Watch6,,,"23,529",,,,65.60,64.30,,,243,,,,,,,18.10,0.75,paid,brand,False,,,,,,,96.83
4,SESAR,Search,Galaxy Watch6,"233,182","4,454","12,093",419,"119,437",1.91,46.70,37.60,,,,,,,,,,13.20,0.91,paid,response,True,51.86,2.72,0.02,28.86,9.88,285.05,
4,SESAR,Website,Galaxy Watch6,,,,839,"227,143",,50.70,33.10,,,,,,"48,631",42.50,217,3.28,13.40,0.84,earned,owned,True,,,,,,270.73,
4,SESAR,PR,Galaxy Watch6,,,0,,,,79.10,60.70,,,,19,31.70,,,,,6.80,0.83,earned,brand,False,,,,,,,
4,SESAR,B2B Roadshow,Galaxy Watch6,"5,894",,"4,883",31,"9,175",5.35,58.30,59.30,,,,,,,,,,5.80,0.96,paid,brand,True,828.47,,,157.52,1.88,295.97,
4,SETK,Paid Social,Galaxy Z Fold8,"541,125","4,483","16,873",533,"154,683",1.12,44.40,51.40,,,,,,,,,,7.80,0.79,paid,response,True,31.18,3.76,0.01,31.66,9.17,290.21,
4,SETK,Influencer,Galaxy Z Fold8,,,"3,119",19,"8,488",3.13,52.10,43.90,Influencer_7,"497,917",,,,,,,,8.90,0.95,paid,response,True,,,,164.16,2.72,446.74,
4,SETK,TV,Galaxy Z Fold8,,,"21,567",,,,72.20,45.50,,,475,,,,,,,18.60,0.77,paid,brand,False,,,,,,,45.40
4,SETK,Search,Galaxy Z Fold8,"399,820","7,504","14,797",619,"281,269",1.88,62.60,44.30,,,,,,,,,,10.70,0.93,paid,response,True,37.01,1.97,0.02,23.90,19.01,454.39,
4,SETK,Website,Galaxy Z Fold8,,,,627,"138,106",,63.70,43.90,,,,,,"65,839",41.60,272,3.18,6.10,0.92,earned,owned,True,,,,,,220.26,
4,SETK,PR,Galaxy Z Fold8,,,0,,,,64.10,63.10,,,,69,43.50,,,,,9.40,0.95,earned,brand,False,,,,,,,
4,SETK,B2B Roadshow,Galaxy Z Fold8,"20,413",,"4,059",47,"13,672",7.01,60.70,66,,,,,,,,,,10.20,0.91,paid,brand,True,198.84,,,86.36,3.37,290.89,
4,SETK,Paid Social,Galaxy Z Flip8,"581,238","6,201","17,860",374,"78,547",1.34,53,30.40,,,,,,,,,,8.50,0.80,paid,response,True,30.73,2.88,0.01,47.75,4.40,210.02,
4,SETK,Influencer,Galaxy Z Flip8,,,"5,955",15,"4,343",4.77,59.20,46.10,Influencer_6,"498,776",,,,,,,,16,0.93,paid,response,True,,,,397,0.73,289.53,
4,SETK,TV,Galaxy Z Flip8,,,"49,554",,,,62,43.40,,,332,,,,,,,12,0.76,paid,brand,False,,,,,,,149.26
4,SETK,Search,Galaxy Z Flip8,"380,147","7,927","18,247",846,"363,866",2.09,47.90,45,,,,,,,,,,8.70,0.81,paid,response,True,48.00,2.30,0.02,21.57,19.94,430.10,
4,SETK,Website,Galaxy Z Flip8,,,,673,"220,969",,57.60,52.30,,,,,,"75,409",44.50,207,3.47,11.30,0.87,earned,owned,True,,,,,,328.33,
4,SETK,PR,Galaxy Z Flip8,,,0,,,,66.90,67.50,,,,21,31.70,,,,,7.10,0.82,earned,brand,False,,,,,,,
4,SETK,B2B Roadshow,Galaxy Z Flip8,"10,107",,"5,460",104,"23,009",5.62,60.90,51,,,,,,,,,,5.50,0.83,paid,brand,True,540.22,,,52.50,4.21,221.24,
4,SETK,Paid Social,Galaxy S24,"264,304","3,059","12,127",145,"45,706",1.20,48.60,37.40,,,,,,,,,,7,0.83,paid,response,True,45.88,3.96,0.01,83.63,3.77,315.21,
4,SETK,Influencer,Galaxy S24,,,"2,123",60,"27,172",4.82,36.60,36.50,Influencer_7,"976,487",,,,,,,,13.80,0.81,paid,response,True,,,,35.38,12.80,452.87,
4,SETK,TV,Galaxy S24,,,"28,413",,,,69.80,56.60,,,373,,,,,,,10.80,0.91,paid,brand,False,,,,,,,76.17
4,SETK,Search,Galaxy S24,"189,117","2,668","5,966",412,"177,660",1.41,67.40,37.10,,,,,,,,,,10.20,0.78,paid,response,True,31.55,2.24,0.01,14.48,29.78,431.21,
4,SETK,Website,Galaxy S24,,,,252,"91,715",,63.90,44,,,,,,"31,013",34.20,253,3.80,10.90,0.86,earned,owned,True,,,,,,363.95,
4,SETK,PR,Galaxy S24,,,0,,,,72.80,62.10,,,,46,25.80,,,,,6.40,0.85,earned,brand,False,,,,,,,
4,SETK,B2B Roadshow,Galaxy S24,"6,696",,"4,106",19,"13,539",3.56,55.30,69.40,,,,,,,,,,11,0.85,paid,brand,True,613.20,,,216.11,3.30,712.58,
4,SETK,Paid Social,Galaxy Tab S10,"798,060","7,195","18,925",538,"164,904",1.35,46.70,38.80,,,,,,,,,,11.60,0.82,paid,response,True,23.71,2.63,0.01,35.18,8.71,306.51,
4,SETK,Influencer,Galaxy Tab S10,,,"4,035",12,"4,002",3.08,49.80,24.60,Influencer_7,"322,115",,,,,,,,11.30,0.80,paid,response,True,,,,336.25,0.99,333.50,
4,SETK,TV,Galaxy Tab S10,,,"46,855",,,,73.70,50.80,,,655,,,,,,,11.60,0.74,paid,brand,False,,,,,,,71.53
4,SETK,Search,Galaxy Tab S10,"640,172","10,446","22,439","1,722","811,274",1.63,60.50,48.30,,,,,,,,,,8,0.86,paid,response,True,35.05,2.15,0.02,13.03,36.15,471.12,
4,SETK,Website,Galaxy Tab S10,,,,"1,418","540,475",,41.30,29.50,,,,,,"108,028",43.70,274,2.85,11.80,0.85,earned,owned,True,,,,,,381.15,
4,SETK,PR,Galaxy Tab S10,,,0,,,,66.40,56.60,,,,51,49.80,,,,,7.30,0.95,earned,brand,False,,,,,,,
4,SETK,B2B Roadshow,Galaxy Tab S10,"20,293",,"6,672",121,"42,358",3.10,60.80,53.80,,,,,,,,,,7.40,0.86,paid,brand,True,328.78,,,55.14,6.35,350.07,
4,SETK,Paid Social,Galaxy Buds3,"730,533","8,849","27,445","1,006","365,543",1.30,55.10,56.30,,,,,,,,,,14.70,0.80,paid,response,True,37.57,3.10,0.01,27.28,13.32,363.36,
4,SETK,Influencer,Galaxy Buds3,,,"7,065",56,"24,635",4.78,60.50,42.70,Influencer_6,"905,804",,,,,,,,9.60,0.90,paid,response,True,,,,126.16,3.49,439.91,
4,SETK,TV,Galaxy Buds3,,,"73,204",,,,57.30,44.90,,,553,,,,,,,13.50,0.88,paid,brand,False,,,,,,,132.38
4,SETK,Search,Galaxy Buds3,"663,639","9,978","20,023","1,353","743,850",1.50,54.60,40.90,,,,,,,,,,11.50,0.81,paid,response,True,30.17,2.01,0.02,14.80,37.15,549.78,
4,SETK,Website,Galaxy Buds3,,,,"1,145","247,224",,45.40,35.40,,,,,,"137,738",33.60,208,2.68,9.40,0.81,earned,owned,True,,,,,,215.92,
4,SETK,PR,Galaxy Buds3,,,0,,,,69.90,67.20,,,,28,46.10,,,,,10.50,0.94,earned,brand,False,,,,,,,
4,SETK,Paid Social,Galaxy Watch6,"387,989","4,922","6,484",561,"145,555",1.12,66.20,33.10,,,,,,,,,,7.30,0.85,paid,response,True,16.71,1.32,0.01,11.56,22.45,259.46,
4,SETK,Influencer,Galaxy Watch6,,,"1,834",13,"3,060",2.65,41.40,34.80,Influencer_7,"789,795",,,,,,,,14.10,0.89,paid,response,True,,,,141.08,1.67,235.38,
4,SETK,TV,Galaxy Watch6,,,"29,998",,,,71.30,43.50,,,310,,,,,,,15.40,0.79,paid,brand,False,,,,,,,96.77
4,SETK,Search,Galaxy Watch6,"176,810","2,339","7,891",289,"108,295",1.32,64.80,40.50,,,,,,,,,,12.70,0.83,paid,response,True,44.63,3.37,0.01,27.30,13.72,374.72,
4,SETK,Website,Galaxy Watch6,,,,536,"142,846",,56.40,32.80,,,,,,"55,192",39.30,256,3.04,13.50,0.83,earned,owned,True,,,,,,266.50,
4,SETK,PR,Galaxy Watch6,,,0,,,,66.70,67.80,,,,22,19.10,,,,,10.90,0.95,earned,brand,False,,,,,,,
4,SETK,B2B Roadshow,Galaxy Watch6,"12,783",,"5,963",76,"8,526",5.21,70.40,64.40,,,,,,,,,,8.60,0.83,paid,brand,True,466.48,,,78.46,1.43,112.18,
4,SELV,Paid Social,Galaxy Z Fold8,"558,828","5,702","14,341",426,"105,782",0.83,68.70,34.30,,,,,,,,,,12.90,0.94,paid,response,True,25.66,2.52,0.01,33.66,7.38,248.31,
4,SELV,Influencer,Galaxy Z Fold8,,,"4,473",45,"20,958",5.57,56.20,50.20,Influencer_8,"892,439",,,,,,,,14,0.81,paid,response,True,,,,99.40,4.69,465.73,
4,SELV,TV,Galaxy Z Fold8,,,"43,357",,,,73.70,63.50,,,333,,,,,,,14.90,0.75,paid,brand,False,,,,,,,130.20
4,SELV,Search,Galaxy Z Fold8,"422,216","6,950","13,794","1,172","512,524",1.65,61.10,45.50,,,,,,,,,,8.50,0.91,paid,response,True,32.67,1.98,0.02,11.77,37.16,437.31,
4,SELV,Website,Galaxy Z Fold8,,,,"1,338","562,286",,57.80,51,,,,,,"84,989",26.70,235,3.08,11.20,0.85,earned,owned,True,,,,,,420.24,
4,SELV,PR,Galaxy Z Fold8,,,0,,,,69.80,57.80,,,,37,17.80,,,,,9.60,0.83,earned,brand,False,,,,,,,
4,SELV,B2B Roadshow,Galaxy Z Fold8,"9,002",,"7,423",94,"27,185",4.21,70.50,64.50,,,,,,,,,,11.90,0.84,paid,brand,True,824.59,,,78.97,3.66,289.20,
4,SELV,Paid Social,Galaxy Z Flip8,"438,428","6,090","16,920",549,"131,001",0.83,60.50,33.50,,,,,,,,,,9.60,0.88,paid,response,True,38.59,2.78,0.01,30.82,7.74,238.62,
4,SELV,Influencer,Galaxy Z Flip8,,,"7,916",41,"15,353",5.94,56.60,52.10,Influencer_10,"555,446",,,,,,,,13.50,0.92,paid,response,True,,,,193.07,1.94,374.46,
4,SELV,TV,Galaxy Z Flip8,,,"37,392",,,,60.50,57.70,,,476,,,,,,,17.40,0.83,paid,brand,False,,,,,,,78.55
4,SELV,Search,Galaxy Z Flip8,"308,041","5,896","22,298",906,"255,100",1.91,58.50,39.20,,,,,,,,,,12.40,0.85,paid,response,True,72.39,3.78,0.02,24.61,11.44,281.57,
4,SELV,Website,Galaxy Z Flip8,,,,863,"351,335",,43.10,34.40,,,,,,"57,096",26.60,165,3.14,6.80,0.87,earned,owned,True,,,,,,407.11,
4,SELV,PR,Galaxy Z Flip8,,,0,,,,69,54.70,,,,57,40.60,,,,,5.20,0.88,earned,brand,False,,,,,,,
4,SELV,B2B Roadshow,Galaxy Z Flip8,"19,696",,"6,605",105,"39,667",6.66,63.30,53.30,,,,,,,,,,8.50,0.90,paid,brand,True,335.35,,,62.90,6.01,377.78,
4,SELV,Paid Social,Galaxy S24,"406,984","3,624","15,848",395,"70,908",0.95,55.20,52.20,,,,,,,,,,17.30,0.79,paid,response,True,38.94,4.37,0.01,40.12,4.47,179.51,
4,SELV,Influencer,Galaxy S24,,,"2,146",28,"10,402",5.48,36.40,28.60,Influencer_9,"830,823",,,,,,,,10.50,0.95,paid,response,True,,,,76.64,4.85,371.50,
4,SELV,TV,Galaxy S24,,,"27,430",,,,65.10,60.80,,,302,,,,,,,9.30,0.84,paid,brand,False,,,,,,,90.83
4,SELV,Search,Galaxy S24,"179,028","3,825","10,998",646,"203,279",2.14,66.10,46.60,,,,,,,,,,6.50,0.84,paid,response,True,61.43,2.88,0.02,17.02,18.48,314.67,
4,SELV,Website,Galaxy S24,,,,374,"128,381",,51.70,47,,,,,,"30,720",36.30,236,3.67,12.10,0.89,earned,owned,True,,,,,,343.26,
4,SELV,PR,Galaxy S24,,,0,,,,75,61.50,,,,46,34.10,,,,,4.10,0.92,earned,brand,False,,,,,,,
4,SELV,B2B Roadshow,Galaxy S24,"7,109",,"6,355",48,"17,191",7.50,61.80,50.90,,,,,,,,,,9.70,0.89,paid,brand,True,893.94,,,132.40,2.71,358.15,
4,SELV,Paid Social,Galaxy Tab S10,"709,966","8,889","19,168",858,"251,392",1.36,62.20,46.60,,,,,,,,,,7.50,0.84,paid,response,True,27.00,2.16,0.01,22.34,13.12,293.00,
4,SELV,Influencer,Galaxy Tab S10,,,"10,126",20,"7,421",4.40,40.90,38.30,Influencer_9,"848,758",,,,,,,,15.80,0.77,paid,response,True,,,,506.30,0.73,371.05,
4,SELV,TV,Galaxy Tab S10,,,"71,339",,,,77.10,47.90,,,541,,,,,,,10.10,0.89,paid,brand,False,,,,,,,131.87
4,SELV,Search,Galaxy Tab S10,"664,237","10,921","30,230","1,536","569,148",1.64,46.70,55.90,,,,,,,,,,5.60,0.85,paid,response,True,45.51,2.77,0.02,19.68,18.83,370.54,
4,SELV,Website,Galaxy Tab S10,,,,946,"314,048",,42.30,33.20,,,,,,"114,824",32.60,173,2.67,7.40,0.80,earned,owned,True,,,,,,331.97,
4,SELV,PR,Galaxy Tab S10,,,0,,,,79.80,61.80,,,,33,27.60,,,,,3.30,0.95,earned,brand,False,,,,,,,
4,SELV,B2B Roadshow,Galaxy Tab S10,"17,540",,"3,222",143,"21,815",4.49,57,52.80,,,,,,,,,,11.30,0.86,paid,brand,True,183.69,,,22.53,6.77,152.55,
4,SELV,Paid Social,Galaxy Buds3,"1,366,277","18,846","21,947",832,"174,641",1.22,48.10,45.10,,,,,,,,,,12.10,0.94,paid,response,True,16.06,1.16,0.01,26.38,7.96,209.91,
4,SELV,Influencer,Galaxy Buds3,,,"10,353",8,"2,762",3.61,47.40,31,Influencer_10,"263,577",,,,,,,,15.70,0.80,paid,response,True,,,,"1,294.12",0.27,345.25,
4,SELV,TV,Galaxy Buds3,,,"94,069",,,,55.50,60.10,,,"1,023",,,,,,,15.40,0.75,paid,brand,False,,,,,,,91.95
4,SELV,Search,Galaxy Buds3,"822,145","13,209","17,528","2,174","869,881",1.61,65.20,38,,,,,,,,,,10.30,0.81,paid,response,True,21.32,1.33,0.02,8.06,49.63,400.13,
4,SELV,Website,Galaxy Buds3,,,,"1,510","461,966",,60.10,53,,,,,,"112,931",43.20,265,2.56,12.20,0.87,earned,owned,True,,,,,,305.94,
4,SELV,PR,Galaxy Buds3,,,0,,,,79.30,56.90,,,,55,23,,,,,8.20,0.93,earned,brand,False,,,,,,,
4,SELV,Paid Social,Galaxy Watch6,"384,619","5,767","10,433",500,"138,791",0.83,63.20,46.70,,,,,,,,,,9.60,0.80,paid,response,True,27.13,1.81,0.01,20.87,13.30,277.58,
4,SELV,Influencer,Galaxy Watch6,,,"2,908",24,"6,318",5.04,50.30,48.10,Influencer_9,"346,433",,,,,,,,15.60,0.94,paid,response,True,,,,121.17,2.17,263.25,
4,SELV,TV,Galaxy Watch6,,,"25,920",,,,71.80,52.30,,,495,,,,,,,10.60,0.92,paid,brand,False,,,,,,,52.36
4,SELV,Search,Galaxy Watch6,"263,511","3,717","11,419",303,"138,638",1.41,61.80,34.50,,,,,,,,,,9.70,0.92,paid,response,True,43.33,3.07,0.01,37.69,12.14,457.55,
4,SELV,Website,Galaxy Watch6,,,,485,"205,551",,59.50,45.20,,,,,,"40,009",39.10,250,3.31,6.80,0.76,earned,owned,True,,,,,,423.82,
4,SELV,PR,Galaxy Watch6,,,0,,,,64.80,65.10,,,,41,35.20,,,,,10.20,0.86,earned,brand,False,,,,,,,
4,SELV,B2B Roadshow,Galaxy Watch6,"8,693",,"3,069",29,"25,477",4.85,58.90,50.20,,,,,,,,,,10.20,0.94,paid,brand,True,353.04,,,105.83,8.30,878.52,
4,SEMAG,Paid Social,Galaxy Z Fold8,"546,213","7,892","15,124",436,"154,374",1.24,65.30,36.40,,,,,,,,,,17.80,0.94,paid,response,True,27.69,1.92,0.01,34.69,10.21,354.07,
4,SEMAG,Influencer,Galaxy Z Fold8,,,"5,588",25,"6,568",4.22,41.10,48.60,Influencer_22,"494,394",,,,,,,,10.80,0.92,paid,response,True,,,,223.52,1.18,262.72,
4,SEMAG,TV,Galaxy Z Fold8,,,"42,901",,,,65.40,54.80,,,418,,,,,,,15.50,0.83,paid,brand,False,,,,,,,102.63
4,SEMAG,Search,Galaxy Z Fold8,"419,324","7,560","10,040",654,"188,661",1.80,47.20,40.90,,,,,,,,,,10.50,0.82,paid,response,True,23.94,1.33,0.02,15.35,18.79,288.47,
4,SEMAG,Website,Galaxy Z Fold8,,,,"1,155","310,212",,57.10,42.30,,,,,,"75,582",42,155,3.99,8.50,0.85,earned,owned,True,,,,,,268.58,
4,SEMAG,PR,Galaxy Z Fold8,,,0,,,,66.70,61.60,,,,49,15.10,,,,,8.70,0.94,earned,brand,False,,,,,,,
4,SEMAG,B2B Roadshow,Galaxy Z Fold8,"13,122",,"6,543",94,"27,198",4.37,68.60,59.30,,,,,,,,,,7.50,0.94,paid,brand,True,498.63,,,69.61,4.16,289.34,
4,SEMAG,Paid Social,Galaxy Z Flip8,"614,145","8,013","8,630",498,"126,997",1.11,41.20,35.60,,,,,,,,,,7,0.84,paid,response,True,14.05,1.08,0.01,17.33,14.72,255.01,
4,SEMAG,Influencer,Galaxy Z Flip8,,,"5,513",29,"6,447",3.29,42.70,28.90,Influencer_22,"973,266",,,,,,,,9.90,0.88,paid,response,True,,,,190.10,1.17,222.31,
4,SEMAG,TV,Galaxy Z Flip8,,,"23,165",,,,65,61.20,,,263,,,,,,,14.70,0.85,paid,brand,False,,,,,,,88.08
4,SEMAG,Search,Galaxy Z Flip8,"302,984","6,182","11,537",561,"180,365",2.04,54.10,35.80,,,,,,,,,,8.40,0.91,paid,response,True,38.08,1.87,0.02,20.57,15.63,321.51,
4,SEMAG,Website,Galaxy Z Flip8,,,,598,"212,225",,41.90,30.50,,,,,,"37,966",40.30,264,3.37,6.30,0.81,earned,owned,True,,,,,,354.89,
4,SEMAG,PR,Galaxy Z Flip8,,,0,,,,57.60,64.90,,,,17,46.50,,,,,3.30,0.90,earned,brand,False,,,,,,,
4,SEMAG,B2B Roadshow,Galaxy Z Flip8,"15,395",,"3,538",33,"12,530",5.80,60.90,57.60,,,,,,,,,,5.70,0.94,paid,brand,True,229.81,,,107.21,3.54,379.70,
4,SEMAG,Paid Social,Galaxy S24,"264,441","3,715","5,247",283,"75,292",1.10,59.60,32.80,,,,,,,,,,13.80,0.87,paid,response,True,19.84,1.41,0.01,18.54,14.35,266.05,
4,SEMAG,Influencer,Galaxy S24,,,"3,320",20,"4,616",4.31,53.10,26,Influencer_22,"676,133",,,,,,,,14.70,0.79,paid,response,True,,,,166,1.39,230.80,
4,SEMAG,TV,Galaxy S24,,,"28,715",,,,68.90,47.40,,,197,,,,,,,12.70,0.86,paid,brand,False,,,,,,,145.76
4,SEMAG,Search,Galaxy S24,"226,571","3,140","6,166",501,"134,341",1.39,53.40,45.30,,,,,,,,,,14,0.90,paid,response,True,27.21,1.96,0.01,12.31,21.79,268.15,
4,SEMAG,Website,Galaxy S24,,,,533,"178,707",,48.40,38.20,,,,,,"38,584",27.90,270,2.96,6.10,0.86,earned,owned,True,,,,,,335.29,
4,SEMAG,PR,Galaxy S24,,,0,,,,68.70,65.70,,,,16,16.70,,,,,10.50,0.87,earned,brand,False,,,,,,,
4,SEMAG,B2B Roadshow,Galaxy S24,"6,970",,"4,641",51,"12,404",6.93,61.80,63.40,,,,,,,,,,9.90,0.98,paid,brand,True,665.85,,,91,2.67,243.22,
4,SEMAG,Paid Social,Galaxy Tab S10,"692,280","8,893","26,309",758,"177,307",1.01,50.90,32.90,,,,,,,,,,16.50,0.93,paid,response,True,38.00,2.96,0.01,34.71,6.74,233.91,
4,SEMAG,Influencer,Galaxy Tab S10,,,"6,997",17,"4,574",5.72,53.90,31.20,Influencer_12,"430,063",,,,,,,,14.10,0.94,paid,response,True,,,,411.59,0.65,269.06,
4,SEMAG,TV,Galaxy Tab S10,,,"43,967",,,,71.50,46.10,,,690,,,,,,,9.80,0.92,paid,brand,False,,,,,,,63.72
4,SEMAG,Search,Galaxy Tab S10,"416,687","5,041","18,467",418,"118,944",1.21,52.90,39.30,,,,,,,,,,10.70,0.90,paid,response,True,44.32,3.66,0.01,44.18,6.44,284.56,
4,SEMAG,Website,Galaxy Tab S10,,,,841,"210,065",,57.80,37.50,,,,,,"47,390",30.70,206,3.83,11.50,0.78,earned,owned,True,,,,,,249.78,
4,SEMAG,PR,Galaxy Tab S10,,,0,,,,62.50,47.30,,,,18,28.30,,,,,10.30,0.82,earned,brand,False,,,,,,,
4,SEMAG,B2B Roadshow,Galaxy Tab S10,"11,590",,"5,772",134,"25,311",4.53,59.80,66.20,,,,,,,,,,9.60,0.97,paid,brand,True,498.02,,,43.07,4.39,188.89,
4,SEMAG,Paid Social,Galaxy Buds3,"976,350","14,629","27,850","1,613","268,313",0.90,68.70,53.60,,,,,,,,,,8.30,0.79,paid,response,True,28.52,1.90,0.01,17.27,9.63,166.34,
4,SEMAG,Influencer,Galaxy Buds3,,,"8,723",18,"3,849",4.60,53.70,29.70,Influencer_12,"533,396",,,,,,,,12.20,0.91,paid,response,True,,,,484.61,0.44,213.83,
4,SEMAG,TV,Galaxy Buds3,,,"54,691",,,,54.30,60.90,,,558,,,,,,,18.10,0.89,paid,brand,False,,,,,,,98.01
4,SEMAG,Search,Galaxy Buds3,"644,115","13,435","17,909","2,051","995,554",2.09,65.40,49.80,,,,,,,,,,6.90,0.84,paid,response,True,27.80,1.33,0.02,8.73,55.59,485.40,
4,SEMAG,Website,Galaxy Buds3,,,,"1,456","480,076",,51.90,52.90,,,,,,"124,032",28.60,245,3.29,10.70,0.85,earned,owned,True,,,,,,329.72,
4,SEMAG,PR,Galaxy Buds3,,,0,,,,70.60,45.70,,,,106,50.60,,,,,4.80,0.83,earned,brand,False,,,,,,,
4,SEMAG,Paid Social,Galaxy Watch6,"404,832","3,902","8,143",251,"93,416",1.20,69.10,41,,,,,,,,,,12.60,0.73,paid,response,True,20.11,2.09,0.01,32.44,11.47,372.18,
4,SEMAG,Influencer,Galaxy Watch6,,,"2,499",15,"3,185",4.06,50.60,34.10,Influencer_22,"509,380",,,,,,,,11.30,0.84,paid,response,True,,,,166.60,1.27,212.33,
4,SEMAG,TV,Galaxy Watch6,,,"22,985",,,,65.40,47.80,,,344,,,,,,,7.90,0.81,paid,brand,False,,,,,,,66.82
4,SEMAG,Search,Galaxy Watch6,"186,686","3,445","9,250",586,"198,276",1.85,58.10,48.10,,,,,,,,,,6.10,0.82,paid,response,True,49.55,2.69,0.02,15.78,21.44,338.35,
4,SEMAG,Website,Galaxy Watch6,,,,304,"66,222",,56.70,35.30,,,,,,"33,936",25.80,201,3,13.50,0.89,earned,owned,True,,,,,,217.84,
4,SEMAG,PR,Galaxy Watch6,,,0,,,,71.10,48.20,,,,22,20.70,,,,,10.50,0.91,earned,brand,False,,,,,,,
4,SEMAG,B2B Roadshow,Galaxy Watch6,"11,813",,"5,139",17,"15,141",4.41,61.90,69.90,,,,,,,,,,11.60,0.95,paid,brand,True,435.03,,,302.29,2.95,890.65,
4,SEEG,Paid Social,Galaxy Z Fold8,"605,682","7,623","18,539",703,"279,315",1.47,67,36.60,,,,,,,,,,14.70,0.75,paid,response,True,30.61,2.43,0.01,26.37,15.07,397.32,
4,SEEG,Influencer,Galaxy Z Fold8,,,"5,080",42,"17,503",4.55,49,47.80,Influencer_14,"740,882",,,,,,,,9.90,0.79,paid,response,True,,,,120.95,3.45,416.74,
4,SEEG,TV,Galaxy Z Fold8,,,"38,726",,,,64,62.30,,,341,,,,,,,8,0.75,paid,brand,False,,,,,,,113.57
4,SEEG,Search,Galaxy Z Fold8,"247,920","3,732","6,963",485,"217,112",1.51,54.50,40,,,,,,,,,,9.20,0.90,paid,response,True,28.09,1.87,0.02,14.36,31.18,447.65,
4,SEEG,Website,Galaxy Z Fold8,,,,678,"139,539",,63.60,37.30,,,,,,"60,259",40.70,185,2.73,12.30,0.86,earned,owned,True,,,,,,205.81,
4,SEEG,PR,Galaxy Z Fold8,,,0,,,,65.80,54.30,,,,64,32.20,,,,,11.30,0.81,earned,brand,False,,,,,,,
4,SEEG,B2B Roadshow,Galaxy Z Fold8,"15,296",,"4,542",67,"15,604",4.64,74.20,62.80,,,,,,,,,,7.10,0.85,paid,brand,True,296.94,,,67.79,3.44,232.90,
4,SEEG,Paid Social,Galaxy Z Flip8,"576,337","6,841","8,808",725,"218,109",0.82,47,57.10,,,,,,,,,,10.60,0.75,paid,response,True,15.28,1.29,0.01,12.15,24.76,300.84,
4,SEEG,Influencer,Galaxy Z Flip8,,,"4,538",21,"7,466",4.34,40.40,49.80,Influencer_15,"891,609",,,,,,,,10.90,0.78,paid,response,True,,,,216.10,1.65,355.52,
4,SEEG,TV,Galaxy Z Flip8,,,"25,147",,,,66.40,53,,,314,,,,,,,8.40,0.91,paid,brand,False,,,,,,,80.09
4,SEEG,Search,Galaxy Z Flip8,"275,571","3,664","11,298",406,"201,119",1.33,62.20,38.40,,,,,,,,,,10.60,0.83,paid,response,True,41.00,3.08,0.01,27.83,17.80,495.37,
4,SEEG,Website,Galaxy Z Flip8,,,,673,"249,823",,50.90,49.60,,,,,,"51,707",30.50,151,3.99,12,0.79,earned,owned,True,,,,,,371.21,
4,SEEG,PR,Galaxy Z Flip8,,,0,,,,78,56.30,,,,41,50.30,,,,,8,0.92,earned,brand,False,,,,,,,
4,SEEG,B2B Roadshow,Galaxy Z Flip8,"13,117",,"6,738",56,"23,957",4.96,71.50,67,,,,,,,,,,7.90,0.85,paid,brand,True,513.68,,,120.32,3.56,427.80,
4,SEEG,Paid Social,Galaxy S24,"370,741","4,868","12,150",344,"108,280",1.29,43.90,50.80,,,,,,,,,,6.50,0.92,paid,response,True,32.77,2.50,0.01,35.32,8.91,314.77,
4,SEEG,Influencer,Galaxy S24,,,"3,331",21,"9,972",5.59,56.10,45.70,Influencer_14,"487,075",,,,,,,,9,0.85,paid,response,True,,,,158.62,2.99,474.86,
4,SEEG,TV,Galaxy S24,,,"29,802",,,,77.90,42.90,,,207,,,,,,,8.90,0.87,paid,brand,False,,,,,,,143.97
4,SEEG,Search,Galaxy S24,"211,915","3,412","6,930",359,"144,253",1.61,57.20,36.20,,,,,,,,,,11.70,0.90,paid,response,True,32.70,2.03,0.02,19.30,20.82,401.82,
4,SEEG,Website,Galaxy S24,,,,514,"154,115",,42.70,51.90,,,,,,"44,981",28.90,159,2.52,9.30,0.88,earned,owned,True,,,,,,299.83,
4,SEEG,PR,Galaxy S24,,,0,,,,58.10,61.20,,,,36,28.80,,,,,9.20,0.87,earned,brand,False,,,,,,,
4,SEEG,B2B Roadshow,Galaxy S24,"11,441",,"5,286",65,"11,958",3.85,55.40,52,,,,,,,,,,7.10,0.91,paid,brand,True,462.02,,,81.32,2.26,183.97,
4,SEEG,Paid Social,Galaxy Tab S10,"634,424","5,823","11,129",548,"103,229",1.05,47.50,30.80,,,,,,,,,,14.10,0.75,paid,response,True,17.54,1.91,0.01,20.31,9.28,188.37,
4,SEEG,Influencer,Galaxy Tab S10,,,"8,681",13,"5,183",5.43,55,27.10,Influencer_13,"250,075",,,,,,,,13.70,0.84,paid,response,True,,,,667.77,0.60,398.69,
4,SEEG,TV,Galaxy Tab S10,,,"62,281",,,,54.20,50.40,,,361,,,,,,,10,0.77,paid,brand,False,,,,,,,172.52
4,SEEG,Search,Galaxy Tab S10,"382,555","5,355","9,471",654,"357,598",1.40,54,39.20,,,,,,,,,,11.40,0.82,paid,response,True,24.76,1.77,0.01,14.48,37.76,546.79,
4,SEEG,Website,Galaxy Tab S10,,,,900,"366,851",,52.60,49.40,,,,,,"56,394",28.40,192,2.57,9.20,0.86,earned,owned,True,,,,,,407.61,
4,SEEG,PR,Galaxy Tab S10,,,0,,,,69.50,68.30,,,,88,29.20,,,,,3.90,0.83,earned,brand,False,,,,,,,
4,SEEG,B2B Roadshow,Galaxy Tab S10,"19,515",,"5,649",55,"15,283",5.01,61.30,57.80,,,,,,,,,,8.20,0.83,paid,brand,True,289.47,,,102.71,2.71,277.87,
4,SEEG,Paid Social,Galaxy Buds3,"1,043,255","10,379","27,101",451,"167,485",1.09,64,44.80,,,,,,,,,,17.90,0.88,paid,response,True,25.98,2.61,0.01,60.09,6.18,371.36,
4,SEEG,Influencer,Galaxy Buds3,,,"4,248",14,"6,921",3.38,56.10,44.30,Influencer_13,"379,787",,,,,,,,16.50,0.89,paid,response,True,,,,303.43,1.63,494.36,
4,SEEG,TV,Galaxy Buds3,,,"58,230",,,,68.90,63.10,,,549,,,,,,,11.40,0.89,paid,brand,False,,,,,,,106.07
4,SEEG,Search,Galaxy Buds3,"621,870","7,882","11,900","1,110","472,317",1.27,55.20,50.40,,,,,,,,,,7.50,0.87,paid,response,True,19.14,1.51,0.01,10.72,39.69,425.51,
4,SEEG,Website,Galaxy Buds3,,,,601,"212,806",,50.50,35.10,,,,,,"58,209",42.90,229,2.85,6.80,0.77,earned,owned,True,,,,,,354.09,
4,SEEG,PR,Galaxy Buds3,,,0,,,,59.80,49.90,,,,92,31.90,,,,,3.10,0.95,earned,brand,False,,,,,,,
4,SEEG,Paid Social,Galaxy Watch6,"366,102","5,462","11,943",541,"125,605",0.99,60.30,52.60,,,,,,,,,,12.30,0.94,paid,response,True,32.62,2.19,0.01,22.08,10.52,232.17,
4,SEEG,Influencer,Galaxy Watch6,,,"2,194",34,"10,178",5.13,42.50,40.20,Influencer_13,"502,467",,,,,,,,15.90,0.88,paid,response,True,,,,64.53,4.64,299.35,
4,SEEG,TV,Galaxy Watch6,,,"20,823",,,,70.20,59,,,364,,,,,,,14.90,0.80,paid,brand,False,,,,,,,57.21
4,SEEG,Search,Galaxy Watch6,"210,883","2,917","4,589",252,"100,168",1.38,69.40,35.70,,,,,,,,,,14.30,0.93,paid,response,True,21.76,1.57,0.01,18.21,21.83,397.49,
4,SEEG,Website,Galaxy Watch6,,,,266,"92,609",,41.80,47.10,,,,,,"29,905",41.60,202,2.85,9.10,0.88,earned,owned,True,,,,,,348.15,
4,SEEG,PR,Galaxy Watch6,,,0,,,,71.10,52.40,,,,22,27.70,,,,,8,0.95,earned,brand,False,,,,,,,
4,SEEG,B2B Roadshow,Galaxy Watch6,"7,469",,"5,227",67,"21,390",3.40,74.50,58,,,,,,,,,,6.20,0.89,paid,brand,True,699.83,,,78.01,4.09,319.25,
4,SEIL,Paid Social,Galaxy Z Fold8,"602,372","7,388","20,634",744,"264,046",1.36,41.60,41.20,,,,,,,,,,16.20,0.89,paid,response,True,34.25,2.79,0.01,27.73,12.80,354.90,
4,SEIL,Influencer,Galaxy Z Fold8,,,"5,928",44,"12,196",4.38,49.10,37.60,Influencer_17,"824,094",,,,,,,,10.60,0.87,paid,response,True,,,,134.73,2.06,277.18,
4,SEIL,TV,Galaxy Z Fold8,,,"27,337",,,,56.40,52.70,,,448,,,,,,,9.50,0.76,paid,brand,False,,,,,,,61.02
4,SEIL,Search,Galaxy Z Fold8,"241,548","4,979","17,531",643,"339,315",2.06,69.10,58.70,,,,,,,,,,8.80,0.86,paid,response,True,72.58,3.52,0.02,27.26,19.36,527.71,
4,SEIL,Website,Galaxy Z Fold8,,,,564,"118,274",,43.90,48.10,,,,,,"46,727",43.40,248,3.90,15.60,0.89,earned,owned,True,,,,,,209.71,
4,SEIL,PR,Galaxy Z Fold8,,,0,,,,68.20,62,,,,50,30.30,,,,,9.10,0.90,earned,brand,False,,,,,,,
4,SEIL,B2B Roadshow,Galaxy Z Fold8,"18,816",,"5,021",55,"37,255",3.17,71.30,62.60,,,,,,,,,,9.70,0.93,paid,brand,True,266.85,,,91.29,7.42,677.36,
4,SEIL,Paid Social,Galaxy Z Flip8,"660,192","5,964","25,072",455,"145,721",0.98,59.10,58.40,,,,,,,,,,16.10,0.70,paid,response,True,37.98,4.20,0.01,55.10,5.81,320.27,
4,SEIL,Influencer,Galaxy Z Flip8,,,"4,841",39,"14,658",4.99,62.20,39.60,Influencer_18,"875,699",,,,,,,,8.70,0.83,paid,response,True,,,,124.13,3.03,375.85,
4,SEIL,TV,Galaxy Z Flip8,,,"45,654",,,,70.30,53.50,,,415,,,,,,,14,0.90,paid,brand,False,,,,,,,110.01
4,SEIL,Search,Galaxy Z Flip8,"478,228","7,211","18,495","1,119","590,044",1.51,67.30,37.10,,,,,,,,,,10.60,0.91,paid,response,True,38.67,2.56,0.02,16.53,31.90,527.30,
4,SEIL,Website,Galaxy Z Flip8,,,,578,"145,876",,44,41.30,,,,,,"54,104",40,228,2.51,7,0.89,earned,owned,True,,,,,,252.38,
4,SEIL,PR,Galaxy Z Flip8,,,0,,,,72.40,63.10,,,,56,38.70,,,,,4.30,0.86,earned,brand,False,,,,,,,
4,SEIL,B2B Roadshow,Galaxy Z Flip8,"11,340",,"4,622",80,"21,991",5.51,57.20,61.30,,,,,,,,,,6.50,0.85,paid,brand,True,407.58,,,57.77,4.76,274.89,
4,SEIL,Paid Social,Galaxy S24,"468,914","4,351","9,600",264,"99,150",1.09,59.80,48.50,,,,,,,,,,16.40,0.74,paid,response,True,20.47,2.21,0.01,36.36,10.33,375.57,
4,SEIL,Influencer,Galaxy S24,,,"2,764",6,"1,253",3.82,42.20,38.60,Influencer_17,"289,870",,,,,,,,14.40,0.75,paid,response,True,,,,460.67,0.45,208.83,
4,SEIL,TV,Galaxy S24,,,"24,903",,,,76.90,57.60,,,411,,,,,,,17.10,0.73,paid,brand,False,,,,,,,60.59
4,SEIL,Search,Galaxy S24,"215,596","3,713","5,373",436,"177,025",1.72,69.70,41,,,,,,,,,,9.80,0.90,paid,response,True,24.92,1.45,0.02,12.32,32.95,406.02,
4,SEIL,Website,Galaxy S24,,,,634,"234,874",,63.30,45.60,,,,,,"55,801",31.90,230,3.73,9.80,0.76,earned,owned,True,,,,,,370.46,
4,SEIL,PR,Galaxy S24,,,0,,,,76.20,44.90,,,,33,41.20,,,,,10.60,0.86,earned,brand,False,,,,,,,
4,SEIL,B2B Roadshow,Galaxy S24,"7,638",,"3,210",60,"12,628",7.35,60.60,64,,,,,,,,,,10.70,0.88,paid,brand,True,420.27,,,53.50,3.93,210.47,
4,SEIL,Paid Social,Galaxy Tab S10,"865,403","11,080","28,948",899,"283,236",0.80,60.10,58.10,,,,,,,,,,9.90,0.86,paid,response,True,33.45,2.61,0.01,32.20,9.78,315.06,
4,SEIL,Influencer,Galaxy Tab S10,,,"6,969",25,"8,634",3.64,57.40,47.80,Influencer_18,"971,555",,,,,,,,10.30,0.94,paid,response,True,,,,278.76,1.24,345.36,
4,SEIL,TV,Galaxy Tab S10,,,"64,262",,,,74.40,63.60,,,772,,,,,,,16.40,0.78,paid,brand,False,,,,,,,83.24
4,SEIL,Search,Galaxy Tab S10,"422,389","8,075","28,392","1,353","656,825",1.91,63.50,35.20,,,,,,,,,,9.90,0.79,paid,response,True,67.22,3.52,0.02,20.98,23.13,485.46,
4,SEIL,Website,Galaxy Tab S10,,,,"1,130","352,075",,44.10,52.60,,,,,,"116,743",27.30,211,2.87,13,0.77,earned,owned,True,,,,,,311.57,
4,SEIL,PR,Galaxy Tab S10,,,0,,,,79.20,67.40,,,,23,27.80,,,,,9.70,0.84,earned,brand,False,,,,,,,
4,SEIL,B2B Roadshow,Galaxy Tab S10,"19,362",,"6,901",168,"62,945",3.62,57.70,60.70,,,,,,,,,,10.10,0.83,paid,brand,True,356.42,,,41.08,9.12,374.67,
4,SEIL,Paid Social,Galaxy Buds3,"1,132,285","11,696","25,373","1,339","457,381",1.22,60.30,41.10,,,,,,,,,,14.60,0.88,paid,response,True,22.41,2.17,0.01,18.95,18.03,341.58,
4,SEIL,Influencer,Galaxy Buds3,,,"9,977",61,"20,196",4.75,42.20,31.80,Influencer_17,"885,684",,,,,,,,9.70,0.77,paid,response,True,,,,163.56,2.02,331.08,
4,SEIL,TV,Galaxy Buds3,,,"68,638",,,,67.80,45.70,,,"1,021",,,,,,,18.90,0.83,paid,brand,False,,,,,,,67.23
4,SEIL,Search,Galaxy Buds3,"481,427","9,885","29,476","1,361","340,935",2.05,47.10,47.80,,,,,,,,,,13,0.94,paid,response,True,61.23,2.98,0.02,21.66,11.57,250.50,
4,SEIL,Website,Galaxy Buds3,,,,"1,895","756,824",,54.80,34.60,,,,,,"120,613",43.70,182,3.28,10,0.85,earned,owned,True,,,,,,399.38,
4,SEIL,PR,Galaxy Buds3,,,0,,,,76.40,52.20,,,,102,32.50,,,,,4.80,0.91,earned,brand,False,,,,,,,
4,SEIL,Paid Social,Galaxy Watch6,"303,078","3,700","8,808",369,"133,682",1.38,42,39.40,,,,,,,,,,12,0.87,paid,response,True,29.06,2.38,0.01,23.87,15.18,362.28,
4,SEIL,Influencer,Galaxy Watch6,,,"4,288",56,"19,516",4.51,56.30,35.30,Influencer_17,"940,842",,,,,,,,16.60,0.82,paid,response,True,,,,76.57,4.55,348.50,
4,SEIL,TV,Galaxy Watch6,,,"22,996",,,,71.30,61.30,,,437,,,,,,,16,0.73,paid,brand,False,,,,,,,52.62
4,SEIL,Search,Galaxy Watch6,"206,775","4,252","11,989",467,"230,933",2.06,68.40,38.40,,,,,,,,,,5.60,0.84,paid,response,True,57.98,2.82,0.02,25.67,19.26,494.50,
4,SEIL,Website,Galaxy Watch6,,,,817,"365,671",,58,36.10,,,,,,"55,318",40.20,250,2.61,15.20,0.88,earned,owned,True,,,,,,447.58,
4,SEIL,PR,Galaxy Watch6,,,0,,,,59.30,63.60,,,,47,26.80,,,,,8,0.93,earned,brand,False,,,,,,,
4,SEIL,B2B Roadshow,Galaxy Watch6,"10,480",,"6,748",64,"14,031",5.89,63.80,59.60,,,,,,,,,,11.30,0.85,paid,brand,True,643.89,,,105.44,2.08,219.23,
4,SEPAK,Paid Social,Galaxy Z Fold8,"553,028","7,321","7,378",504,"183,473",0.87,64.60,55.60,,,,,,,,,,10.50,0.95,paid,response,True,13.34,1.01,0.01,14.64,24.87,364.03,
4,SEPAK,Influencer,Galaxy Z Fold8,,,"2,271",18,"6,158",5.74,63.60,27.50,Influencer_20,"376,394",,,,,,,,12,0.82,paid,response,True,,,,126.17,2.71,342.11,
4,SEPAK,TV,Galaxy Z Fold8,,,"35,058",,,,56.70,59.10,,,537,,,,,,,10.50,0.74,paid,brand,False,,,,,,,65.28
4,SEPAK,Search,Galaxy Z Fold8,"304,773","5,146","9,391",747,"270,870",1.69,62.90,54.30,,,,,,,,,,11.30,0.90,paid,response,True,30.81,1.82,0.02,12.57,28.84,362.61,
4,SEPAK,Website,Galaxy Z Fold8,,,,645,"234,327",,42.90,45,,,,,,"60,049",32.30,180,2.67,15.10,0.79,earned,owned,True,,,,,,363.30,
4,SEPAK,PR,Galaxy Z Fold8,,,0,,,,70.30,51.60,,,,56,32.20,,,,,9.50,0.93,earned,brand,False,,,,,,,
4,SEPAK,B2B Roadshow,Galaxy Z Fold8,"9,560",,"6,145",60,"34,946",6.51,61,52.50,,,,,,,,,,7.30,0.93,paid,brand,True,642.78,,,102.42,5.69,582.43,
4,SEPAK,Paid Social,Galaxy Z Flip8,"571,227","7,749","10,834",561,"182,429",1.08,65.50,53.30,,,,,,,,,,12.40,0.72,paid,response,True,18.97,1.40,0.01,19.31,16.84,325.19,
4,SEPAK,Influencer,Galaxy Z Flip8,,,"5,683",44,"18,746",5,41.40,43.80,Influencer_20,"765,163",,,,,,,,8,0.92,paid,response,True,,,,129.16,3.30,426.05,
4,SEPAK,TV,Galaxy Z Flip8,,,"25,075",,,,66.90,61,,,241,,,,,,,9.10,0.75,paid,brand,False,,,,,,,104.05
4,SEPAK,Search,Galaxy Z Flip8,"244,873","4,536","7,725",618,"312,358",1.85,46.50,58.90,,,,,,,,,,10,0.84,paid,response,True,31.55,1.70,0.02,12.50,40.43,505.43,
4,SEPAK,Website,Galaxy Z Flip8,,,,531,"231,679",,63.40,51.60,,,,,,"43,495",25,226,2.57,8.90,0.85,earned,owned,True,,,,,,436.31,
4,SEPAK,PR,Galaxy Z Flip8,,,0,,,,73.40,57.90,,,,21,40.30,,,,,11.70,0.86,earned,brand,False,,,,,,,
4,SEPAK,B2B Roadshow,Galaxy Z Flip8,"16,581",,"7,182",39,"13,492",6.31,55.90,50.70,,,,,,,,,,6,0.96,paid,brand,True,433.15,,,184.15,1.88,345.95,
4,SEPAK,Paid Social,Galaxy S24,"245,132","3,603","12,692",303,"90,277",0.99,62.90,42.50,,,,,,,,,,12.60,0.77,paid,response,True,51.78,3.52,0.01,41.89,7.11,297.94,
4,SEPAK,Influencer,Galaxy S24,,,"1,472",20,"8,059",3.90,63.40,28.30,Influencer_20,"371,252",,,,,,,,8.80,0.88,paid,response,True,,,,73.60,5.47,402.95,
4,SEPAK,TV,Galaxy S24,,,"19,061",,,,70.40,45.80,,,289,,,,,,,12.10,0.85,paid,brand,False,,,,,,,65.96
4,SEPAK,Search,Galaxy S24,"227,253","4,101","9,500",665,"229,363",1.80,65.30,43.90,,,,,,,,,,14.10,0.82,paid,response,True,41.80,2.32,0.02,14.29,24.14,344.91,
4,SEPAK,Website,Galaxy S24,,,,315,"71,661",,42,51.70,,,,,,"34,161",36,166,2.99,13.80,0.78,earned,owned,True,,,,,,227.50,
4,SEPAK,PR,Galaxy S24,,,0,,,,58.40,69.30,,,,19,23.20,,,,,4.80,0.95,earned,brand,False,,,,,,,
4,SEPAK,B2B Roadshow,Galaxy S24,"5,618",,"4,439",42,"14,436",5.94,71.10,51.90,,,,,,,,,,7.40,0.91,paid,brand,True,790.14,,,105.69,3.25,343.71,
4,SEPAK,Paid Social,Galaxy Tab S10,"518,276","6,147","25,523",294,"47,625",1.02,63.60,35.20,,,,,,,,,,15.70,0.87,paid,response,True,49.25,4.15,0.01,86.81,1.87,161.99,
4,SEPAK,Influencer,Galaxy Tab S10,,,"7,968",32,"12,086",4.58,43,44.60,Influencer_20,"778,469",,,,,,,,13.90,0.88,paid,response,True,,,,249,1.52,377.69,
4,SEPAK,TV,Galaxy Tab S10,,,"31,480",,,,67.20,47.70,,,473,,,,,,,18.60,0.85,paid,brand,False,,,,,,,66.55
4,SEPAK,Search,Galaxy Tab S10,"395,251","7,539","14,529","1,114","418,277",1.91,57,45.40,,,,,,,,,,8.60,0.85,paid,response,True,36.76,1.93,0.02,13.04,28.79,375.47,
4,SEPAK,Website,Galaxy Tab S10,,,,753,"231,126",,61.20,52.70,,,,,,"70,075",43.80,208,2.96,10.10,0.81,earned,owned,True,,,,,,306.94,
4,SEPAK,PR,Galaxy Tab S10,,,0,,,,57.90,50.80,,,,24,42,,,,,3.60,0.89,earned,brand,False,,,,,,,
4,SEPAK,B2B Roadshow,Galaxy Tab S10,"10,216",,"5,341",88,"38,638",7.04,55.20,69,,,,,,,,,,9.70,0.97,paid,brand,True,522.81,,,60.69,7.23,439.07,
4,SEPAK,Paid Social,Galaxy Buds3,"571,526","6,491","28,874",615,"196,304",1.17,44.70,30.20,,,,,,,,,,8.30,0.91,paid,response,True,50.52,4.45,0.01,46.95,6.80,319.19,
4,SEPAK,Influencer,Galaxy Buds3,,,"7,376",47,"12,843",3.99,57.40,52.50,Influencer_23,"948,851",,,,,,,,15,0.93,paid,response,True,,,,156.94,1.74,273.26,
4,SEPAK,TV,Galaxy Buds3,,,"64,610",,,,68.20,56.20,,,750,,,,,,,19.20,0.85,paid,brand,False,,,,,,,86.15
4,SEPAK,Search,Galaxy Buds3,"574,472","12,085","15,728","1,057","530,426",2.10,58.40,58.20,,,,,,,,,,9.20,0.84,paid,response,True,27.38,1.30,0.02,14.88,33.72,501.82,
4,SEPAK,Website,Galaxy Buds3,,,,"1,750","497,856",,51.90,35.60,,,,,,"98,926",38.60,180,2.94,6,0.86,earned,owned,True,,,,,,284.49,
4,SEPAK,PR,Galaxy Buds3,,,0,,,,63.60,68.10,,,,70,29.50,,,,,8.60,0.93,earned,brand,False,,,,,,,
4,SEPAK,Paid Social,Galaxy Watch6,"207,429","3,017","11,199",134,"20,297",1.12,50,33,,,,,,,,,,10.20,0.88,paid,response,True,53.99,3.71,0.01,83.57,1.81,151.47,
4,SEPAK,Influencer,Galaxy Watch6,,,"2,611",14,"3,155",2.53,50.60,28.60,Influencer_19,"571,754",,,,,,,,8,0.85,paid,response,True,,,,186.50,1.21,225.36,
4,SEPAK,TV,Galaxy Watch6,,,"16,079",,,,69.40,46.70,,,316,,,,,,,12.30,0.78,paid,brand,False,,,,,,,50.88
4,SEPAK,Search,Galaxy Watch6,"209,829","4,390","11,030",707,"199,804",2.09,56.60,55.40,,,,,,,,,,6.90,0.84,paid,response,True,52.57,2.51,0.02,15.60,18.11,282.61,
4,SEPAK,Website,Galaxy Watch6,,,,344,"144,787",,40.80,38.90,,,,,,"42,752",39.20,178,2.78,13.40,0.91,earned,owned,True,,,,,,420.89,
4,SEPAK,PR,Galaxy Watch6,,,0,,,,79.70,68.80,,,,16,35,,,,,11.60,0.82,earned,brand,False,,,,,,,
4,SEPAK,B2B Roadshow,Galaxy Watch6,"10,409",,"7,506",40,"9,740",4.62,70.30,67.60,,,,,,,,,,8.50,0.97,paid,brand,True,721.11,,,187.65,1.30,243.50,
5,SGE,Paid Social,Galaxy Z Fold8,"541,653","7,463","9,375",364,"64,417",0.81,47.20,46,,,,,,,,,,14.70,0.76,paid,response,True,17.31,1.26,0.01,25.76,6.87,176.97,
5,SGE,Influencer,Galaxy Z Fold8,,,"4,536",27,"8,918",4,45.20,39.60,Influencer_3,"558,760",,,,,,,,14.10,0.80,paid,response,True,,,,168,1.97,330.30,
5,SGE,TV,Galaxy Z Fold8,,,"22,995",,,,67.80,48.70,,,443,,,,,,,16.20,0.89,paid,brand,False,,,,,,,51.91
5,SGE,Search,Galaxy Z Fold8,"383,813","5,555","13,835",554,"255,913",1.45,67.20,53,,,,,,,,,,9.50,0.81,paid,response,True,36.05,2.49,0.01,24.97,18.50,461.94,
5,SGE,Website,Galaxy Z Fold8,,,,411,"95,793",,51.70,45.40,,,,,,"39,957",25.80,199,3.89,6.40,0.76,earned,owned,True,,,,,,233.07,
5,SGE,PR,Galaxy Z Fold8,,,0,,,,75,70.50,,,,41,30.70,,,,,4,0.87,earned,brand,False,,,,,,,
5,SGE,Paid Social,Galaxy Z Flip8,"458,991","5,310","11,809",341,"74,103",1,53,43.50,,,,,,,,,,9.30,0.71,paid,response,True,25.73,2.22,0.01,34.63,6.28,217.31,
5,SGE,Influencer,Galaxy Z Flip8,,,"7,848",4,"1,142",2.68,44.90,43.20,Influencer_1,"200,561",,,,,,,,10.80,0.80,paid,response,True,,,,"1,962",0.15,285.50,
5,SGE,TV,Galaxy Z Flip8,,,"53,644",,,,63.40,45.30,,,505,,,,,,,15,0.86,paid,brand,False,,,,,,,106.23
5,SGE,Search,Galaxy Z Flip8,"317,674","4,864","18,837",750,"320,004",1.53,62.10,41.50,,,,,,,,,,7.50,0.87,paid,response,True,59.30,3.87,0.02,25.12,16.99,426.67,
5,SGE,Website,Galaxy Z Flip8,,,,893,"207,730",,65.20,52.10,,,,,,"52,985",39.90,180,2.56,13.70,0.78,earned,owned,True,,,,,,232.62,
5,SGE,PR,Galaxy Z Flip8,,,0,,,,59.40,59.70,,,,65,42.80,,,,,5.10,0.92,earned,brand,False,,,,,,,
5,SGE,Paid Social,Galaxy S24,"516,911","4,866","9,794",211,"41,762",1.19,50.10,57.30,,,,,,,,,,15.70,0.93,paid,response,True,18.95,2.01,0.01,46.42,4.26,197.92,
5,SGE,Influencer,Galaxy S24,,,"5,103",14,"4,631",4.07,51,40.70,Influencer_2,"583,791",,,,,,,,16,0.91,paid,response,True,,,,364.50,0.91,330.79,
5,SGE,TV,Galaxy S24,,,"23,540",,,,61.90,66.70,,,405,,,,,,,10.50,0.91,paid,brand,False,,,,,,,58.12
5,SGE,Search,Galaxy S24,"190,826","3,805","9,333",586,"216,379",1.99,64.10,57.30,,,,,,,,,,13.70,0.81,paid,response,True,48.91,2.45,0.02,15.93,23.18,369.25,
5,SGE,Website,Galaxy S24,,,,794,"313,505",,41.10,44.30,,,,,,"67,132",33,219,2.81,11.40,0.75,earned,owned,True,,,,,,394.84,
5,SGE,PR,Galaxy S24,,,0,,,,75.20,59.10,,,,48,28.70,,,,,4.70,0.84,earned,brand,False,,,,,,,
5,SGE,Paid Social,Galaxy Tab S10,"751,520","7,424","13,715",398,"64,238",0.97,43.70,35.40,,,,,,,,,,16.10,0.93,paid,response,True,18.25,1.85,0.01,34.46,4.68,161.40,
5,SGE,Influencer,Galaxy Tab S10,,,"4,345",17,"4,470",4.75,40,44.50,Influencer_2,"254,022",,,,,,,,12.80,0.94,paid,response,True,,,,255.59,1.03,262.94,
5,SGE,TV,Galaxy Tab S10,,,"44,220",,,,78.70,64.60,,,381,,,,,,,10.20,0.75,paid,brand,False,,,,,,,116.06
5,SGE,Search,Galaxy Tab S10,"535,260","8,001","10,243","1,140","288,559",1.49,55.90,53.80,,,,,,,,,,7.50,0.82,paid,response,True,19.14,1.28,0.01,8.99,28.17,253.12,
5,SGE,Website,Galaxy Tab S10,,,,600,"266,814",,58.20,53.60,,,,,,"44,891",40.60,177,3.58,8.10,0.86,earned,owned,True,,,,,,444.69,
5,SGE,PR,Galaxy Tab S10,,,0,,,,77.90,51.50,,,,82,41.50,,,,,4.40,0.89,earned,brand,False,,,,,,,
5,SGE,Paid Social,Galaxy Buds3,"1,062,006","14,876","28,701",780,"162,186",1.31,53.60,58.10,,,,,,,,,,6.60,0.75,paid,response,True,27.03,1.93,0.01,36.80,5.65,207.93,
5,SGE,Influencer,Galaxy Buds3,,,"8,070",17,"4,320",3.16,45,34.30,Influencer_1,"384,665",,,,,,,,15.40,0.91,paid,response,True,,,,474.71,0.54,254.12,
5,SGE,TV,Galaxy Buds3,,,"80,309",,,,56.70,44.30,,,570,,,,,,,9.90,0.90,paid,brand,False,,,,,,,140.89
5,SGE,Search,Galaxy Buds3,"587,682","7,641","31,348",716,"340,195",1.30,47.30,38,,,,,,,,,,8.50,0.80,paid,response,True,53.34,4.10,0.01,43.78,10.85,475.13,
5,SGE,Website,Galaxy Buds3,,,,930,"335,842",,47.70,53.50,,,,,,"59,542",25.90,213,3.66,11.50,0.89,earned,owned,True,,,,,,361.12,
5,SGE,PR,Galaxy Buds3,,,0,,,,60.20,64.40,,,,23,53.70,,,,,5,0.91,earned,brand,False,,,,,,,
5,SGE,Paid Social,Galaxy Watch6,"348,492","3,127","17,504",348,"123,145",1.02,56.90,38.30,,,,,,,,,,12,0.77,paid,response,True,50.23,5.60,0.01,50.30,7.04,353.86,
5,SGE,Influencer,Galaxy Watch6,,,"1,934",5,"1,445",2.57,51.80,50.10,Influencer_3,"329,054",,,,,,,,7.90,0.93,paid,response,True,,,,386.80,0.75,289,
5,SGE,TV,Galaxy Watch6,,,"18,153",,,,65.70,46.20,,,296,,,,,,,14.90,0.77,paid,brand,False,,,,,,,61.33
5,SGE,Search,Galaxy Watch6,"378,827","6,003","7,867",775,"424,103",1.58,52.60,59.40,,,,,,,,,,7.50,0.79,paid,response,True,20.77,1.31,0.02,10.15,53.91,547.23,
5,SGE,Website,Galaxy Watch6,,,,494,"212,829",,45.50,43.30,,,,,,"53,900",43.40,161,3.41,11.50,0.87,earned,owned,True,,,,,,430.83,
5,SGE,PR,Galaxy Watch6,,,0,,,,74.70,61.60,,,,21,41.80,,,,,4.60,0.94,earned,brand,False,,,,,,,
5,SESAR,Paid Social,Galaxy Z Fold8,"321,065","4,627","12,047",530,"186,920",1.30,44.80,31.10,,,,,,,,,,16.70,0.74,paid,response,True,37.52,2.60,0.01,22.73,15.52,352.68,
5,SESAR,Influencer,Galaxy Z Fold8,,,"3,099",12,"5,268",3.62,65.80,49.40,Influencer_4,"353,709",,,,,,,,7.60,0.84,paid,response,True,,,,258.25,1.70,439,
5,SESAR,TV,Galaxy Z Fold8,,,"24,125",,,,57.30,67.40,,,237,,,,,,,9.20,0.80,paid,brand,False,,,,,,,101.79
5,SESAR,Search,Galaxy Z Fold8,"233,706","3,959","12,885",591,"221,142",1.69,66.80,43.80,,,,,,,,,,12.20,0.88,paid,response,True,55.13,3.25,0.02,21.80,17.16,374.18,
5,SESAR,Website,Galaxy Z Fold8,,,,486,"163,944",,61.50,39.60,,,,,,"41,115",35.80,276,3.30,11.30,0.83,earned,owned,True,,,,,,337.33,
5,SESAR,PR,Galaxy Z Fold8,,,0,,,,77.80,51.50,,,,46,38.30,,,,,2.80,0.86,earned,brand,False,,,,,,,
5,SESAR,Paid Social,Galaxy Z Flip8,"454,932","6,804","9,421",469,"125,917",0.89,45.80,58.30,,,,,,,,,,9.80,0.91,paid,response,True,20.71,1.38,0.01,20.09,13.37,268.48,
5,SESAR,Influencer,Galaxy Z Flip8,,,"7,381",28,"13,763",4.11,63.90,32.30,Influencer_21,"509,012",,,,,,,,14.80,0.76,paid,response,True,,,,263.61,1.86,491.54,
5,SESAR,TV,Galaxy Z Flip8,,,"29,272",,,,79.10,60.10,,,345,,,,,,,11.50,0.73,paid,brand,False,,,,,,,84.85
5,SESAR,Search,Galaxy Z Flip8,"392,001","6,161","10,104",901,"245,190",1.57,67.90,57.30,,,,,,,,,,5.30,0.84,paid,response,True,25.78,1.64,0.02,11.21,24.27,272.13,
5,SESAR,Website,Galaxy Z Flip8,,,,473,"96,075",,45.60,48.60,,,,,,"45,264",41.60,256,2.72,13,0.88,earned,owned,True,,,,,,203.12,
5,SESAR,PR,Galaxy Z Flip8,,,0,,,,75.60,57.10,,,,43,29.10,,,,,7.80,0.80,earned,brand,False,,,,,,,
5,SESAR,Paid Social,Galaxy S24,"279,167","2,537","6,526",224,"43,320",0.91,54.40,43.70,,,,,,,,,,16.90,0.81,paid,response,True,23.38,2.57,0.01,29.13,6.64,193.39,
5,SESAR,Influencer,Galaxy S24,,,"3,555",21,"5,632",5.72,64.40,33.20,Influencer_4,"470,589",,,,,,,,7.40,0.83,paid,response,True,,,,169.29,1.58,268.19,
5,SESAR,TV,Galaxy S24,,,"19,100",,,,60.30,58,,,390,,,,,,,9.60,0.76,paid,brand,False,,,,,,,48.97
5,SESAR,Search,Galaxy S24,"345,558","7,519","6,264","1,215","474,494",2.18,54.80,51.50,,,,,,,,,,12.40,0.81,paid,response,True,18.13,0.83,0.02,5.16,75.75,390.53,
5,SESAR,Website,Galaxy S24,,,,713,"177,310",,60.50,38.40,,,,,,"49,345",27.20,169,3.04,7.90,0.78,earned,owned,True,,,,,,248.68,
5,SESAR,PR,Galaxy S24,,,0,,,,72.40,64.90,,,,16,17,,,,,4.80,0.89,earned,brand,False,,,,,,,
5,SESAR,Paid Social,Galaxy Tab S10,"626,023","9,080","14,905",558,"219,944",1.20,59.40,54.70,,,,,,,,,,6,0.78,paid,response,True,23.81,1.64,0.01,26.71,14.76,394.16,
5,SESAR,Influencer,Galaxy Tab S10,,,"6,867",9,"2,874",5.93,42.30,47.60,Influencer_5,"208,890",,,,,,,,13.80,0.94,paid,response,True,,,,763,0.42,319.33,
5,SESAR,TV,Galaxy Tab S10,,,"27,285",,,,65.20,61,,,426,,,,,,,8.20,0.88,paid,brand,False,,,,,,,64.05
5,SESAR,Search,Galaxy Tab S10,"284,055","3,475","16,890",443,"226,215",1.22,47.90,39.50,,,,,,,,,,11.10,0.79,paid,response,True,59.46,4.86,0.01,38.13,13.39,510.64,
5,SESAR,Website,Galaxy Tab S10,,,,818,"210,956",,45,54.10,,,,,,"46,669",29.30,186,3.65,10.70,0.88,earned,owned,True,,,,,,257.89,
5,SESAR,PR,Galaxy Tab S10,,,0,,,,66,65.60,,,,64,52.90,,,,,5.10,0.86,earned,brand,False,,,,,,,
5,SESAR,Paid Social,Galaxy Buds3,"948,764","13,833","13,310","1,538","528,370",1.07,48.80,49.30,,,,,,,,,,6.40,0.74,paid,response,True,14.03,0.96,0.01,8.65,39.70,343.54,
5,SESAR,Influencer,Galaxy Buds3,,,"3,122",13,"5,994",2.84,52.90,54.10,Influencer_4,"721,690",,,,,,,,14.30,0.77,paid,response,True,,,,240.15,1.92,461.08,
5,SESAR,TV,Galaxy Buds3,,,"36,166",,,,62.80,65.90,,,632,,,,,,,8.90,0.78,paid,brand,False,,,,,,,57.22
5,SESAR,Search,Galaxy Buds3,"490,488","7,619","12,330",746,"359,260",1.55,53.40,47.30,,,,,,,,,,7.30,0.92,paid,response,True,25.14,1.62,0.02,16.53,29.14,481.58,
5,SESAR,Website,Galaxy Buds3,,,,"1,190","527,074",,51,51.40,,,,,,"68,408",34.80,243,3.79,14.70,0.77,earned,owned,True,,,,,,442.92,
5,SESAR,PR,Galaxy Buds3,,,0,,,,73.10,53.80,,,,66,40.40,,,,,2.80,0.87,earned,brand,False,,,,,,,
5,SESAR,Paid Social,Galaxy Watch6,"367,988","3,620","6,699",324,"100,753",1.32,49.80,55.60,,,,,,,,,,5.60,0.91,paid,response,True,18.20,1.85,0.01,20.68,15.04,310.97,
5,SESAR,Influencer,Galaxy Watch6,,,"3,135",24,"6,405",3.05,62.70,45.10,Influencer_5,"594,077",,,,,,,,10,0.84,paid,response,True,,,,130.62,2.04,266.88,
5,SESAR,TV,Galaxy Watch6,,,"32,534",,,,75.50,45.20,,,430,,,,,,,9.20,0.74,paid,brand,False,,,,,,,75.66
5,SESAR,Search,Galaxy Watch6,"254,056","5,000","8,268",600,"161,604",1.97,55.60,50.60,,,,,,,,,,6.90,0.90,paid,response,True,32.54,1.65,0.02,13.78,19.55,269.34,
5,SESAR,Website,Galaxy Watch6,,,,350,"73,349",,46.30,44.20,,,,,,"32,492",28.10,270,2.72,15.40,0.89,earned,owned,True,,,,,,209.57,
5,SESAR,PR,Galaxy Watch6,,,0,,,,66.50,56.80,,,,13,43.10,,,,,6.30,0.81,earned,brand,False,,,,,,,
5,SETK,Paid Social,Galaxy Z Fold8,"453,668","3,702","12,282",227,"70,125",0.86,44.60,43.20,,,,,,,,,,9.10,0.88,paid,response,True,27.07,3.32,0.01,54.11,5.71,308.92,
5,SETK,Influencer,Galaxy Z Fold8,,,"2,433",16,"3,457",3.25,63.30,37.90,Influencer_6,"750,269",,,,,,,,16.10,0.81,paid,response,True,,,,152.06,1.42,216.06,
5,SETK,TV,Galaxy Z Fold8,,,"20,431",,,,78.50,54.50,,,274,,,,,,,13.40,0.88,paid,brand,False,,,,,,,74.57
5,SETK,Search,Galaxy Z Fold8,"316,001","5,172","10,806",839,"350,930",1.64,69.30,40.50,,,,,,,,,,11.50,0.87,paid,response,True,34.20,2.09,0.02,12.88,32.48,418.27,
5,SETK,Website,Galaxy Z Fold8,,,,368,"164,345",,63.40,53.30,,,,,,"32,753",43.80,231,2.52,10.50,0.81,earned,owned,True,,,,,,446.59,
5,SETK,PR,Galaxy Z Fold8,,,0,,,,75.60,70.70,,,,34,22.90,,,,,10.50,0.94,earned,brand,False,,,,,,,
5,SETK,Paid Social,Galaxy Z Flip8,"593,193","6,611","22,053",315,"64,466",1.49,55.10,47.40,,,,,,,,,,7.50,0.79,paid,response,True,37.18,3.34,0.01,70.01,2.92,204.65,
5,SETK,Influencer,Galaxy Z Flip8,,,"6,103",26,"5,312",5.83,60.90,25.50,Influencer_6,"419,952",,,,,,,,15.50,0.85,paid,response,True,,,,234.73,0.87,204.31,
5,SETK,TV,Galaxy Z Flip8,,,"27,198",,,,67.50,67.50,,,540,,,,,,,12,0.79,paid,brand,False,,,,,,,50.37
5,SETK,Search,Galaxy Z Flip8,"416,390","6,769","14,965",618,"187,095",1.63,57.70,39.90,,,,,,,,,,10.40,0.87,paid,response,True,35.94,2.21,0.02,24.22,12.50,302.74,
5,SETK,Website,Galaxy Z Flip8,,,,773,"282,068",,64.40,52.60,,,,,,"71,258",38.60,222,3.55,6.50,0.77,earned,owned,True,,,,,,364.90,
5,SETK,PR,Galaxy Z Flip8,,,0,,,,57.90,69.30,,,,22,17.70,,,,,2.90,0.92,earned,brand,False,,,,,,,
5,SETK,Paid Social,Galaxy S24,"392,855","5,692","7,251",516,"142,333",1.36,62.50,56.60,,,,,,,,,,8,0.89,paid,response,True,18.46,1.27,0.01,14.05,19.63,275.84,
5,SETK,Influencer,Galaxy S24,,,"3,251",25,"7,629",2.90,60.30,38.90,Influencer_24,"599,591",,,,,,,,15.60,0.88,paid,response,True,,,,130.04,2.35,305.16,
5,SETK,TV,Galaxy S24,,,"26,570",,,,78.50,62.10,,,190,,,,,,,13.10,0.77,paid,brand,False,,,,,,,139.84
5,SETK,Search,Galaxy S24,"306,535","4,489","11,204",661,"166,074",1.46,69.70,36.30,,,,,,,,,,5.20,0.91,paid,response,True,36.55,2.50,0.01,16.95,14.82,251.25,
5,SETK,Website,Galaxy S24,,,,908,"317,787",,65.30,34.80,,,,,,"56,059",31.70,260,2.86,11.90,0.90,earned,owned,True,,,,,,349.99,
5,SETK,PR,Galaxy S24,,,0,,,,81,55.80,,,,43,27.90,,,,,8.60,0.86,earned,brand,False,,,,,,,
5,SETK,Paid Social,Galaxy Tab S10,"475,086","5,520","18,761",322,"105,457",0.89,46.10,48.30,,,,,,,,,,10.20,0.89,paid,response,True,39.49,3.40,0.01,58.26,5.62,327.51,
5,SETK,Influencer,Galaxy Tab S10,,,"4,018",16,"3,647",3.06,49.60,43.90,Influencer_6,"779,763",,,,,,,,12.40,0.76,paid,response,True,,,,251.12,0.91,227.94,
5,SETK,TV,Galaxy Tab S10,,,"46,761",,,,79.30,56.80,,,619,,,,,,,7.30,0.87,paid,brand,False,,,,,,,75.54
5,SETK,Search,Galaxy Tab S10,"383,233","7,030","15,485",693,"308,909",1.83,52.50,40.30,,,,,,,,,,12.60,0.90,paid,response,True,40.41,2.20,0.02,22.34,19.95,445.76,
5,SETK,Website,Galaxy Tab S10,,,,"1,113","406,038",,57,44.50,,,,,,"70,935",30.50,186,3.44,6.50,0.83,earned,owned,True,,,,,,364.81,
5,SETK,PR,Galaxy Tab S10,,,0,,,,61,52.50,,,,68,28.70,,,,,3.60,0.81,earned,brand,False,,,,,,,
5,SETK,Paid Social,Galaxy Buds3,"895,684","9,431","17,873",672,"183,294",0.82,44.70,59.80,,,,,,,,,,6.40,0.87,paid,response,True,19.95,1.90,0.01,26.60,10.26,272.76,
5,SETK,Influencer,Galaxy Buds3,,,"6,357",32,"8,126",4.72,36.80,30.40,Influencer_6,"528,817",,,,,,,,12.20,0.87,paid,response,True,,,,198.66,1.28,253.94,
5,SETK,TV,Galaxy Buds3,,,"30,457",,,,79.40,67.30,,,437,,,,,,,12.80,0.84,paid,brand,False,,,,,,,69.70
5,SETK,Search,Galaxy Buds3,"557,188","6,714","25,741","1,035","546,454",1.20,51.80,36.20,,,,,,,,,,5.20,0.86,paid,response,True,46.20,3.83,0.01,24.87,21.23,527.97,
5,SETK,Website,Galaxy Buds3,,,,675,"196,575",,46.50,48.20,,,,,,"66,469",43,157,2.99,14.90,0.80,earned,owned,True,,,,,,291.22,
5,SETK,PR,Galaxy Buds3,,,0,,,,59.80,63.70,,,,76,31,,,,,7.90,0.87,earned,brand,False,,,,,,,
5,SETK,Paid Social,Galaxy Watch6,"438,973","5,035","13,679",582,"221,501",0.98,48.40,56.40,,,,,,,,,,14.10,0.94,paid,response,True,31.16,2.72,0.01,23.50,16.19,380.59,
5,SETK,Influencer,Galaxy Watch6,,,"3,710",34,"14,899",5.28,65.10,39.60,Influencer_7,"811,999",,,,,,,,15.30,0.83,paid,response,True,,,,109.12,4.02,438.21,
5,SETK,TV,Galaxy Watch6,,,"22,706",,,,63,45.20,,,387,,,,,,,11.60,0.76,paid,brand,False,,,,,,,58.67
5,SETK,Search,Galaxy Watch6,"230,388","3,626","5,749",453,"234,126",1.57,71,41.80,,,,,,,,,,8.70,0.88,paid,response,True,24.95,1.59,0.02,12.69,40.72,516.83,
5,SETK,Website,Galaxy Watch6,,,,654,"135,695",,45.60,36.10,,,,,,"56,777",28.60,232,3.14,7.70,0.82,earned,owned,True,,,,,,207.48,
5,SETK,PR,Galaxy Watch6,,,0,,,,60.60,54,,,,18,38.40,,,,,2.10,0.85,earned,brand,False,,,,,,,
5,SELV,Paid Social,Galaxy Z Fold8,"409,194","4,898","12,394",548,"159,144",1.07,60.60,46.80,,,,,,,,,,6.70,0.77,paid,response,True,30.29,2.53,0.01,22.62,12.84,290.41,
5,SELV,Influencer,Galaxy Z Fold8,,,"4,561",22,"9,390",2.76,46,34.60,Influencer_8,"903,956",,,,,,,,8.50,0.91,paid,response,True,,,,207.32,2.06,426.82,
5,SELV,TV,Galaxy Z Fold8,,,"34,472",,,,79.80,53,,,232,,,,,,,8.50,0.75,paid,brand,False,,,,,,,148.59
5,SELV,Search,Galaxy Z Fold8,"259,256","4,643","9,760",639,"214,391",1.79,63.10,56.90,,,,,,,,,,13.90,0.93,paid,response,True,37.65,2.10,0.02,15.27,21.97,335.51,
5,SELV,Website,Galaxy Z Fold8,,,,446,"197,004",,41.40,41.70,,,,,,"47,999",25.70,160,3.01,13.80,0.82,earned,owned,True,,,,,,441.71,
5,SELV,PR,Galaxy Z Fold8,,,0,,,,76.30,56,,,,31,23.20,,,,,7,0.85,earned,brand,False,,,,,,,
5,SELV,Paid Social,Galaxy Z Flip8,"677,351","5,642","17,966",540,"142,368",1.39,71.50,34.60,,,,,,,,,,10,0.85,paid,response,True,26.52,3.18,0.01,33.27,7.92,263.64,
5,SELV,Influencer,Galaxy Z Flip8,,,"2,544",7,"3,486",2.67,62.30,46.70,Influencer_9,"434,896",,,,,,,,8.80,0.77,paid,response,True,,,,363.43,1.37,498,
5,SELV,TV,Galaxy Z Flip8,,,"44,693",,,,77.60,67.20,,,673,,,,,,,18.20,0.89,paid,brand,False,,,,,,,66.41
5,SELV,Search,Galaxy Z Flip8,"359,823","7,496","9,413",682,"364,285",2.08,48.90,43.70,,,,,,,,,,10.50,0.91,paid,response,True,26.16,1.26,0.02,13.80,38.70,534.14,
5,SELV,Website,Galaxy Z Flip8,,,,"1,055","454,931",,62.50,48.80,,,,,,"70,435",36.70,180,2.69,14.40,0.92,earned,owned,True,,,,,,431.21,
5,SELV,PR,Galaxy Z Flip8,,,0,,,,74.20,59,,,,59,34.10,,,,,4.20,0.88,earned,brand,False,,,,,,,
5,SELV,Paid Social,Galaxy S24,"416,324","6,175","12,401",628,"169,984",0.86,65.50,52.30,,,,,,,,,,9.70,0.91,paid,response,True,29.79,2.01,0.01,19.75,13.71,270.68,
5,SELV,Influencer,Galaxy S24,,,"2,577",50,"11,127",4.76,51.30,31.40,Influencer_9,"891,515",,,,,,,,13.20,0.84,paid,response,True,,,,51.54,4.32,222.54,
5,SELV,TV,Galaxy S24,,,"30,378",,,,67.20,51,,,272,,,,,,,16.80,0.87,paid,brand,False,,,,,,,111.68
5,SELV,Search,Galaxy S24,"313,194","6,446","11,118",972,"434,082",2.06,68.20,38.10,,,,,,,,,,6.20,0.93,paid,response,True,35.50,1.72,0.02,11.44,39.04,446.59,
5,SELV,Website,Galaxy S24,,,,981,"409,042",,47.90,34.10,,,,,,"55,295",35.30,252,2.78,8.60,0.91,earned,owned,True,,,,,,416.96,
5,SELV,PR,Galaxy S24,,,0,,,,79.40,64.60,,,,17,19.40,,,,,4.20,0.94,earned,brand,False,,,,,,,
5,SELV,Paid Social,Galaxy Tab S10,"493,396","4,868","22,773",452,"118,948",0.99,70.30,33.50,,,,,,,,,,10.70,0.74,paid,response,True,46.16,4.68,0.01,50.38,5.22,263.16,
5,SELV,Influencer,Galaxy Tab S10,,,"2,833",26,"8,084",4.28,38,36.50,Influencer_8,"651,777",,,,,,,,15.80,0.79,paid,response,True,,,,108.96,2.85,310.92,
5,SELV,TV,Galaxy Tab S10,,,"34,991",,,,59.40,49.40,,,499,,,,,,,14.30,0.82,paid,brand,False,,,,,,,70.12
5,SELV,Search,Galaxy Tab S10,"294,726","5,544","14,978",975,"307,977",1.88,48.30,36.40,,,,,,,,,,7.40,0.79,paid,response,True,50.82,2.70,0.02,15.36,20.56,315.87,
5,SELV,Website,Galaxy Tab S10,,,,561,"235,984",,43.50,48.30,,,,,,"52,174",39,253,3.09,14.30,0.80,earned,owned,True,,,,,,420.65,
5,SELV,PR,Galaxy Tab S10,,,0,,,,62.60,61.90,,,,37,30.10,,,,,8.40,0.85,earned,brand,False,,,,,,,
5,SELV,Paid Social,Galaxy Buds3,"551,790","4,778","31,339",538,"164,374",1.32,68.10,51.60,,,,,,,,,,7.50,0.87,paid,response,True,56.80,6.56,0.01,58.25,5.25,305.53,
5,SELV,Influencer,Galaxy Buds3,,,"7,400",9,"1,834",3.66,50.70,35,Influencer_9,"396,444",,,,,,,,8.30,0.80,paid,response,True,,,,822.22,0.25,203.78,
5,SELV,TV,Galaxy Buds3,,,"38,548",,,,72,63.80,,,534,,,,,,,14.10,0.91,paid,brand,False,,,,,,,72.19
5,SELV,Search,Galaxy Buds3,"666,316","8,002","19,921","1,018","268,296",1.20,47.40,52.50,,,,,,,,,,7.60,0.82,paid,response,True,29.90,2.49,0.01,19.57,13.47,263.55,
5,SELV,Website,Galaxy Buds3,,,,"1,233","291,784",,49.40,42.30,,,,,,"127,542",26.90,227,3.71,9,0.85,earned,owned,True,,,,,,236.65,
5,SELV,PR,Galaxy Buds3,,,0,,,,69,66.70,,,,90,32.60,,,,,4.70,0.85,earned,brand,False,,,,,,,
5,SELV,Paid Social,Galaxy Watch6,"424,320","5,695","17,336",448,"97,432",1.16,61.70,35.40,,,,,,,,,,10.40,0.76,paid,response,True,40.86,3.04,0.01,38.70,5.62,217.48,
5,SELV,Influencer,Galaxy Watch6,,,"2,750",26,"10,627",4.24,49.40,31.20,Influencer_9,"574,545",,,,,,,,7.40,0.93,paid,response,True,,,,105.77,3.86,408.73,
5,SELV,TV,Galaxy Watch6,,,"30,116",,,,57.70,49.30,,,399,,,,,,,14.50,0.83,paid,brand,False,,,,,,,75.48
5,SELV,Search,Galaxy Watch6,"294,550","6,442","14,995",628,"328,505",2.19,55.70,43.80,,,,,,,,,,10.30,0.93,paid,response,True,50.91,2.33,0.02,23.88,21.91,523.10,
5,SELV,Website,Galaxy Watch6,,,,525,"110,394",,44.10,49.90,,,,,,"47,414",35.40,237,3.75,11.20,0.89,earned,owned,True,,,,,,210.27,
5,SELV,PR,Galaxy Watch6,,,0,,,,81.70,58.50,,,,35,23.70,,,,,8.20,0.87,earned,brand,False,,,,,,,
5,SEMAG,Paid Social,Galaxy Z Fold8,"245,973","2,868","9,134",257,"81,232",1.01,51.10,55,,,,,,,,,,5.70,0.71,paid,response,True,37.13,3.18,0.01,35.54,8.89,316.08,
5,SEMAG,Influencer,Galaxy Z Fold8,,,"2,975",19,"6,252",2.93,56.30,25,Influencer_12,"821,880",,,,,,,,9,0.82,paid,response,True,,,,156.58,2.10,329.05,
5,SEMAG,TV,Galaxy Z Fold8,,,"20,639",,,,76.50,59.10,,,340,,,,,,,16.20,0.75,paid,brand,False,,,,,,,60.70
5,SEMAG,Search,Galaxy Z Fold8,"146,663","2,805","6,236",503,"155,436",1.91,61.60,37.50,,,,,,,,,,7,0.86,paid,response,True,42.52,2.22,0.02,12.40,24.93,309.02,
5,SEMAG,Website,Galaxy Z Fold8,,,,430,"158,938",,43.50,36.50,,,,,,"41,004",32.70,252,3.95,8.50,0.81,earned,owned,True,,,,,,369.62,
5,SEMAG,PR,Galaxy Z Fold8,,,0,,,,79.40,66.10,,,,39,28.10,,,,,3.30,0.92,earned,brand,False,,,,,,,
5,SEMAG,Paid Social,Galaxy Z Flip8,"402,314","3,600","19,228",201,"45,476",1.01,70.30,44.80,,,,,,,,,,7.70,0.90,paid,response,True,47.79,5.34,0.01,95.66,2.37,226.25,
5,SEMAG,Influencer,Galaxy Z Flip8,,,"4,220",10,"3,511",2.99,57.10,35.70,Influencer_12,"300,707",,,,,,,,10,0.84,paid,response,True,,,,422,0.83,351.10,
5,SEMAG,TV,Galaxy Z Flip8,,,"36,264",,,,55.70,56.50,,,405,,,,,,,18.50,0.80,paid,brand,False,,,,,,,89.54
5,SEMAG,Search,Galaxy Z Flip8,"443,882","5,950","12,691",944,"400,347",1.34,56.30,51,,,,,,,,,,13.10,0.92,paid,response,True,28.59,2.13,0.01,13.44,31.55,424.10,
5,SEMAG,Website,Galaxy Z Flip8,,,,565,"168,463",,60.10,43,,,,,,"36,347",33.10,151,3.19,13.90,0.77,earned,owned,True,,,,,,298.16,
5,SEMAG,PR,Galaxy Z Flip8,,,0,,,,73.70,54.30,,,,34,39.90,,,,,2.90,0.85,earned,brand,False,,,,,,,
5,SEMAG,Paid Social,Galaxy S24,"319,781","4,104","5,947",204,"60,415",1.16,64,52,,,,,,,,,,11.70,0.84,paid,response,True,18.60,1.45,0.01,29.15,10.16,296.15,
5,SEMAG,Influencer,Galaxy S24,,,"3,626",12,"2,957",3.28,55.30,46.60,Influencer_12,"343,028",,,,,,,,15.90,0.91,paid,response,True,,,,302.17,0.82,246.42,
5,SEMAG,TV,Galaxy S24,,,"18,339",,,,56.70,46.30,,,194,,,,,,,17.60,0.82,paid,brand,False,,,,,,,94.53
5,SEMAG,Search,Galaxy S24,"182,582","2,563","10,846",211,"84,767",1.40,56.80,58.70,,,,,,,,,,7.70,0.86,paid,response,True,59.40,4.23,0.01,51.40,7.82,401.74,
5,SEMAG,Website,Galaxy S24,,,,510,"209,319",,56.40,40.80,,,,,,"31,501",35.90,262,3.79,11.90,0.78,earned,owned,True,,,,,,410.43,
5,SEMAG,PR,Galaxy S24,,,0,,,,76,59.70,,,,21,20.10,,,,,6.30,0.85,earned,brand,False,,,,,,,
5,SEMAG,Paid Social,Galaxy Tab S10,"541,862","4,714","19,948",374,"118,529",1.07,63.40,34.20,,,,,,,,,,10.50,0.81,paid,response,True,36.81,4.23,0.01,53.34,5.94,316.92,
5,SEMAG,Influencer,Galaxy Tab S10,,,"4,859",18,"6,734",4.10,37.50,44.50,Influencer_22,"497,189",,,,,,,,13.10,0.84,paid,response,True,,,,269.94,1.39,374.11,
5,SEMAG,TV,Galaxy Tab S10,,,"33,944",,,,58.50,64.60,,,568,,,,,,,12.50,0.72,paid,brand,False,,,,,,,59.76
5,SEMAG,Search,Galaxy Tab S10,"244,163","3,803","16,886",384,"199,973",1.56,60.10,48.30,,,,,,,,,,6.60,0.80,paid,response,True,69.16,4.44,0.02,43.97,11.84,520.76,
5,SEMAG,Website,Galaxy Tab S10,,,,758,"314,316",,42.70,51,,,,,,"60,224",27.80,227,3.89,10.30,0.92,earned,owned,True,,,,,,414.66,
5,SEMAG,PR,Galaxy Tab S10,,,0,,,,71.90,69.20,,,,61,44.80,,,,,9,0.88,earned,brand,False,,,,,,,
5,SEMAG,Paid Social,Galaxy Buds3,"482,675","6,218","26,599",723,"171,368",1.23,54.60,32.30,,,,,,,,,,15.70,0.74,paid,response,True,55.11,4.28,0.01,36.79,6.44,237.02,
5,SEMAG,Influencer,Galaxy Buds3,,,"7,279",25,"10,699",2.87,65.90,49.30,Influencer_22,"897,576",,,,,,,,13.80,0.80,paid,response,True,,,,291.16,1.47,427.96,
5,SEMAG,TV,Galaxy Buds3,,,"35,191",,,,77.30,61.40,,,656,,,,,,,12,0.73,paid,brand,False,,,,,,,53.64
5,SEMAG,Search,Galaxy Buds3,"527,690","7,654","9,542","1,260","342,549",1.45,66.10,50.70,,,,,,,,,,12.60,0.93,paid,response,True,18.08,1.25,0.01,7.57,35.90,271.86,
5,SEMAG,Website,Galaxy Buds3,,,,710,"221,787",,53.30,47,,,,,,"78,279",27.70,201,2.79,7.80,0.88,earned,owned,True,,,,,,312.38,
5,SEMAG,PR,Galaxy Buds3,,,0,,,,77.70,50.80,,,,62,49.40,,,,,7.20,0.90,earned,brand,False,,,,,,,
5,SEMAG,Paid Social,Galaxy Watch6,"361,491","3,135","5,562",328,"122,449",1.05,54.70,47.40,,,,,,,,,,6.40,0.75,paid,response,True,15.39,1.77,0.01,16.96,22.02,373.32,
5,SEMAG,Influencer,Galaxy Watch6,,,"3,002",31,"8,129",4.75,61.30,40,Influencer_11,"963,660",,,,,,,,10.10,0.93,paid,response,True,,,,96.84,2.71,262.23,
5,SEMAG,TV,Galaxy Watch6,,,"16,589",,,,56.70,53.20,,,344,,,,,,,11.50,0.73,paid,brand,False,,,,,,,48.22
5,SEMAG,Search,Galaxy Watch6,"144,911","1,923","11,452",211,"60,214",1.33,52.80,50.50,,,,,,,,,,8,0.82,paid,response,True,79.03,5.96,0.01,54.27,5.26,285.37,
5,SEMAG,Website,Galaxy Watch6,,,,644,"169,272",,44.90,37.20,,,,,,"37,398",39.10,167,3.81,10.80,0.79,earned,owned,True,,,,,,262.84,
5,SEMAG,PR,Galaxy Watch6,,,0,,,,70,56,,,,36,43,,,,,2.50,0.91,earned,brand,False,,,,,,,
5,SEEG,Paid Social,Galaxy Z Fold8,"251,158","3,033","9,278",279,"44,101",1.09,48.50,57.60,,,,,,,,,,6.20,0.75,paid,response,True,36.94,3.06,0.01,33.25,4.75,158.07,
5,SEEG,Influencer,Galaxy Z Fold8,,,"3,795",44,"9,622",5.73,51.30,49.20,Influencer_13,"545,620",,,,,,,,12.10,0.87,paid,response,True,,,,86.25,2.54,218.68,
5,SEEG,TV,Galaxy Z Fold8,,,"14,542",,,,79.50,66.20,,,259,,,,,,,14.20,0.84,paid,brand,False,,,,,,,56.15
5,SEEG,Search,Galaxy Z Fold8,"154,014","3,215","11,559",561,"185,776",2.09,48,36.40,,,,,,,,,,9.60,0.88,paid,response,True,75.05,3.60,0.02,20.60,16.07,331.15,
5,SEEG,Website,Galaxy Z Fold8,,,,612,"241,975",,42.40,49.30,,,,,,"47,951",42.50,208,2.53,13.60,0.85,earned,owned,True,,,,,,395.38,
5,SEEG,PR,Galaxy Z Fold8,,,0,,,,75.90,59.80,,,,30,35.50,,,,,2.50,0.92,earned,brand,False,,,,,,,
5,SEEG,Paid Social,Galaxy Z Flip8,"583,611","5,180","17,540",434,"77,640",0.88,61,58.10,,,,,,,,,,9.70,0.79,paid,response,True,30.05,3.39,0.01,40.41,4.43,178.89,
5,SEEG,Influencer,Galaxy Z Flip8,,,"5,278",7,"2,267",3.31,59.10,49.20,Influencer_14,"449,739",,,,,,,,11.90,0.76,paid,response,True,,,,754,0.43,323.86,
5,SEEG,TV,Galaxy Z Flip8,,,"20,908",,,,73,62.80,,,571,,,,,,,7.90,0.75,paid,brand,False,,,,,,,36.62
5,SEEG,Search,Galaxy Z Flip8,"266,410","3,949","13,697",454,"202,739",1.48,53.10,42.80,,,,,,,,,,10.50,0.86,paid,response,True,51.41,3.47,0.01,30.17,14.80,446.56,
5,SEEG,Website,Galaxy Z Flip8,,,,649,"142,192",,59.40,38.90,,,,,,"44,577",43.80,202,3.24,14.70,0.79,earned,owned,True,,,,,,219.09,
5,SEEG,PR,Galaxy Z Flip8,,,0,,,,77,53.30,,,,39,43.20,,,,,7.90,0.88,earned,brand,False,,,,,,,
5,SEEG,Paid Social,Galaxy S24,"288,118","2,948","13,383",236,"38,585",1.43,63.70,49.70,,,,,,,,,,8.90,0.75,paid,response,True,46.45,4.54,0.01,56.71,2.88,163.50,
5,SEEG,Influencer,Galaxy S24,,,"4,084",26,"6,157",3.31,58.20,48.60,Influencer_14,"746,302",,,,,,,,6.90,0.80,paid,response,True,,,,157.08,1.51,236.81,
5,SEEG,TV,Galaxy S24,,,"26,484",,,,74.10,66.30,,,329,,,,,,,7.30,0.89,paid,brand,False,,,,,,,80.50
5,SEEG,Search,Galaxy S24,"198,771","2,937","10,164",323,"174,267",1.48,48.50,56.90,,,,,,,,,,8.50,0.78,paid,response,True,51.13,3.46,0.01,31.47,17.15,539.53,
5,SEEG,Website,Galaxy S24,,,,533,"112,518",,54.30,46.50,,,,,,"45,065",29.10,197,3.49,5.80,0.89,earned,owned,True,,,,,,211.10,
5,SEEG,PR,Galaxy S24,,,0,,,,76.40,54.40,,,,9,42.30,,,,,9.50,0.84,earned,brand,False,,,,,,,
5,SEEG,Paid Social,Galaxy Tab S10,"604,093","7,331","8,704",493,"176,153",1.10,55.30,52.90,,,,,,,,,,14.30,0.71,paid,response,True,14.41,1.19,0.01,17.66,20.24,357.31,
5,SEEG,Influencer,Galaxy Tab S10,,,"6,012",43,"12,307",3.86,66.20,41,Influencer_14,"780,170",,,,,,,,10.70,0.89,paid,response,True,,,,139.81,2.05,286.21,
5,SEEG,TV,Galaxy Tab S10,,,"43,204",,,,59.10,52,,,359,,,,,,,15.90,0.90,paid,brand,False,,,,,,,120.35
5,SEEG,Search,Galaxy Tab S10,"249,168","5,251","12,957",839,"449,108",2.11,49.10,41.70,,,,,,,,,,9.90,0.83,paid,response,True,52.00,2.47,0.02,15.44,34.66,535.29,
5,SEEG,Website,Galaxy Tab S10,,,,575,"154,426",,61.30,45.20,,,,,,"68,661",30.40,214,3.67,6.70,0.85,earned,owned,True,,,,,,268.57,
5,SEEG,PR,Galaxy Tab S10,,,0,,,,78.70,57.10,,,,40,50.10,,,,,2.20,0.80,earned,brand,False,,,,,,,
5,SEEG,Paid Social,Galaxy Buds3,"467,460","6,900","24,960",628,"181,587",1.09,59.90,33.40,,,,,,,,,,16.30,0.84,paid,response,True,53.39,3.62,0.01,39.75,7.28,289.15,
5,SEEG,Influencer,Galaxy Buds3,,,"8,346",26,"7,224",3.13,51.30,31.80,Influencer_14,"661,834",,,,,,,,8.20,0.92,paid,response,True,,,,321,0.87,277.85,
5,SEEG,TV,Galaxy Buds3,,,"29,923",,,,57.90,43.50,,,466,,,,,,,15.20,0.89,paid,brand,False,,,,,,,64.21
5,SEEG,Search,Galaxy Buds3,"543,625","8,248","15,721",709,"329,234",1.52,53.50,41.90,,,,,,,,,,11.10,0.92,paid,response,True,28.92,1.91,0.02,22.17,20.94,464.36,
5,SEEG,Website,Galaxy Buds3,,,,"1,161","245,183",,52.10,42.80,,,,,,"86,680",29.70,177,2.62,7.90,0.81,earned,owned,True,,,,,,211.18,
5,SEEG,PR,Galaxy Buds3,,,0,,,,74.50,47.80,,,,59,49.90,,,,,5.80,0.85,earned,brand,False,,,,,,,
5,SEEG,Paid Social,Galaxy Watch6,"230,825","2,374","10,711",158,"39,821",1.26,56.60,60.20,,,,,,,,,,13,0.74,paid,response,True,46.40,4.51,0.01,67.79,3.72,252.03,
5,SEEG,Influencer,Galaxy Watch6,,,"3,528",15,"5,740",5.76,60.70,40.30,Influencer_14,"505,002",,,,,,,,14.30,0.85,paid,response,True,,,,235.20,1.63,382.67,
5,SEEG,TV,Galaxy Watch6,,,"30,648",,,,63.60,47.90,,,343,,,,,,,17,0.73,paid,brand,False,,,,,,,89.35
5,SEEG,Search,Galaxy Watch6,"306,345","4,135","5,656",725,"389,750",1.35,71.80,49.60,,,,,,,,,,14,0.88,paid,response,True,18.46,1.37,0.01,7.80,68.91,537.59,
5,SEEG,Website,Galaxy Watch6,,,,631,"145,325",,57.50,43,,,,,,"47,159",42.60,163,3.41,8.70,0.79,earned,owned,True,,,,,,230.31,
5,SEEG,PR,Galaxy Watch6,,,0,,,,63.60,52.10,,,,41,23.80,,,,,8.90,0.86,earned,brand,False,,,,,,,
5,SEIL,Paid Social,Galaxy Z Fold8,"387,964","3,958","8,284",377,"98,491",1.47,54.80,33.40,,,,,,,,,,12.20,0.72,paid,response,True,21.35,2.09,0.01,21.97,11.89,261.25,
5,SEIL,Influencer,Galaxy Z Fold8,,,"2,565",35,"11,397",4.19,53.60,49.80,Influencer_17,"885,066",,,,,,,,7.80,0.86,paid,response,True,,,,73.29,4.44,325.63,
5,SEIL,TV,Galaxy Z Fold8,,,"29,773",,,,69.60,46,,,390,,,,,,,10.10,0.78,paid,brand,False,,,,,,,76.34
5,SEIL,Search,Galaxy Z Fold8,"243,885","3,214","12,276",392,"213,629",1.32,61.40,51.30,,,,,,,,,,12,0.92,paid,response,True,50.34,3.82,0.01,31.32,17.40,544.97,
5,SEIL,Website,Galaxy Z Fold8,,,,468,"107,732",,44.20,30.90,,,,,,"57,494",30.30,270,3.61,9.80,0.87,earned,owned,True,,,,,,230.20,
5,SEIL,PR,Galaxy Z Fold8,,,0,,,,79.20,69,,,,14,19,,,,,10.10,0.86,earned,brand,False,,,,,,,
5,SEIL,Paid Social,Galaxy Z Flip8,"559,857","7,210","15,679",699,"125,650",1.43,69.50,48.70,,,,,,,,,,12.90,0.95,paid,response,True,28.01,2.17,0.01,22.43,8.01,179.76,
5,SEIL,Influencer,Galaxy Z Flip8,,,"4,650",20,"9,464",5.09,55.40,47.20,Influencer_18,"277,335",,,,,,,,10.90,0.90,paid,response,True,,,,232.50,2.04,473.20,
5,SEIL,TV,Galaxy Z Flip8,,,"30,570",,,,59.60,61.60,,,609,,,,,,,18,0.91,paid,brand,False,,,,,,,50.20
5,SEIL,Search,Galaxy Z Flip8,"270,843","3,662","8,075",510,"184,090",1.35,63.20,45,,,,,,,,,,8.90,0.86,paid,response,True,29.81,2.21,0.01,15.83,22.80,360.96,
5,SEIL,Website,Galaxy Z Flip8,,,,"1,189","266,603",,53.90,43.10,,,,,,"68,203",30.90,237,2.57,10.60,0.92,earned,owned,True,,,,,,224.22,
5,SEIL,PR,Galaxy Z Flip8,,,0,,,,65.50,50.50,,,,44,24.70,,,,,3.30,0.93,earned,brand,False,,,,,,,
5,SEIL,Paid Social,Galaxy S24,"464,705","6,587","9,923",490,"107,586",1.42,51.90,41.40,,,,,,,,,,7.50,0.77,paid,response,True,21.35,1.51,0.01,20.25,10.84,219.56,
5,SEIL,Influencer,Galaxy S24,,,"2,302",17,"8,080",3.28,66.20,47.60,Influencer_17,"660,237",,,,,,,,15.70,0.88,paid,response,True,,,,135.41,3.51,475.29,
5,SEIL,TV,Galaxy S24,,,"20,601",,,,60.20,63.50,,,235,,,,,,,16.10,0.73,paid,brand,False,,,,,,,87.66
5,SEIL,Search,Galaxy S24,"168,438","3,638","14,536",486,"149,950",2.16,59.20,56.10,,,,,,,,,,8.30,0.83,paid,response,True,86.30,4.00,0.02,29.91,10.32,308.54,
5,SEIL,Website,Galaxy S24,,,,851,"281,020",,58.90,53,,,,,,"55,598",41.60,225,3.88,6.70,0.91,earned,owned,True,,,,,,330.22,
5,SEIL,PR,Galaxy S24,,,0,,,,79.10,70.80,,,,43,22.90,,,,,8.60,0.82,earned,brand,False,,,,,,,
5,SEIL,Paid Social,Galaxy Tab S10,"539,791","7,354","15,189",722,"167,344",1.15,50.80,49.90,,,,,,,,,,11.70,0.89,paid,response,True,28.14,2.07,0.01,21.04,11.02,231.78,
5,SEIL,Influencer,Galaxy Tab S10,,,"2,609",30,"14,391",3.60,60.30,34.50,Influencer_16,"921,354",,,,,,,,14.90,0.88,paid,response,True,,,,86.97,5.52,479.70,
5,SEIL,TV,Galaxy Tab S10,,,"25,463",,,,70.90,42.70,,,696,,,,,,,8.60,0.80,paid,brand,False,,,,,,,36.58
5,SEIL,Search,Galaxy Tab S10,"327,168","6,128","14,719",778,"307,583",1.87,51.70,47.90,,,,,,,,,,6.20,0.88,paid,response,True,44.99,2.40,0.02,18.92,20.90,395.35,
5,SEIL,Website,Galaxy Tab S10,,,,849,"351,731",,53.30,45.30,,,,,,"48,530",40,150,3.15,12.60,0.76,earned,owned,True,,,,,,414.29,
5,SEIL,PR,Galaxy Tab S10,,,0,,,,73.30,51.90,,,,40,43.40,,,,,5.10,0.88,earned,brand,False,,,,,,,
5,SEIL,Paid Social,Galaxy Buds3,"624,124","8,828","20,577",971,"307,801",1.14,61.40,48.90,,,,,,,,,,12,0.77,paid,response,True,32.97,2.33,0.01,21.19,14.96,316.99,
5,SEIL,Influencer,Galaxy Buds3,,,"9,643",23,"7,495",5.87,49.90,32.40,Influencer_18,"317,825",,,,,,,,10.70,0.79,paid,response,True,,,,419.26,0.78,325.87,
5,SEIL,TV,Galaxy Buds3,,,"53,442",,,,57.80,59.90,,,774,,,,,,,15.50,0.87,paid,brand,False,,,,,,,69.05
5,SEIL,Search,Galaxy Buds3,"581,298","11,859","27,329","1,661","757,692",2.04,47.70,42.20,,,,,,,,,,6.90,0.92,paid,response,True,47.01,2.30,0.02,16.45,27.72,456.17,
5,SEIL,Website,Galaxy Buds3,,,,936,"367,800",,61.20,40.60,,,,,,"108,788",30.20,231,3.12,8.10,0.76,earned,owned,True,,,,,,392.95,
5,SEIL,PR,Galaxy Buds3,,,0,,,,66,66.50,,,,86,46.80,,,,,4.80,0.87,earned,brand,False,,,,,,,
5,SEIL,Paid Social,Galaxy Watch6,"420,081","5,935","15,521",335,"102,617",1.46,60.90,40.90,,,,,,,,,,12.80,0.70,paid,response,True,36.95,2.62,0.01,46.33,6.61,306.32,
5,SEIL,Influencer,Galaxy Watch6,,,"1,962",15,"4,499",5.31,47.10,48,Influencer_16,"222,143",,,,,,,,7.10,0.76,paid,response,True,,,,130.80,2.29,299.93,
5,SEIL,TV,Galaxy Watch6,,,"22,990",,,,68.40,67.10,,,306,,,,,,,17.10,0.80,paid,brand,False,,,,,,,75.13
5,SEIL,Search,Galaxy Watch6,"355,080","5,075","8,026",868,"303,323",1.43,52.40,53.80,,,,,,,,,,13.50,0.79,paid,response,True,22.60,1.58,0.01,9.25,37.79,349.45,
5,SEIL,Website,Galaxy Watch6,,,,429,"142,273",,48.10,30.60,,,,,,"27,627",35,274,2.56,11.80,0.87,earned,owned,True,,,,,,331.64,
5,SEIL,PR,Galaxy Watch6,,,0,,,,60.60,65.60,,,,12,23.20,,,,,7.90,0.82,earned,brand,False,,,,,,,
5,SEPAK,Paid Social,Galaxy Z Fold8,"355,299","5,022","5,912",231,"63,785",1.29,64.50,31.60,,,,,,,,,,14.40,0.84,paid,response,True,16.64,1.18,0.01,25.59,10.79,276.13,
5,SEPAK,Influencer,Galaxy Z Fold8,,,"3,796",13,"5,842",5.08,62.30,48.50,Influencer_23,"300,198",,,,,,,,10.80,0.90,paid,response,True,,,,292,1.54,449.38,
5,SEPAK,TV,Galaxy Z Fold8,,,"19,920",,,,66.50,45,,,216,,,,,,,18.60,0.84,paid,brand,False,,,,,,,92.22
5,SEPAK,Search,Galaxy Z Fold8,"198,974","2,967","5,219",303,"112,685",1.49,54,42.60,,,,,,,,,,11.30,0.86,paid,response,True,26.23,1.76,0.01,17.22,21.59,371.90,
5,SEPAK,Website,Galaxy Z Fold8,,,,327,"106,032",,58.90,41.30,,,,,,"40,048",32.90,245,3.64,11.30,0.75,earned,owned,True,,,,,,324.26,
5,SEPAK,PR,Galaxy Z Fold8,,,0,,,,69.40,48.70,,,,19,28.40,,,,,4.80,0.82,earned,brand,False,,,,,,,
5,SEPAK,Paid Social,Galaxy Z Flip8,"498,153","7,387","9,074",626,"126,402",1.46,60.30,33.50,,,,,,,,,,10.30,0.91,paid,response,True,18.22,1.23,0.01,14.50,13.93,201.92,
5,SEPAK,Influencer,Galaxy Z Flip8,,,"5,538",38,"16,348",5.44,44.10,34.30,Influencer_20,"958,154",,,,,,,,9.90,0.78,paid,response,True,,,,145.74,2.95,430.21,
5,SEPAK,TV,Galaxy Z Flip8,,,"30,639",,,,69.10,52.70,,,451,,,,,,,7.10,0.86,paid,brand,False,,,,,,,67.94
5,SEPAK,Search,Galaxy Z Flip8,"417,513","7,358","15,608",990,"340,465",1.76,63.30,43.50,,,,,,,,,,11.40,0.86,paid,response,True,37.38,2.12,0.02,15.77,21.81,343.90,
5,SEPAK,Website,Galaxy Z Flip8,,,,626,"191,822",,45.10,48.70,,,,,,"36,403",26.60,182,3.64,7.20,0.83,earned,owned,True,,,,,,306.42,
5,SEPAK,PR,Galaxy Z Flip8,,,0,,,,68.10,50.30,,,,20,16.20,,,,,9.20,0.88,earned,brand,False,,,,,,,
5,SEPAK,Paid Social,Galaxy S24,"357,075","5,041","10,280",362,"81,155",1.10,51.30,58.70,,,,,,,,,,13.60,0.83,paid,response,True,28.79,2.04,0.01,28.40,7.89,224.19,
5,SEPAK,Influencer,Galaxy S24,,,"1,743",16,"5,711",4.47,42.60,43.40,Influencer_20,"589,684",,,,,,,,13.60,0.85,paid,response,True,,,,108.94,3.28,356.94,
5,SEPAK,TV,Galaxy S24,,,"18,585",,,,66.60,65.90,,,256,,,,,,,18.10,0.86,paid,brand,False,,,,,,,72.60
5,SEPAK,Search,Galaxy S24,"148,382","2,024","10,210",163,"61,107",1.36,50.80,37.20,,,,,,,,,,13.80,0.83,paid,response,True,68.81,5.04,0.01,62.64,5.99,374.89,
5,SEPAK,Website,Galaxy S24,,,,298,"66,591",,52.70,33.90,,,,,,"29,839",34.20,174,2.59,9,0.85,earned,owned,True,,,,,,223.46,
5,SEPAK,PR,Galaxy S24,,,0,,,,57.90,50.80,,,,19,25.30,,,,,4.60,0.95,earned,brand,False,,,,,,,
5,SEPAK,Paid Social,Galaxy Tab S10,"434,059","5,248","13,210",364,"124,395",1.45,59.30,50.20,,,,,,,,,,7.90,0.85,paid,response,True,30.43,2.52,0.01,36.29,9.42,341.74,
5,SEPAK,Influencer,Galaxy Tab S10,,,"2,676",24,"5,536",3.26,60.40,42.60,Influencer_23,"966,150",,,,,,,,14.20,0.82,paid,response,True,,,,111.50,2.07,230.67,
5,SEPAK,TV,Galaxy Tab S10,,,"41,284",,,,61.90,62.70,,,424,,,,,,,17.50,0.85,paid,brand,False,,,,,,,97.37
5,SEPAK,Search,Galaxy Tab S10,"328,920","4,635","6,051",733,"400,750",1.41,49.30,55.60,,,,,,,,,,6.30,0.81,paid,response,True,18.40,1.31,0.01,8.26,66.23,546.73,
5,SEPAK,Website,Galaxy Tab S10,,,,337,"142,884",,51.60,41.80,,,,,,"30,019",26,280,3.71,8.50,0.89,earned,owned,True,,,,,,423.99,
5,SEPAK,PR,Galaxy Tab S10,,,0,,,,66.90,55.60,,,,30,41.80,,,,,6.30,0.85,earned,brand,False,,,,,,,
5,SEPAK,Paid Social,Galaxy Buds3,"618,936","6,324","11,649",699,"252,022",1.47,70.90,56,,,,,,,,,,14,0.91,paid,response,True,18.82,1.84,0.01,16.67,21.63,360.55,
5,SEPAK,Influencer,Galaxy Buds3,,,"7,569",21,"4,957",4.22,63.50,44.60,Influencer_20,"663,100",,,,,,,,8.30,0.92,paid,response,True,,,,360.43,0.65,236.05,
5,SEPAK,TV,Galaxy Buds3,,,"48,435",,,,71.80,60.70,,,635,,,,,,,9.60,0.83,paid,brand,False,,,,,,,76.28
5,SEPAK,Search,Galaxy Buds3,"320,104","5,065","12,691",877,"481,149",1.58,51.90,44.50,,,,,,,,,,6.80,0.87,paid,response,True,39.65,2.51,0.02,14.47,37.91,548.63,
5,SEPAK,Website,Galaxy Buds3,,,,665,"194,324",,41.80,36.90,,,,,,"74,440",30.10,153,3.41,10.30,0.76,earned,owned,True,,,,,,292.22,
5,SEPAK,PR,Galaxy Buds3,,,0,,,,58.90,60.30,,,,41,33.20,,,,,2.30,0.91,earned,brand,False,,,,,,,
5,SEPAK,Paid Social,Galaxy Watch6,"298,735","4,475","10,756",354,"95,000",1.41,65,55.20,,,,,,,,,,6,0.71,paid,response,True,36.01,2.40,0.01,30.38,8.83,268.36,
5,SEPAK,Influencer,Galaxy Watch6,,,"1,779",24,"5,747",4.97,49.10,50.40,Influencer_20,"360,633",,,,,,,,7.10,0.88,paid,response,True,,,,74.12,3.23,239.46,
5,SEPAK,TV,Galaxy Watch6,,,"13,633",,,,57.40,56.10,,,224,,,,,,,18.80,0.76,paid,brand,False,,,,,,,60.86
5,SEPAK,Search,Galaxy Watch6,"248,765","4,819","8,360",789,"398,026",1.94,54.90,53.20,,,,,,,,,,13.20,0.87,paid,response,True,33.61,1.73,0.02,10.60,47.61,504.47,
5,SEPAK,Website,Galaxy Watch6,,,,516,"224,530",,61.60,42.50,,,,,,"39,201",33.10,165,2.60,12.80,0.77,earned,owned,True,,,,,,435.14,
5,SEPAK,PR,Galaxy Watch6,,,0,,,,72.70,63.20,,,,30,16.30,,,,,5.70,0.90,earned,brand,False,,,,,,,
6,SGE,Paid Social,Galaxy Z Fold8,"541,370","7,506","6,959",487,"141,298",0.88,58,57.30,,,,,,,,,,6,0.93,paid,response,True,12.85,0.93,0.01,14.29,20.30,290.14,
6,SGE,Influencer,Galaxy Z Fold8,,,"2,584",22,"5,625",5.71,55.50,55,Influencer_1,"321,909",,,,,,,,13.90,0.91,paid,response,True,,,,117.45,2.18,255.68,
6,SGE,TV,Galaxy Z Fold8,,,"25,446",,,,66.40,46,,,417,,,,,,,15.10,0.77,paid,brand,False,,,,,,,61.02
6,SGE,Search,Galaxy Z Fold8,"377,764","6,959","9,349","1,076","507,262",1.84,56.20,46.10,,,,,,,,,,7.20,0.82,paid,response,True,24.75,1.34,0.02,8.69,54.26,471.43,
6,SGE,Website,Galaxy Z Fold8,,,,637,"260,417",,49.60,48.40,,,,,,"52,530",30.50,201,2.77,7.60,0.84,earned,owned,True,,,,,,408.82,
6,SGE,PR,Galaxy Z Fold8,,,0,,,,78.30,60.30,,,,54,25.90,,,,,8.70,0.91,earned,brand,False,,,,,,,
6,SGE,B2B Roadshow,Galaxy Z Fold8,"8,961",,"3,300",92,"31,252",4.93,65.80,54.20,,,,,,,,,,9.90,0.88,paid,brand,True,368.26,,,35.87,9.47,339.70,
6,SGE,Retail,Galaxy Z Fold8,"20,077",,"2,849",83,"51,766",4.21,64.90,50.40,,,,,,,,,,10.10,0.83,paid,response,True,141.90,,,34.33,18.17,623.69,
6,SGE,Paid Social,Galaxy Z Flip8,"353,296","3,982","7,492",452,"126,224",1.24,58.30,46.20,,,,,,,,,,8.90,0.84,paid,response,True,21.21,1.88,0.01,16.58,16.85,279.26,
6,SGE,Influencer,Galaxy Z Flip8,,,"3,242",55,"21,386",5.65,63.90,26.20,Influencer_3,"816,972",,,,,,,,10.40,0.82,paid,response,True,,,,58.95,6.60,388.84,
6,SGE,TV,Galaxy Z Flip8,,,"21,025",,,,79.80,51.70,,,284,,,,,,,12,0.76,paid,brand,False,,,,,,,74.03
6,SGE,Search,Galaxy Z Flip8,"179,056","2,934","14,349",408,"187,006",1.64,66.70,48.40,,,,,,,,,,6.80,0.90,paid,response,True,80.14,4.89,0.02,35.17,13.03,458.35,
6,SGE,Website,Galaxy Z Flip8,,,,695,"208,700",,64.70,43.70,,,,,,"54,214",25.80,209,3.64,9.20,0.89,earned,owned,True,,,,,,300.29,
6,SGE,PR,Galaxy Z Flip8,,,0,,,,59.70,60,,,,52,27,,,,,9.50,0.94,earned,brand,False,,,,,,,
6,SGE,B2B Roadshow,Galaxy Z Flip8,"15,623",,"4,625",92,"30,602",6.76,57.60,56.70,,,,,,,,,,11.70,0.98,paid,brand,True,296.04,,,50.27,6.62,332.63,
6,SGE,Retail,Galaxy Z Flip8,"20,854",,"5,247",55,"39,884",3.83,53.30,45,,,,,,,,,,7.20,0.93,paid,response,True,251.61,,,95.40,7.60,725.16,
6,SGE,Paid Social,Galaxy S24,"378,325","3,841","10,377",226,"45,387",0.86,51.30,52.70,,,,,,,,,,15.10,0.79,paid,response,True,27.43,2.70,0.01,45.92,4.37,200.83,
6,SGE,Influencer,Galaxy S24,,,"3,942",14,"4,454",3.71,44.20,40.20,Influencer_2,"367,069",,,,,,,,10,0.84,paid,response,True,,,,281.57,1.13,318.14,
6,SGE,TV,Galaxy S24,,,"26,397",,,,79.90,53.70,,,454,,,,,,,10.20,0.91,paid,brand,False,,,,,,,58.14
6,SGE,Search,Galaxy S24,"293,051","5,782","11,084",936,"439,088",1.97,59,46.40,,,,,,,,,,5.20,0.86,paid,response,True,37.82,1.92,0.02,11.84,39.61,469.11,
6,SGE,Website,Galaxy S24,,,,314,"110,569",,54.70,31,,,,,,"30,776",40.40,244,3.04,11,0.82,earned,owned,True,,,,,,352.13,
6,SGE,PR,Galaxy S24,,,0,,,,62.50,51.90,,,,16,34.40,,,,,3.10,0.87,earned,brand,False,,,,,,,
6,SGE,B2B Roadshow,Galaxy S24,"12,147",,"6,146",70,"15,978",5.13,60.70,57.70,,,,,,,,,,10.70,0.83,paid,brand,True,505.97,,,87.80,2.60,228.26,
6,SGE,Retail,Galaxy S24,"25,091",,"2,735",57,"43,811",4.73,66.70,54.30,,,,,,,,,,6.70,0.90,paid,response,True,109.00,,,47.98,16.02,768.61,
6,SGE,Paid Social,Galaxy Tab S10,"477,103","6,007","21,779",626,"95,813",1.02,61.20,43.70,,,,,,,,,,10.50,0.82,paid,response,True,45.65,3.63,0.01,34.79,4.40,153.06,
6,SGE,Influencer,Galaxy Tab S10,,,"2,972",19,"5,274",3.98,56.80,44.10,Influencer_3,"621,216",,,,,,,,14.20,0.84,paid,response,True,,,,156.42,1.77,277.58,
6,SGE,TV,Galaxy Tab S10,,,"46,947",,,,68.80,52.40,,,688,,,,,,,12.80,0.79,paid,brand,False,,,,,,,68.24
6,SGE,Search,Galaxy Tab S10,"339,619","7,406","23,651","1,155","590,313",2.18,50.40,36.80,,,,,,,,,,13.10,0.89,paid,response,True,69.64,3.19,0.02,20.48,24.96,511.09,
6,SGE,Website,Galaxy Tab S10,,,,720,"290,310",,53.80,32,,,,,,"72,272",39.60,266,3.15,13.70,0.83,earned,owned,True,,,,,,403.21,
6,SGE,PR,Galaxy Tab S10,,,0,,,,76.20,53.50,,,,22,41.70,,,,,4.20,0.85,earned,brand,False,,,,,,,
6,SGE,B2B Roadshow,Galaxy Tab S10,"9,289",,"7,446",63,"23,901",4.47,63.30,58.90,,,,,,,,,,7.10,0.83,paid,brand,True,801.59,,,118.19,3.21,379.38,
6,SGE,Retail,Galaxy Tab S10,"20,111",,"3,463",58,"80,759",4.95,55,46.70,,,,,,,,,,6.80,0.91,paid,response,True,172.19,,,59.71,23.32,"1,392.40",
6,SGE,Paid Social,Galaxy Buds3,"717,455","8,217","18,112",555,"146,801",1.23,71.60,59.30,,,,,,,,,,16.20,0.91,paid,response,True,25.24,2.20,0.01,32.63,8.11,264.51,
6,SGE,Influencer,Galaxy Buds3,,,"4,893",15,"3,660",2.64,67.10,45.10,Influencer_3,"680,687",,,,,,,,15,0.83,paid,response,True,,,,326.20,0.75,244,
6,SGE,TV,Galaxy Buds3,,,"30,325",,,,80.20,62.70,,,493,,,,,,,11.50,0.72,paid,brand,False,,,,,,,61.51
6,SGE,Search,Galaxy Buds3,"596,436","8,689","10,864","1,422","540,403",1.46,51.30,41.40,,,,,,,,,,6.90,0.83,paid,response,True,18.21,1.25,0.01,7.64,49.74,380.03,
6,SGE,Website,Galaxy Buds3,,,,"1,355","539,873",,54,50,,,,,,"101,236",38.90,162,3.06,9.40,0.88,earned,owned,True,,,,,,398.43,
6,SGE,PR,Galaxy Buds3,,,0,,,,75.80,62.30,,,,36,35.30,,,,,9.40,0.91,earned,brand,False,,,,,,,
6,SGE,B2B Roadshow,Galaxy Buds3,"16,330",,"3,041",79,"25,507",3.09,63.30,52.60,,,,,,,,,,6.90,0.92,paid,brand,True,186.22,,,38.49,8.39,322.87,
6,SGE,Retail,Galaxy Buds3,"31,783",,"2,397",100,"46,116",2.07,56.50,46.30,,,,,,,,,,8.30,0.91,paid,response,True,75.42,,,23.97,19.24,461.16,
6,SGE,Paid Social,Galaxy Watch6,"536,803","6,025","14,826",546,"126,774",1.07,71.90,32.60,,,,,,,,,,9.10,0.79,paid,response,True,27.62,2.46,0.01,27.15,8.55,232.19,
6,SGE,Influencer,Galaxy Watch6,,,"5,222",14,"5,035",4.12,42.90,37.70,Influencer_2,"359,151",,,,,,,,10.20,0.88,paid,response,True,,,,373,0.96,359.64,
6,SGE,TV,Galaxy Watch6,,,"38,778",,,,59,56.20,,,514,,,,,,,18.20,0.74,paid,brand,False,,,,,,,75.44
6,SGE,Search,Galaxy Watch6,"397,998","8,695","12,705",959,"455,771",2.18,59.70,48.30,,,,,,,,,,6,0.87,paid,response,True,31.92,1.46,0.02,13.25,35.87,475.26,
6,SGE,Website,Galaxy Watch6,,,,754,"229,101",,54.50,36.90,,,,,,"55,250",40.30,222,3.33,14.20,0.77,earned,owned,True,,,,,,303.85,
6,SGE,PR,Galaxy Watch6,,,0,,,,62.10,57.10,,,,55,43.50,,,,,3.10,0.82,earned,brand,False,,,,,,,
6,SGE,B2B Roadshow,Galaxy Watch6,"11,201",,"4,463",86,"15,194",6.83,74.70,69.60,,,,,,,,,,8.90,0.88,paid,brand,True,398.45,,,51.90,3.40,176.67,
6,SGE,Retail,Galaxy Watch6,"17,405",,"3,712",121,"34,817",3.28,57.30,47.10,,,,,,,,,,13.10,0.94,paid,response,True,213.27,,,30.68,9.38,287.74,
6,SESAR,Paid Social,Galaxy Z Fold8,"449,689","5,600","14,229",463,"114,844",1.40,58.80,46.10,,,,,,,,,,14.90,0.81,paid,response,True,31.64,2.54,0.01,30.73,8.07,248.04,
6,SESAR,Influencer,Galaxy Z Fold8,,,"3,681",28,"12,008",3.51,57.50,46.50,Influencer_21,"619,487",,,,,,,,7.20,0.87,paid,response,True,,,,131.46,3.26,428.86,
6,SESAR,TV,Galaxy Z Fold8,,,"28,700",,,,67.50,48.70,,,449,,,,,,,6.70,0.76,paid,brand,False,,,,,,,63.92
6,SESAR,Search,Galaxy Z Fold8,"309,830","5,638","6,319",789,"370,549",1.82,72,44.70,,,,,,,,,,6.80,0.87,paid,response,True,20.40,1.12,0.02,8.01,58.64,469.64,
6,SESAR,Website,Galaxy Z Fold8,,,,830,"363,508",,63.80,52.30,,,,,,"55,927",25.50,249,3.33,6.60,0.82,earned,owned,True,,,,,,437.96,
6,SESAR,PR,Galaxy Z Fold8,,,0,,,,82.40,70.20,,,,25,20.30,,,,,4.10,0.85,earned,brand,False,,,,,,,
6,SESAR,B2B Roadshow,Galaxy Z Fold8,"5,506",,"4,695",56,"23,111",5.30,68.70,58.90,,,,,,,,,,6.70,0.85,paid,brand,True,852.71,,,83.84,4.92,412.70,
6,SESAR,Retail,Galaxy Z Fold8,"23,119",,"4,048",112,"19,284",5.21,66.80,62.40,,,,,,,,,,13.30,0.84,paid,response,True,175.09,,,36.14,4.76,172.18,
6,SESAR,Paid Social,Galaxy Z Flip8,"439,280","6,473","6,112",646,"207,046",1.08,59.60,46.30,,,,,,,,,,9.60,0.90,paid,response,True,13.91,0.94,0.01,9.46,33.88,320.50,
6,SESAR,Influencer,Galaxy Z Flip8,,,"4,431",53,"20,888",4.38,53.80,26.70,Influencer_5,"950,755",,,,,,,,11,0.90,paid,response,True,,,,83.60,4.71,394.11,
6,SESAR,TV,Galaxy Z Flip8,,,"24,599",,,,67,64.60,,,407,,,,,,,15.60,0.79,paid,brand,False,,,,,,,60.44
6,SESAR,Search,Galaxy Z Flip8,"337,858","7,187","12,209",882,"253,325",2.13,52,43.20,,,,,,,,,,12,0.90,paid,response,True,36.14,1.70,0.02,13.84,20.75,287.22,
6,SESAR,Website,Galaxy Z Flip8,,,,491,"143,183",,62.10,36.30,,,,,,"32,325",38.10,186,3.87,6,0.87,earned,owned,True,,,,,,291.62,
6,SESAR,PR,Galaxy Z Flip8,,,0,,,,76.70,66,,,,14,28.70,,,,,8,0.85,earned,brand,False,,,,,,,
6,SESAR,B2B Roadshow,Galaxy Z Flip8,"12,285",,"5,708",70,"22,757",6.50,66.40,61.90,,,,,,,,,,10.30,0.84,paid,brand,True,464.63,,,81.54,3.99,325.10,
6,SESAR,Retail,Galaxy Z Flip8,"17,451",,"2,106",58,"36,304",4.25,64.30,51.10,,,,,,,,,,11.70,0.89,paid,response,True,120.68,,,36.31,17.24,625.93,
6,SESAR,Paid Social,Galaxy S24,"329,886","3,736","13,206",350,"66,013",1.36,47.90,50.40,,,,,,,,,,15.30,0.76,paid,response,True,40.03,3.53,0.01,37.73,5.00,188.61,
6,SESAR,Influencer,Galaxy S24,,,"3,888",10,"3,752",5.48,45.60,47.60,Influencer_21,"229,365",,,,,,,,13.70,0.95,paid,response,True,,,,388.80,0.97,375.20,
6,SESAR,TV,Galaxy S24,,,"28,298",,,,72.50,48.30,,,322,,,,,,,10.50,0.75,paid,brand,False,,,,,,,87.88
6,SESAR,Search,Galaxy S24,"281,359","4,260","11,133",501,"264,440",1.51,64.60,58.40,,,,,,,,,,8.90,0.86,paid,response,True,39.57,2.61,0.02,22.22,23.75,527.82,
6,SESAR,Website,Galaxy S24,,,,406,"177,315",,46,46.20,,,,,,"49,895",31.80,229,2.81,12.30,0.77,earned,owned,True,,,,,,436.74,
6,SESAR,PR,Galaxy S24,,,0,,,,70.50,70,,,,22,25.70,,,,,9.40,0.93,earned,brand,False,,,,,,,
6,SESAR,B2B Roadshow,Galaxy S24,"13,587",,"4,870",67,"14,636",4.82,55.70,62.50,,,,,,,,,,11.70,0.90,paid,brand,True,358.43,,,72.69,3.01,218.45,
6,SESAR,Retail,Galaxy S24,"16,895",,"4,266",98,"47,240",5.49,69.40,46.10,,,,,,,,,,10.50,0.84,paid,response,True,252.50,,,43.53,11.07,482.04,
6,SESAR,Paid Social,Galaxy Tab S10,"475,690","6,460","13,489",614,"191,998",0.97,64.70,45.90,,,,,,,,,,5.50,0.85,paid,response,True,28.36,2.09,0.01,21.97,14.23,312.70,
6,SESAR,Influencer,Galaxy Tab S10,,,"3,417",17,"8,079",2.82,65,30,Influencer_4,"490,955",,,,,,,,9.20,0.79,paid,response,True,,,,201,2.36,475.24,
6,SESAR,TV,Galaxy Tab S10,,,"34,489",,,,76,55.90,,,523,,,,,,,7.60,0.90,paid,brand,False,,,,,,,65.94
6,SESAR,Search,Galaxy Tab S10,"245,086","3,722","9,294",370,"105,421",1.52,50.50,41.50,,,,,,,,,,9.50,0.81,paid,response,True,37.92,2.50,0.02,25.12,11.34,284.92,
6,SESAR,Website,Galaxy Tab S10,,,,939,"190,054",,53.30,47.10,,,,,,"85,396",33.60,178,3.58,10.90,0.86,earned,owned,True,,,,,,202.40,
6,SESAR,PR,Galaxy Tab S10,,,0,,,,65.30,57.40,,,,58,44.80,,,,,3.60,0.90,earned,brand,False,,,,,,,
6,SESAR,B2B Roadshow,Galaxy Tab S10,"15,576",,"7,155",75,"37,273",4.42,67.90,55.30,,,,,,,,,,8.70,0.87,paid,brand,True,459.36,,,95.40,5.21,496.97,
6,SESAR,Retail,Galaxy Tab S10,"36,726",,"3,264",165,"61,257",2.45,65.10,48.60,,,,,,,,,,6.10,0.93,paid,response,True,88.87,,,19.78,18.77,371.25,
6,SESAR,Paid Social,Galaxy Buds3,"575,361","6,497","13,008",352,"119,718",1.27,46.80,58.10,,,,,,,,,,9.10,0.87,paid,response,True,22.61,2.00,0.01,36.95,9.20,340.11,
6,SESAR,Influencer,Galaxy Buds3,,,"6,936",15,"4,382",5.23,47,49,Influencer_21,"402,999",,,,,,,,10.90,0.89,paid,response,True,,,,462.40,0.63,292.13,
6,SESAR,TV,Galaxy Buds3,,,"52,458",,,,71.30,47.90,,,379,,,,,,,8.30,0.87,paid,brand,False,,,,,,,138.41
6,SESAR,Search,Galaxy Buds3,"292,545","6,004","11,361",675,"273,334",2.05,60.20,51.50,,,,,,,,,,8.40,0.90,paid,response,True,38.84,1.89,0.02,16.83,24.06,404.94,
6,SESAR,Website,Galaxy Buds3,,,,"1,039","330,397",,49.90,49.20,,,,,,"59,983",42.10,227,3.06,13.30,0.81,earned,owned,True,,,,,,318.00,
6,SESAR,PR,Galaxy Buds3,,,0,,,,68.80,57.60,,,,43,39.80,,,,,8.10,0.86,earned,brand,False,,,,,,,
6,SESAR,B2B Roadshow,Galaxy Buds3,"17,545",,"5,896",91,"18,877",7.87,70.30,50.40,,,,,,,,,,9.90,0.85,paid,brand,True,336.05,,,64.79,3.20,207.44,
6,SESAR,Retail,Galaxy Buds3,"24,579",,"3,207",115,"20,326",3.29,65.80,51.50,,,,,,,,,,10.50,0.83,paid,response,True,130.48,,,27.89,6.34,176.75,
6,SESAR,Paid Social,Galaxy Watch6,"306,355","3,775","13,210",409,"72,273",0.97,53.80,46.60,,,,,,,,,,13.70,0.82,paid,response,True,43.12,3.50,0.01,32.30,5.47,176.71,
6,SESAR,Influencer,Galaxy Watch6,,,"4,393",34,"9,657",3.87,56,37.30,Influencer_21,"891,450",,,,,,,,7.20,0.88,paid,response,True,,,,129.21,2.20,284.03,
6,SESAR,TV,Galaxy Watch6,,,"24,045",,,,66.20,67.10,,,337,,,,,,,7.70,0.75,paid,brand,False,,,,,,,71.35
6,SESAR,Search,Galaxy Watch6,"346,562","4,415","11,779",717,"367,236",1.27,63.10,51,,,,,,,,,,9.70,0.85,paid,response,True,33.99,2.67,0.01,16.43,31.18,512.18,
6,SESAR,Website,Galaxy Watch6,,,,638,"249,264",,45.70,50.20,,,,,,"46,485",30.20,224,3.53,13.70,0.88,earned,owned,True,,,,,,390.70,
6,SESAR,PR,Galaxy Watch6,,,0,,,,68,66.50,,,,30,43.70,,,,,7.90,0.83,earned,brand,False,,,,,,,
6,SESAR,B2B Roadshow,Galaxy Watch6,"10,263",,"6,836",34,"23,099",4.81,59,69.40,,,,,,,,,,6.80,0.92,paid,brand,True,666.08,,,201.06,3.38,679.38,
6,SESAR,Retail,Galaxy Watch6,"8,758",,"2,574",45,"38,920",3.71,66.10,61,,,,,,,,,,12.70,0.81,paid,response,True,293.90,,,57.20,15.12,864.89,
6,SETK,Paid Social,Galaxy Z Fold8,"365,071","3,874","14,504",290,"45,826",1.15,67.90,55.90,,,,,,,,,,10.90,0.84,paid,response,True,39.73,3.74,0.01,50.01,3.16,158.02,
6,SETK,Influencer,Galaxy Z Fold8,,,"3,624",8,"2,939",5.07,41.20,30.70,Influencer_24,"270,369",,,,,,,,11.30,0.92,paid,response,True,,,,453,0.81,367.38,
6,SETK,TV,Galaxy Z Fold8,,,"32,115",,,,68.70,60.30,,,414,,,,,,,8.70,0.73,paid,brand,False,,,,,,,77.57
6,SETK,Search,Galaxy Z Fold8,"312,829","5,102","9,059",645,"333,340",1.63,73.30,40.40,,,,,,,,,,7.60,0.81,paid,response,True,28.96,1.78,0.02,14.04,36.80,516.81,
6,SETK,Website,Galaxy Z Fold8,,,,563,"222,541",,52.20,38.30,,,,,,"44,905",39.80,260,3.83,11.20,0.82,earned,owned,True,,,,,,395.28,
6,SETK,PR,Galaxy Z Fold8,,,0,,,,69.70,53.70,,,,9,21.80,,,,,3.20,0.91,earned,brand,False,,,,,,,
6,SETK,B2B Roadshow,Galaxy Z Fold8,"9,833",,"7,361",46,"27,946",6.33,70.40,61.50,,,,,,,,,,7.50,0.96,paid,brand,True,748.60,,,160.02,3.80,607.52,
6,SETK,Retail,Galaxy Z Fold8,"12,350",,"2,773",45,"24,233",3.23,52,55.70,,,,,,,,,,13.60,0.81,paid,response,True,224.53,,,61.62,8.74,538.51,
6,SETK,Paid Social,Galaxy Z Flip8,"269,208","3,171","6,777",209,"47,826",0.96,50.30,41.30,,,,,,,,,,10.10,0.77,paid,response,True,25.17,2.14,0.01,32.43,7.06,228.83,
6,SETK,Influencer,Galaxy Z Flip8,,,"3,135",9,"4,359",2.60,38.60,52,Influencer_7,"572,605",,,,,,,,14.70,0.79,paid,response,True,,,,348.33,1.39,484.33,
6,SETK,TV,Galaxy Z Flip8,,,"15,781",,,,68,49,,,298,,,,,,,15.70,0.84,paid,brand,False,,,,,,,52.96
6,SETK,Search,Galaxy Z Flip8,"173,542","2,243","7,474",293,"124,082",1.29,61.30,40.70,,,,,,,,,,6.50,0.93,paid,response,True,43.07,3.33,0.01,25.51,16.60,423.49,
6,SETK,Website,Galaxy Z Flip8,,,,713,"199,083",,51.20,37.40,,,,,,"46,062",28.80,173,3.70,6.10,0.83,earned,owned,True,,,,,,279.22,
6,SETK,PR,Galaxy Z Flip8,,,0,,,,69.50,71.20,,,,9,26.40,,,,,2.10,0.86,earned,brand,False,,,,,,,
6,SETK,B2B Roadshow,Galaxy Z Flip8,"9,574",,"3,534",44,"27,895",4.50,75,51.70,,,,,,,,,,9.50,0.88,paid,brand,True,369.12,,,80.32,7.89,633.98,
6,SETK,Retail,Galaxy Z Flip8,"22,272",,"2,064",61,"31,525",2.18,66.90,48.50,,,,,,,,,,6.10,0.88,paid,response,True,92.67,,,33.84,15.27,516.80,
6,SETK,Paid Social,Galaxy S24,"272,419","3,504","6,306",157,"55,043",1.41,63.80,43.40,,,,,,,,,,10,0.74,paid,response,True,23.15,1.80,0.01,40.17,8.73,350.59,
6,SETK,Influencer,Galaxy S24,,,"2,014",27,"11,963",5.78,43.20,52.40,Influencer_7,"383,120",,,,,,,,7.30,0.78,paid,response,True,,,,74.59,5.94,443.07,
6,SETK,TV,Galaxy S24,,,"29,737",,,,64.70,59.60,,,239,,,,,,,17.30,0.77,paid,brand,False,,,,,,,124.42
6,SETK,Search,Galaxy S24,"222,458","2,732","5,151",309,"159,643",1.23,49.30,58.40,,,,,,,,,,12.80,0.79,paid,response,True,23.15,1.89,0.01,16.67,30.99,516.64,
6,SETK,Website,Galaxy S24,,,,737,"280,524",,64.60,33.30,,,,,,"47,223",28.40,175,2.52,14.90,0.77,earned,owned,True,,,,,,380.63,
6,SETK,PR,Galaxy S24,,,0,,,,69.40,69.70,,,,38,28.90,,,,,5.20,0.94,earned,brand,False,,,,,,,
6,SETK,B2B Roadshow,Galaxy S24,"4,760",,"5,551",47,"22,214",7.50,60.10,56.50,,,,,,,,,,8.80,0.97,paid,brand,True,"1,166.18",,,118.11,4.00,472.64,
6,SETK,Retail,Galaxy S24,"10,600",,"3,957",88,"46,964",2.79,54.40,47.60,,,,,,,,,,13.50,0.83,paid,response,True,373.30,,,44.97,11.87,533.68,
6,SETK,Paid Social,Galaxy Tab S10,"386,951","5,108","17,977",319,"96,897",0.97,51.50,54.10,,,,,,,,,,8.60,0.88,paid,response,True,46.46,3.52,0.01,56.35,5.39,303.75,
6,SETK,Influencer,Galaxy Tab S10,,,"5,154",44,"20,463",4.57,60.60,30,Influencer_6,"900,822",,,,,,,,10.40,0.88,paid,response,True,,,,117.14,3.97,465.07,
6,SETK,TV,Galaxy Tab S10,,,"48,427",,,,80.40,44.90,,,552,,,,,,,17.30,0.80,paid,brand,False,,,,,,,87.73
6,SETK,Search,Galaxy Tab S10,"231,686","4,620","11,377",376,"165,586",1.99,69.30,42.50,,,,,,,,,,8.20,0.78,paid,response,True,49.11,2.46,0.02,30.26,14.55,440.39,
6,SETK,Website,Galaxy Tab S10,,,,"1,033","295,412",,47.60,46.50,,,,,,"80,523",37.60,253,3.18,10.50,0.77,earned,owned,True,,,,,,285.97,
6,SETK,PR,Galaxy Tab S10,,,0,,,,71.90,55.60,,,,38,34.70,,,,,10.20,0.83,earned,brand,False,,,,,,,
6,SETK,B2B Roadshow,Galaxy Tab S10,"15,085",,"6,992",98,"37,030",5.28,56.90,67.10,,,,,,,,,,10.30,0.86,paid,brand,True,463.51,,,71.35,5.30,377.86,
6,SETK,Retail,Galaxy Tab S10,"28,462",,"3,747",159,"19,472",5.86,52.50,49.50,,,,,,,,,,9.70,0.82,paid,response,True,131.65,,,23.57,5.20,122.47,
6,SETK,Paid Social,Galaxy Buds3,"561,878","7,298","11,498",801,"181,632",1.11,73.50,34.70,,,,,,,,,,15.40,0.83,paid,response,True,20.46,1.58,0.01,14.35,15.80,226.76,
6,SETK,Influencer,Galaxy Buds3,,,"7,039",27,"11,684",3.18,43.80,48.30,Influencer_6,"735,722",,,,,,,,11.50,0.91,paid,response,True,,,,260.70,1.66,432.74,
6,SETK,TV,Galaxy Buds3,,,"47,657",,,,70.30,45.20,,,598,,,,,,,12.80,0.83,paid,brand,False,,,,,,,79.69
6,SETK,Search,Galaxy Buds3,"472,881","10,153","19,518",981,"291,970",2.15,65.40,52.50,,,,,,,,,,12.30,0.82,paid,response,True,41.27,1.92,0.02,19.90,14.96,297.62,
6,SETK,Website,Galaxy Buds3,,,,668,"293,106",,66.20,54.70,,,,,,"49,823",33.50,201,2.92,8,0.91,earned,owned,True,,,,,,438.78,
6,SETK,PR,Galaxy Buds3,,,0,,,,70.70,50.60,,,,51,53.80,,,,,9.60,0.80,earned,brand,False,,,,,,,
6,SETK,B2B Roadshow,Galaxy Buds3,"12,991",,"7,552",88,"25,949",4.04,69.70,61.90,,,,,,,,,,5.50,0.94,paid,brand,True,581.33,,,85.82,3.44,294.88,
6,SETK,Retail,Galaxy Buds3,"17,950",,"2,588",129,"32,065",5.06,66.10,64,,,,,,,,,,7.90,0.92,paid,response,True,144.18,,,20.06,12.39,248.57,
6,SETK,Paid Social,Galaxy Watch6,"398,398","4,355","14,904",241,"86,418",0.85,72.90,40.50,,,,,,,,,,15.70,0.73,paid,response,True,37.41,3.42,0.01,61.84,5.80,358.58,
6,SETK,Influencer,Galaxy Watch6,,,"2,014",33,"8,009",5.81,46.10,35.80,Influencer_24,"814,391",,,,,,,,12.60,0.85,paid,response,True,,,,61.03,3.98,242.70,
6,SETK,TV,Galaxy Watch6,,,"30,569",,,,76.30,59,,,214,,,,,,,9.20,0.81,paid,brand,False,,,,,,,142.85
6,SETK,Search,Galaxy Watch6,"173,595","3,022","11,821",288,"148,051",1.74,67.30,54.60,,,,,,,,,,12.50,0.93,paid,response,True,68.10,3.91,0.02,41.05,12.52,514.07,
6,SETK,Website,Galaxy Watch6,,,,310,"131,061",,46.40,48.70,,,,,,"26,300",27.30,269,3.14,13.70,0.84,earned,owned,True,,,,,,422.78,
6,SETK,PR,Galaxy Watch6,,,0,,,,61.60,72.10,,,,26,21.70,,,,,6.60,0.90,earned,brand,False,,,,,,,
6,SETK,B2B Roadshow,Galaxy Watch6,"10,393",,"4,976",71,"28,297",5.47,69,58.60,,,,,,,,,,5.40,0.84,paid,brand,True,478.78,,,70.08,5.69,398.55,
6,SETK,Retail,Galaxy Watch6,"16,321",,"5,450",61,"27,068",4.56,56.60,58.30,,,,,,,,,,8,0.85,paid,response,True,333.93,,,89.34,4.97,443.74,
6,SELV,Paid Social,Galaxy Z Fold8,"278,726","2,427","15,350",144,"39,419",1.21,64,35.30,,,,,,,,,,14.40,0.88,paid,response,True,55.07,6.32,0.01,106.60,2.57,273.74,
6,SELV,Influencer,Galaxy Z Fold8,,,"3,342",50,"23,055",5.43,57.80,27.30,Influencer_8,"836,108",,,,,,,,7.30,0.92,paid,response,True,,,,66.84,6.90,461.10,
6,SELV,TV,Galaxy Z Fold8,,,"20,053",,,,59.40,68.20,,,381,,,,,,,9.30,0.84,paid,brand,False,,,,,,,52.63
6,SELV,Search,Galaxy Z Fold8,"369,534","7,774","13,102","1,255","584,185",2.10,49.40,52.80,,,,,,,,,,8.60,0.85,paid,response,True,35.46,1.69,0.02,10.44,44.59,465.49,
6,SELV,Website,Galaxy Z Fold8,,,,545,"163,321",,42.80,45.20,,,,,,"65,184",41.10,260,3.50,5.20,0.92,earned,owned,True,,,,,,299.67,
6,SELV,PR,Galaxy Z Fold8,,,0,,,,69.30,47.90,,,,17,23.80,,,,,5.30,0.94,earned,brand,False,,,,,,,
6,SELV,B2B Roadshow,Galaxy Z Fold8,"11,962",,"5,818",46,"17,763",4.38,70.70,56.50,,,,,,,,,,9.90,0.92,paid,brand,True,486.37,,,126.48,3.05,386.15,
6,SELV,Retail,Galaxy Z Fold8,"14,588",,"2,857",111,"52,652",4.59,64.80,60.10,,,,,,,,,,12.20,0.83,paid,response,True,195.85,,,25.74,18.43,474.34,
6,SELV,Paid Social,Galaxy Z Flip8,"419,131","5,866","12,614",399,"113,538",1.36,73,41.70,,,,,,,,,,8.70,0.93,paid,response,True,30.10,2.15,0.01,31.61,9.00,284.56,
6,SELV,Influencer,Galaxy Z Flip8,,,"4,450",34,"8,699",3.92,49.30,33.90,Influencer_9,"870,513",,,,,,,,13.30,0.82,paid,response,True,,,,130.88,1.95,255.85,
6,SELV,TV,Galaxy Z Flip8,,,"32,278",,,,66,48,,,471,,,,,,,8.40,0.72,paid,brand,False,,,,,,,68.53
6,SELV,Search,Galaxy Z Flip8,"219,727","3,915","14,621",587,"245,451",1.78,67.30,50.10,,,,,,,,,,8.20,0.89,paid,response,True,66.54,3.73,0.02,24.91,16.79,418.14,
6,SELV,Website,Galaxy Z Flip8,,,,373,"140,962",,45.80,39.50,,,,,,"41,817",43.30,253,3.78,8.50,0.77,earned,owned,True,,,,,,377.91,
6,SELV,PR,Galaxy Z Flip8,,,0,,,,82.90,67.60,,,,37,18.10,,,,,9.20,0.85,earned,brand,False,,,,,,,
6,SELV,B2B Roadshow,Galaxy Z Flip8,"15,774",,"3,673",44,"16,903",5.21,55.80,61,,,,,,,,,,9.70,0.86,paid,brand,True,232.85,,,83.48,4.60,384.16,
6,SELV,Retail,Galaxy Z Flip8,"26,623",,"2,919",129,"28,985",2.98,54.50,58,,,,,,,,,,7.70,0.80,paid,response,True,109.64,,,22.63,9.93,224.69,
6,SELV,Paid Social,Galaxy S24,"345,266","5,093","15,308",545,"138,229",1.19,61,44.60,,,,,,,,,,15.20,0.85,paid,response,True,44.34,3.01,0.01,28.09,9.03,253.63,
6,SELV,Influencer,Galaxy S24,,,"3,393",56,"23,073",5.61,67.30,50.10,Influencer_8,"803,410",,,,,,,,8.80,0.82,paid,response,True,,,,60.59,6.80,412.02,
6,SELV,TV,Galaxy S24,,,"24,959",,,,70.50,45.90,,,309,,,,,,,14.70,0.78,paid,brand,False,,,,,,,80.77
6,SELV,Search,Galaxy S24,"367,552","5,318","15,200",733,"204,497",1.45,71.30,61.20,,,,,,,,,,11,0.87,paid,response,True,41.35,2.86,0.01,20.74,13.45,278.99,
6,SELV,Website,Galaxy S24,,,,563,"197,625",,56.60,32.30,,,,,,"35,054",39.40,207,3.20,11.20,0.84,earned,owned,True,,,,,,351.02,
6,SELV,PR,Galaxy S24,,,0,,,,83.90,47.80,,,,40,16.90,,,,,5.20,0.90,earned,brand,False,,,,,,,
6,SELV,B2B Roadshow,Galaxy S24,"11,764",,"6,904",82,"14,129",3.32,62.10,69.10,,,,,,,,,,6.90,0.86,paid,brand,True,586.88,,,84.20,2.05,172.30,
6,SELV,Retail,Galaxy S24,"9,793",,"4,922",116,"48,581",3.72,65.30,47.70,,,,,,,,,,9.20,0.90,paid,response,True,502.60,,,42.43,9.87,418.80,
6,SELV,Paid Social,Galaxy Tab S10,"546,509","6,431","18,135",427,"124,882",1.41,72.40,36.50,,,,,,,,,,11.50,0.87,paid,response,True,33.18,2.82,0.01,42.47,6.89,292.46,
6,SELV,Influencer,Galaxy Tab S10,,,"2,831",14,"4,305",5.90,41.40,55.30,Influencer_10,"207,104",,,,,,,,12.30,0.86,paid,response,True,,,,202.21,1.52,307.50,
6,SELV,TV,Galaxy Tab S10,,,"33,465",,,,61.90,68.50,,,638,,,,,,,15.70,0.92,paid,brand,False,,,,,,,52.45
6,SELV,Search,Galaxy Tab S10,"325,891","4,006","21,629",612,"213,916",1.23,50.80,46.70,,,,,,,,,,10.90,0.89,paid,response,True,66.37,5.40,0.01,35.34,9.89,349.54,
6,SELV,Website,Galaxy Tab S10,,,,"1,007","320,832",,51.10,48.70,,,,,,"85,321",41.90,196,2.64,13.80,0.84,earned,owned,True,,,,,,318.60,
6,SELV,PR,Galaxy Tab S10,,,0,,,,64,56,,,,34,22.80,,,,,7,0.81,earned,brand,False,,,,,,,
6,SELV,B2B Roadshow,Galaxy Tab S10,"20,461",,"3,770",87,"27,135",3.10,67.10,69.60,,,,,,,,,,5.40,0.88,paid,brand,True,184.25,,,43.33,7.20,311.90,
6,SELV,Retail,Galaxy Tab S10,"22,309",,"2,007",160,"21,159",2.02,57.70,45.60,,,,,,,,,,13.20,0.88,paid,response,True,89.96,,,12.54,10.54,132.24,
6,SELV,Paid Social,Galaxy Buds3,"784,203","6,654","14,559",366,"111,709",0.93,50.60,42.60,,,,,,,,,,15.50,0.93,paid,response,True,18.57,2.19,0.01,39.78,7.67,305.22,
6,SELV,Influencer,Galaxy Buds3,,,"5,453",32,"14,844",4.51,43.10,30.50,Influencer_8,"592,343",,,,,,,,14.40,0.76,paid,response,True,,,,170.41,2.72,463.88,
6,SELV,TV,Galaxy Buds3,,,"26,845",,,,70.40,68,,,724,,,,,,,17.70,0.88,paid,brand,False,,,,,,,37.08
6,SELV,Search,Galaxy Buds3,"382,306","8,162","11,162",937,"284,965",2.13,61.40,59.10,,,,,,,,,,9.10,0.88,paid,response,True,29.20,1.37,0.02,11.91,25.53,304.12,
6,SELV,Website,Galaxy Buds3,,,,"1,350","583,404",,65.80,47.70,,,,,,"77,733",36,249,3.68,5.70,0.79,earned,owned,True,,,,,,432.15,
6,SELV,PR,Galaxy Buds3,,,0,,,,79.40,51.90,,,,31,34.20,,,,,4.80,0.86,earned,brand,False,,,,,,,
6,SELV,B2B Roadshow,Galaxy Buds3,"21,237",,"7,842",42,"41,306",3.45,68.10,68.20,,,,,,,,,,8.90,0.93,paid,brand,True,369.26,,,186.71,5.27,983.48,
6,SELV,Retail,Galaxy Buds3,"34,511",,"5,100",163,"41,527",3.13,52.70,60.30,,,,,,,,,,8.30,0.89,paid,response,True,147.78,,,31.29,8.14,254.77,
6,SELV,Paid Social,Galaxy Watch6,"391,564","4,325","8,083",342,"93,300",1.03,58.50,43.90,,,,,,,,,,11,0.90,paid,response,True,20.64,1.87,0.01,23.63,11.54,272.81,
6,SELV,Influencer,Galaxy Watch6,,,"4,026",60,"15,385",4.95,40.50,52.80,Influencer_10,"917,280",,,,,,,,13.70,0.86,paid,response,True,,,,67.10,3.82,256.42,
6,SELV,TV,Galaxy Watch6,,,"22,748",,,,64.80,45.20,,,400,,,,,,,6.70,0.91,paid,brand,False,,,,,,,56.87
6,SELV,Search,Galaxy Watch6,"275,988","3,831","15,191",326,"162,223",1.39,70.20,55.10,,,,,,,,,,9.30,0.81,paid,response,True,55.04,3.97,0.01,46.60,10.68,497.62,
6,SELV,Website,Galaxy Watch6,,,,803,"169,577",,64.50,48.80,,,,,,"54,232",29.30,267,3.92,5.70,0.79,earned,owned,True,,,,,,211.18,
6,SELV,PR,Galaxy Watch6,,,0,,,,74.30,48.30,,,,25,32.10,,,,,4.60,0.94,earned,brand,False,,,,,,,
6,SELV,B2B Roadshow,Galaxy Watch6,"7,595",,"5,379",22,"17,464",6.30,73.30,56.60,,,,,,,,,,6.20,0.88,paid,brand,True,708.23,,,244.50,3.25,793.82,
6,SELV,Retail,Galaxy Watch6,"17,031",,"3,522",89,"16,426",2.62,62,57.40,,,,,,,,,,8.10,0.94,paid,response,True,206.80,,,39.57,4.66,184.56,
6,SEMAG,Paid Social,Galaxy Z Fold8,"364,106","4,367","9,412",246,"90,938",1.32,52.20,52.90,,,,,,,,,,10,0.80,paid,response,True,25.85,2.16,0.01,38.26,9.66,369.67,
6,SEMAG,Influencer,Galaxy Z Fold8,,,"2,974",16,"3,250",5.36,58.60,27.30,Influencer_12,"398,701",,,,,,,,13.90,0.78,paid,response,True,,,,185.88,1.09,203.12,
6,SEMAG,TV,Galaxy Z Fold8,,,"18,960",,,,72.90,46.90,,,185,,,,,,,17.20,0.82,paid,brand,False,,,,,,,102.49
6,SEMAG,Search,Galaxy Z Fold8,"168,356","2,924","6,580",509,"166,417",1.74,65.40,59.90,,,,,,,,,,8.20,0.87,paid,response,True,39.08,2.25,0.02,12.93,25.29,326.95,
6,SEMAG,Website,Galaxy Z Fold8,,,,614,"162,940",,64.30,54.80,,,,,,"37,109",40.20,251,3.73,10.50,0.84,earned,owned,True,,,,,,265.37,
6,SEMAG,PR,Galaxy Z Fold8,,,0,,,,59.90,59.20,,,,15,30.50,,,,,2.20,0.81,earned,brand,False,,,,,,,
6,SEMAG,B2B Roadshow,Galaxy Z Fold8,"9,654",,"4,511",21,"8,676",4.21,67.30,58.80,,,,,,,,,,6,0.92,paid,brand,True,467.27,,,214.81,1.92,413.14,
6,SEMAG,Retail,Galaxy Z Fold8,"7,943",,"4,715",79,"20,726",5.07,64.50,45.90,,,,,,,,,,6.10,0.82,paid,response,True,593.60,,,59.68,4.40,262.35,
6,SEMAG,Paid Social,Galaxy Z Flip8,"404,012","5,919","7,543",402,"80,465",1.25,55.70,36.80,,,,,,,,,,8.50,0.72,paid,response,True,18.67,1.27,0.01,18.76,10.67,200.16,
6,SEMAG,Influencer,Galaxy Z Flip8,,,"3,565",33,"6,850",3.18,51,51.30,Influencer_22,"857,681",,,,,,,,12.20,0.81,paid,response,True,,,,108.03,1.92,207.58,
6,SEMAG,TV,Galaxy Z Flip8,,,"17,236",,,,70.70,51.90,,,200,,,,,,,7.70,0.73,paid,brand,False,,,,,,,86.18
6,SEMAG,Search,Galaxy Z Flip8,"242,931","4,213","6,615",642,"222,450",1.73,49.40,59.10,,,,,,,,,,10.80,0.78,paid,response,True,27.23,1.57,0.02,10.30,33.63,346.50,
6,SEMAG,Website,Galaxy Z Flip8,,,,292,"117,800",,61.30,31.90,,,,,,"21,440",40.40,180,3.79,10.50,0.75,earned,owned,True,,,,,,403.42,
6,SEMAG,PR,Galaxy Z Flip8,,,0,,,,75.10,54.30,,,,34,43.10,,,,,6.70,0.87,earned,brand,False,,,,,,,
6,SEMAG,B2B Roadshow,Galaxy Z Flip8,"7,559",,"7,018",50,"13,764",4.73,74.80,59.10,,,,,,,,,,11.40,0.84,paid,brand,True,928.43,,,140.36,1.96,275.28,
6,SEMAG,Retail,Galaxy Z Flip8,"16,830",,"2,916",40,"26,179",4.55,53.50,64.30,,,,,,,,,,14,0.93,paid,response,True,173.26,,,72.90,8.98,654.48,
6,SEMAG,Paid Social,Galaxy S24,"294,515","3,881","11,112",405,"75,328",1.12,65.30,48.40,,,,,,,,,,7.70,0.80,paid,response,True,37.73,2.86,0.01,27.44,6.78,186.00,
6,SEMAG,Influencer,Galaxy S24,,,"2,687",16,"5,205",3.23,59.80,39.30,Influencer_11,"570,085",,,,,,,,10.10,0.82,paid,response,True,,,,167.94,1.94,325.31,
6,SEMAG,TV,Galaxy S24,,,"21,829",,,,67,62.10,,,314,,,,,,,8.90,0.76,paid,brand,False,,,,,,,69.52
6,SEMAG,Search,Galaxy S24,"170,051","3,007","9,310",511,"211,789",1.77,67.50,46.80,,,,,,,,,,10.40,0.81,paid,response,True,54.75,3.10,0.02,18.22,22.75,414.46,
6,SEMAG,Website,Galaxy S24,,,,369,"123,875",,47.60,44.80,,,,,,"29,122",34,255,2.58,6.60,0.82,earned,owned,True,,,,,,335.70,
6,SEMAG,PR,Galaxy S24,,,0,,,,82.60,47.80,,,,36,28,,,,,3.10,0.89,earned,brand,False,,,,,,,
6,SEMAG,B2B Roadshow,Galaxy S24,"6,649",,"5,239",56,"22,491",6.85,67.80,61.50,,,,,,,,,,10.60,0.84,paid,brand,True,787.94,,,93.55,4.29,401.62,
6,SEMAG,Retail,Galaxy S24,"15,614",,"3,919",51,"17,472",5.05,59.70,57.20,,,,,,,,,,12.10,0.88,paid,response,True,250.99,,,76.84,4.46,342.59,
6,SEMAG,Paid Social,Galaxy Tab S10,"528,676","7,470","9,677",769,"131,835",0.81,69.90,33.80,,,,,,,,,,15.20,0.78,paid,response,True,18.30,1.30,0.01,12.58,13.62,171.44,
6,SEMAG,Influencer,Galaxy Tab S10,,,"3,024",17,"3,736",5.10,56.50,35.50,Influencer_12,"412,868",,,,,,,,15.20,0.84,paid,response,True,,,,177.88,1.24,219.76,
6,SEMAG,TV,Galaxy Tab S10,,,"33,271",,,,61.40,51.60,,,484,,,,,,,16,0.75,paid,brand,False,,,,,,,68.74
6,SEMAG,Search,Galaxy Tab S10,"242,058","3,299","8,848",439,"191,178",1.36,52.40,50.40,,,,,,,,,,8.80,0.94,paid,response,True,36.55,2.68,0.01,20.15,21.61,435.49,
6,SEMAG,Website,Galaxy Tab S10,,,,936,"342,545",,43.20,53,,,,,,"52,713",27.90,263,2.65,9.70,0.84,earned,owned,True,,,,,,365.97,
6,SEMAG,PR,Galaxy Tab S10,,,0,,,,83.70,56.30,,,,14,32.60,,,,,5.20,0.89,earned,brand,False,,,,,,,
6,SEMAG,B2B Roadshow,Galaxy Tab S10,"15,719",,"3,162",65,"33,879",4.72,61.80,51.70,,,,,,,,,,7.60,0.85,paid,brand,True,201.16,,,48.65,10.71,521.22,
6,SEMAG,Retail,Galaxy Tab S10,"22,737",,"4,774",102,"27,789",2.44,68.70,64.20,,,,,,,,,,7.60,0.90,paid,response,True,209.97,,,46.80,5.82,272.44,
6,SEMAG,Paid Social,Galaxy Buds3,"416,462","5,405","9,385",369,"146,084",1.15,62.70,49.90,,,,,,,,,,16.90,0.79,paid,response,True,22.54,1.74,0.01,25.43,15.57,395.89,
6,SEMAG,Influencer,Galaxy Buds3,,,"4,629",24,"4,968",4.30,47.40,31,Influencer_12,"401,350",,,,,,,,12.70,0.89,paid,response,True,,,,192.88,1.07,207,
6,SEMAG,TV,Galaxy Buds3,,,"30,116",,,,81.90,52.40,,,400,,,,,,,9.70,0.92,paid,brand,False,,,,,,,75.29
6,SEMAG,Search,Galaxy Buds3,"410,738","6,810","8,050",771,"200,006",1.66,70.20,59.80,,,,,,,,,,4.70,0.87,paid,response,True,19.60,1.18,0.02,10.44,24.85,259.41,
6,SEMAG,Website,Galaxy Buds3,,,,674,"287,214",,49,40.40,,,,,,"57,168",32.60,159,3.54,8.70,0.84,earned,owned,True,,,,,,426.13,
6,SEMAG,PR,Galaxy Buds3,,,0,,,,67.60,70.80,,,,47,39.20,,,,,7.70,0.89,earned,brand,False,,,,,,,
6,SEMAG,B2B Roadshow,Galaxy Buds3,"16,585",,"5,307",47,"13,679",7.57,73.40,51.70,,,,,,,,,,9.70,0.87,paid,brand,True,319.99,,,112.91,2.58,291.04,
6,SEMAG,Retail,Galaxy Buds3,"31,456",,"5,669",56,"17,221",5.24,66.10,47.10,,,,,,,,,,6.60,0.86,paid,response,True,180.22,,,101.23,3.04,307.52,
6,SEMAG,Paid Social,Galaxy Watch6,"246,815","2,962","8,399",303,"110,874",0.81,44.40,56.40,,,,,,,,,,15.40,0.85,paid,response,True,34.03,2.84,0.01,27.72,13.20,365.92,
6,SEMAG,Influencer,Galaxy Watch6,,,"2,878",43,"12,868",4.69,57.70,44.40,Influencer_22,"811,062",,,,,,,,6.80,0.78,paid,response,True,,,,66.93,4.47,299.26,
6,SEMAG,TV,Galaxy Watch6,,,"15,010",,,,59.30,67.80,,,209,,,,,,,6.40,0.88,paid,brand,False,,,,,,,71.82
6,SEMAG,Search,Galaxy Watch6,"179,434","2,530","5,355",300,"131,290",1.41,53.20,57,,,,,,,,,,11,0.86,paid,response,True,29.84,2.12,0.01,17.85,24.52,437.63,
6,SEMAG,Website,Galaxy Watch6,,,,401,"153,539",,54.90,33,,,,,,"31,614",36.80,165,3.16,14.70,0.80,earned,owned,True,,,,,,382.89,
6,SEMAG,PR,Galaxy Watch6,,,0,,,,63.70,50.30,,,,37,32.30,,,,,8.10,0.83,earned,brand,False,,,,,,,
6,SEMAG,B2B Roadshow,Galaxy Watch6,"8,725",,"4,865",25,"17,792",6.18,66.80,62,,,,,,,,,,8.50,0.87,paid,brand,True,557.59,,,194.60,3.66,711.68,
6,SEMAG,Retail,Galaxy Watch6,"18,679",,"3,027",62,"23,612",4.12,63.10,64.40,,,,,,,,,,8,0.91,paid,response,True,162.05,,,48.82,7.80,380.84,
6,SEEG,Paid Social,Galaxy Z Fold8,"240,253","2,025","12,682",136,"45,319",1.23,68.50,34.60,,,,,,,,,,14.20,0.88,paid,response,True,52.79,6.26,0.01,93.25,3.57,333.23,
6,SEEG,Influencer,Galaxy Z Fold8,,,"2,523",51,"24,219",4.86,48.60,46.40,Influencer_14,"980,422",,,,,,,,13,0.76,paid,response,True,,,,49.47,9.60,474.88,
6,SEEG,TV,Galaxy Z Fold8,,,"21,239",,,,78,55.30,,,347,,,,,,,15.30,0.82,paid,brand,False,,,,,,,61.21
6,SEEG,Search,Galaxy Z Fold8,"252,892","3,794","11,711",422,"231,985",1.50,53.20,51.30,,,,,,,,,,5,0.84,paid,response,True,46.31,3.09,0.02,27.75,19.81,549.73,
6,SEEG,Website,Galaxy Z Fold8,,,,838,"235,555",,64.70,42.30,,,,,,"49,923",40.90,253,3.20,6.40,0.89,earned,owned,True,,,,,,281.09,
6,SEEG,PR,Galaxy Z Fold8,,,0,,,,80.80,66.90,,,,32,43.50,,,,,4.60,0.94,earned,brand,False,,,,,,,
6,SEEG,B2B Roadshow,Galaxy Z Fold8,"6,702",,"6,272",38,"7,611",5.17,71.30,68.10,,,,,,,,,,6.10,0.97,paid,brand,True,935.84,,,165.05,1.21,200.29,
6,SEEG,Retail,Galaxy Z Fold8,"13,599",,"2,388",28,"33,878",3.89,55.40,49,,,,,,,,,,10,0.82,paid,response,True,175.60,,,85.29,14.19,"1,209.93",
6,SEEG,Paid Social,Galaxy Z Flip8,"420,768","6,179","13,500",384,"75,834",1.22,59,45.30,,,,,,,,,,15.20,0.82,paid,response,True,32.08,2.18,0.01,35.16,5.62,197.48,
6,SEEG,Influencer,Galaxy Z Flip8,,,"1,740",5,"1,484",3.74,52.10,34.70,Influencer_13,"262,663",,,,,,,,8.60,0.94,paid,response,True,,,,348,0.85,296.80,
6,SEEG,TV,Galaxy Z Flip8,,,"19,881",,,,69.30,67.90,,,275,,,,,,,14,0.79,paid,brand,False,,,,,,,72.29
6,SEEG,Search,Galaxy Z Flip8,"208,282","3,924","10,825",553,"237,643",1.88,61.60,45.10,,,,,,,,,,8,0.89,paid,response,True,51.97,2.76,0.02,19.58,21.95,429.73,
6,SEEG,Website,Galaxy Z Flip8,,,,351,"155,355",,48.40,54.60,,,,,,"30,057",26.30,264,3.06,11.90,0.91,earned,owned,True,,,,,,442.61,
6,SEEG,PR,Galaxy Z Flip8,,,0,,,,81.50,59.10,,,,27,34,,,,,3.70,0.85,earned,brand,False,,,,,,,
6,SEEG,B2B Roadshow,Galaxy Z Flip8,"9,381",,"4,592",69,"10,948",7.83,70.60,61.40,,,,,,,,,,11.40,0.93,paid,brand,True,489.50,,,66.55,2.38,158.67,
6,SEEG,Retail,Galaxy Z Flip8,"14,189",,"5,331",54,"39,618",4.25,67.80,51.30,,,,,,,,,,13,0.86,paid,response,True,375.71,,,98.72,7.43,733.67,
6,SEEG,Paid Social,Galaxy S24,"260,001","3,214","6,598",264,"70,137",1.43,72.40,54,,,,,,,,,,5.80,0.80,paid,response,True,25.38,2.05,0.01,24.99,10.63,265.67,
6,SEEG,Influencer,Galaxy S24,,,"2,691",32,"6,966",4.99,45.20,45,Influencer_14,"489,627",,,,,,,,9.50,0.91,paid,response,True,,,,84.09,2.59,217.69,
6,SEEG,TV,Galaxy S24,,,"27,730",,,,60.70,50.80,,,308,,,,,,,10.20,0.92,paid,brand,False,,,,,,,90.03
6,SEEG,Search,Galaxy S24,"277,683","5,784","7,449",939,"416,683",2.08,72.30,51.50,,,,,,,,,,5.70,0.90,paid,response,True,26.83,1.29,0.02,7.93,55.94,443.75,
6,SEEG,Website,Galaxy S24,,,,449,"146,388",,62.70,31.30,,,,,,"33,997",30,246,3.13,7.60,0.78,earned,owned,True,,,,,,326.03,
6,SEEG,PR,Galaxy S24,,,0,,,,75.10,57.70,,,,9,15.90,,,,,4.50,0.92,earned,brand,False,,,,,,,
6,SEEG,B2B Roadshow,Galaxy S24,"6,676",,"6,659",54,"18,466",5.78,66.90,65.20,,,,,,,,,,5.80,0.86,paid,brand,True,997.45,,,123.31,2.77,341.96,
6,SEEG,Retail,Galaxy S24,"15,337",,"2,810",108,"37,538",3.14,61.70,51.50,,,,,,,,,,6.10,0.81,paid,response,True,183.22,,,26.02,13.36,347.57,
6,SEEG,Paid Social,Galaxy Tab S10,"453,058","5,376","16,256",276,"98,794",1.06,44.80,45.20,,,,,,,,,,8.90,0.74,paid,response,True,35.88,3.02,0.01,58.90,6.08,357.95,
6,SEEG,Influencer,Galaxy Tab S10,,,"3,588",21,"8,965",2.62,39,41.40,Influencer_13,"997,475",,,,,,,,13.40,0.89,paid,response,True,,,,170.86,2.50,426.90,
6,SEEG,TV,Galaxy Tab S10,,,"42,221",,,,80.20,47.50,,,291,,,,,,,7.60,0.75,paid,brand,False,,,,,,,145.09
6,SEEG,Search,Galaxy Tab S10,"455,128","6,531","14,719","1,157","406,624",1.43,58.70,55.40,,,,,,,,,,9,0.87,paid,response,True,32.34,2.25,0.01,12.72,27.63,351.45,
6,SEEG,Website,Galaxy Tab S10,,,,975,"387,496",,53.40,33.90,,,,,,"80,169",38.90,172,3.72,14.10,0.80,earned,owned,True,,,,,,397.43,
6,SEEG,PR,Galaxy Tab S10,,,0,,,,76.10,47.80,,,,33,16.70,,,,,7,0.91,earned,brand,False,,,,,,,
6,SEEG,B2B Roadshow,Galaxy Tab S10,"17,336",,"3,347",29,"20,487",6.79,74,69.10,,,,,,,,,,6,0.87,paid,brand,True,193.07,,,115.41,6.12,706.45,
6,SEEG,Retail,Galaxy Tab S10,"27,942",,"5,096",149,"51,217",2.08,65.30,54.80,,,,,,,,,,11.40,0.90,paid,response,True,182.38,,,34.20,10.05,343.74,
6,SEEG,Paid Social,Galaxy Buds3,"532,152","4,510","12,525",393,"79,468",1.21,44.20,53.30,,,,,,,,,,12,0.79,paid,response,True,23.54,2.78,0.01,31.87,6.34,202.21,
6,SEEG,Influencer,Galaxy Buds3,,,"4,989",10,"3,883",3.24,56.50,34,Influencer_14,"616,474",,,,,,,,9.90,0.83,paid,response,True,,,,498.90,0.78,388.30,
6,SEEG,TV,Galaxy Buds3,,,"29,166",,,,72.20,52.40,,,530,,,,,,,10.30,0.77,paid,brand,False,,,,,,,55.03
6,SEEG,Search,Galaxy Buds3,"244,672","4,527","16,738",375,"161,628",1.85,64.70,49.40,,,,,,,,,,8.30,0.81,paid,response,True,68.41,3.70,0.02,44.63,9.66,431.01,
6,SEEG,Website,Galaxy Buds3,,,,444,"100,646",,56.50,49.70,,,,,,"37,435",43.70,202,2.80,13.30,0.87,earned,owned,True,,,,,,226.68,
6,SEEG,PR,Galaxy Buds3,,,0,,,,68,48.60,,,,63,51.50,,,,,6.80,0.89,earned,brand,False,,,,,,,
6,SEEG,B2B Roadshow,Galaxy Buds3,"12,330",,"4,776",70,"11,853",4.55,59.30,53.60,,,,,,,,,,7.30,0.90,paid,brand,True,387.35,,,68.23,2.48,169.33,
6,SEEG,Retail,Galaxy Buds3,"27,988",,"4,948",95,"56,709",5.94,62,48.30,,,,,,,,,,9.90,0.88,paid,response,True,176.79,,,52.08,11.46,596.94,
6,SEEG,Paid Social,Galaxy Watch6,"292,320","3,965","9,063",183,"32,357",0.80,44.90,33.70,,,,,,,,,,5.10,0.77,paid,response,True,31.00,2.29,0.01,49.52,3.57,176.81,
6,SEEG,Influencer,Galaxy Watch6,,,"4,035",22,"5,452",4.06,39.40,32.50,Influencer_14,"518,186",,,,,,,,8.10,0.83,paid,response,True,,,,183.41,1.35,247.82,
6,SEEG,TV,Galaxy Watch6,,,"24,494",,,,64,60.30,,,197,,,,,,,10,0.73,paid,brand,False,,,,,,,124.34
6,SEEG,Search,Galaxy Watch6,"163,329","2,453","8,373",308,"163,139",1.50,73,59.50,,,,,,,,,,5.70,0.88,paid,response,True,51.26,3.41,0.02,27.19,19.48,529.67,
6,SEEG,Website,Galaxy Watch6,,,,408,"176,668",,48.10,52.70,,,,,,"24,291",28.50,178,2.63,10.80,0.85,earned,owned,True,,,,,,433.01,
6,SEEG,PR,Galaxy Watch6,,,0,,,,73.10,48.80,,,,24,15.70,,,,,7.40,0.83,earned,brand,False,,,,,,,
6,SEEG,B2B Roadshow,Galaxy Watch6,"10,361",,"6,091",18,"8,295",5.49,71.60,58.20,,,,,,,,,,11.80,0.91,paid,brand,True,587.88,,,338.39,1.36,460.83,
6,SEEG,Retail,Galaxy Watch6,"8,497",,"4,689",34,"27,363",4.84,64.40,49.10,,,,,,,,,,8.10,0.90,paid,response,True,551.84,,,137.91,5.84,804.79,
6,SEIL,Paid Social,Galaxy Z Fold8,"502,516","4,681","14,005",490,"195,490",0.83,60.90,57.90,,,,,,,,,,11.70,0.88,paid,response,True,27.87,2.99,0.01,28.58,13.96,398.96,
6,SEIL,Influencer,Galaxy Z Fold8,,,"1,777",40,"9,060",5.47,48.80,50.60,Influencer_18,"950,328",,,,,,,,11.60,0.82,paid,response,True,,,,44.42,5.10,226.50,
6,SEIL,TV,Galaxy Z Fold8,,,"28,523",,,,70.80,47.60,,,404,,,,,,,15.20,0.79,paid,brand,False,,,,,,,70.60
6,SEIL,Search,Galaxy Z Fold8,"205,383","3,656","11,650",463,"164,009",1.78,55.70,57,,,,,,,,,,11.40,0.86,paid,response,True,56.72,3.19,0.02,25.16,14.08,354.23,
6,SEIL,Website,Galaxy Z Fold8,,,,630,"193,994",,51.20,42.70,,,,,,"54,313",37,185,3,12.50,0.91,earned,owned,True,,,,,,307.93,
6,SEIL,PR,Galaxy Z Fold8,,,0,,,,67.60,70.20,,,,21,41.70,,,,,10,0.82,earned,brand,False,,,,,,,
6,SEIL,B2B Roadshow,Galaxy Z Fold8,"11,126",,"7,425",63,"13,885",7.26,66.50,69.50,,,,,,,,,,10.50,0.95,paid,brand,True,667.36,,,117.86,1.87,220.40,
6,SEIL,Retail,Galaxy Z Fold8,"22,036",,"2,334",87,"20,298",5.96,60.90,55.40,,,,,,,,,,10.60,0.84,paid,response,True,105.92,,,26.83,8.70,233.31,
6,SEIL,Paid Social,Galaxy Z Flip8,"414,010","5,238","9,132",519,"166,600",1.35,58.70,42,,,,,,,,,,15,0.79,paid,response,True,22.06,1.74,0.01,17.60,18.24,321.00,
6,SEIL,Influencer,Galaxy Z Flip8,,,"3,263",25,"7,633",4.80,50,48.50,Influencer_17,"748,532",,,,,,,,7.30,0.88,paid,response,True,,,,130.52,2.34,305.32,
6,SEIL,TV,Galaxy Z Flip8,,,"31,358",,,,77.90,66.40,,,250,,,,,,,8.70,0.72,paid,brand,False,,,,,,,125.43
6,SEIL,Search,Galaxy Z Flip8,"296,366","5,927","13,768",559,"151,859",2,72.20,42.60,,,,,,,,,,8.30,0.91,paid,response,True,46.46,2.32,0.02,24.63,11.03,271.66,
6,SEIL,Website,Galaxy Z Flip8,,,,576,"142,704",,46.80,50.40,,,,,,"32,895",25.30,225,2.68,5.70,0.80,earned,owned,True,,,,,,247.75,
6,SEIL,PR,Galaxy Z Flip8,,,0,,,,67.90,57.30,,,,17,27.70,,,,,7.50,0.85,earned,brand,False,,,,,,,
6,SEIL,B2B Roadshow,Galaxy Z Flip8,"11,919",,"6,071",34,"18,851",5.14,66.80,59.60,,,,,,,,,,9.30,0.83,paid,brand,True,509.35,,,178.56,3.11,554.44,
6,SEIL,Retail,Galaxy Z Flip8,"25,305",,"2,129",97,"34,594",3.41,55.10,54.50,,,,,,,,,,12.40,0.91,paid,response,True,84.13,,,21.95,16.25,356.64,
6,SEIL,Paid Social,Galaxy S24,"474,384","4,120","16,399",369,"87,734",1.48,58.70,33,,,,,,,,,,5.50,0.82,paid,response,True,34.57,3.98,0.01,44.44,5.35,237.76,
6,SEIL,Influencer,Galaxy S24,,,"1,970",13,"5,424",3.38,59.30,53.70,Influencer_18,"697,939",,,,,,,,10.70,0.90,paid,response,True,,,,151.54,2.75,417.23,
6,SEIL,TV,Galaxy S24,,,"24,054",,,,81.60,44.90,,,371,,,,,,,10.10,0.88,paid,brand,False,,,,,,,64.84
6,SEIL,Search,Galaxy S24,"281,692","3,990","12,313",357,"162,487",1.42,63.20,53.50,,,,,,,,,,4.90,0.86,paid,response,True,43.71,3.09,0.01,34.49,13.20,455.15,
6,SEIL,Website,Galaxy S24,,,,403,"127,265",,55.60,49.10,,,,,,"31,004",38.90,249,3.70,7.50,0.77,earned,owned,True,,,,,,315.79,
6,SEIL,PR,Galaxy S24,,,0,,,,81.60,54.50,,,,45,29.70,,,,,2.70,0.85,earned,brand,False,,,,,,,
6,SEIL,B2B Roadshow,Galaxy S24,"10,950",,"6,495",28,"13,725",7.84,56.50,59.60,,,,,,,,,,6.70,0.88,paid,brand,True,593.15,,,231.96,2.11,490.18,
6,SEIL,Retail,Galaxy S24,"14,476",,"5,164",81,"15,618",3.21,54.50,62.30,,,,,,,,,,10.70,0.87,paid,response,True,356.73,,,63.75,3.02,192.81,
6,SEIL,Paid Social,Galaxy Tab S10,"688,471","7,650","12,445",368,"68,006",1.32,72.40,49.10,,,,,,,,,,10.30,0.79,paid,response,True,18.08,1.63,0.01,33.82,5.46,184.80,
6,SEIL,Influencer,Galaxy Tab S10,,,"5,750",23,"7,141",2.57,54.10,38.60,Influencer_16,"650,859",,,,,,,,6.50,0.84,paid,response,True,,,,250,1.24,310.48,
6,SEIL,TV,Galaxy Tab S10,,,"45,416",,,,58.60,50.60,,,341,,,,,,,17.80,0.79,paid,brand,False,,,,,,,133.18
6,SEIL,Search,Galaxy Tab S10,"401,947","6,861","14,151","1,170","599,812",1.71,51.40,40.60,,,,,,,,,,9.70,0.89,paid,response,True,35.21,2.06,0.02,12.09,42.39,512.66,
6,SEIL,Website,Galaxy Tab S10,,,,"1,247","419,590",,61.90,35.60,,,,,,"85,420",36.10,272,2.60,9.10,0.85,earned,owned,True,,,,,,336.48,
6,SEIL,PR,Galaxy Tab S10,,,0,,,,66.50,65.90,,,,37,21.10,,,,,4.70,0.86,earned,brand,False,,,,,,,
6,SEIL,B2B Roadshow,Galaxy Tab S10,"21,040",,"3,099",42,"39,671",6.33,66.70,50.20,,,,,,,,,,11.20,0.84,paid,brand,True,147.29,,,73.79,12.80,944.55,
6,SEIL,Retail,Galaxy Tab S10,"25,174",,"5,524",143,"40,942",2.75,59.50,54.60,,,,,,,,,,6.80,0.86,paid,response,True,219.43,,,38.63,7.41,286.31,
6,SEIL,Paid Social,Galaxy Buds3,"655,264","8,118","11,278",419,"76,148",1.16,69.80,34.20,,,,,,,,,,11.20,0.95,paid,response,True,17.21,1.39,0.01,26.92,6.75,181.74,
6,SEIL,Influencer,Galaxy Buds3,,,"7,221",11,"4,264",3.36,65.90,50.80,Influencer_16,"372,734",,,,,,,,10.30,0.90,paid,response,True,,,,656.45,0.59,387.64,
6,SEIL,TV,Galaxy Buds3,,,"25,839",,,,65,53.90,,,664,,,,,,,8.70,0.87,paid,brand,False,,,,,,,38.91
6,SEIL,Search,Galaxy Buds3,"390,533","6,212","13,672",961,"276,958",1.59,63.80,56.40,,,,,,,,,,12.60,0.88,paid,response,True,35.01,2.20,0.02,14.23,20.26,288.20,
6,SEIL,Website,Galaxy Buds3,,,,579,"191,252",,43,32.70,,,,,,"55,608",34.90,169,3.15,5.80,0.91,earned,owned,True,,,,,,330.31,
6,SEIL,PR,Galaxy Buds3,,,0,,,,60,54.10,,,,29,50.20,,,,,3.70,0.90,earned,brand,False,,,,,,,
6,SEIL,B2B Roadshow,Galaxy Buds3,"16,685",,"5,486",114,"40,225",6.03,73.40,67.10,,,,,,,,,,8.30,0.90,paid,brand,True,328.80,,,48.12,7.33,352.85,
6,SEIL,Retail,Galaxy Buds3,"19,682",,"3,922",114,"28,290",4.77,69.50,55.70,,,,,,,,,,10.90,0.81,paid,response,True,199.27,,,34.40,7.21,248.16,
6,SEIL,Paid Social,Galaxy Watch6,"435,666","4,303","10,966",473,"141,241",0.96,71.80,41.90,,,,,,,,,,7.90,0.75,paid,response,True,25.17,2.55,0.01,23.18,12.88,298.61,
6,SEIL,Influencer,Galaxy Watch6,,,"3,801",25,"7,088",5.39,55.70,46.10,Influencer_17,"401,165",,,,,,,,8.10,0.87,paid,response,True,,,,152.04,1.86,283.52,
6,SEIL,TV,Galaxy Watch6,,,"20,541",,,,76.20,51.40,,,425,,,,,,,14.60,0.79,paid,brand,False,,,,,,,48.33
6,SEIL,Search,Galaxy Watch6,"306,899","5,379","8,766",859,"364,666",1.75,52.70,54.70,,,,,,,,,,12.50,0.88,paid,response,True,28.56,1.63,0.02,10.20,41.60,424.52,
6,SEIL,Website,Galaxy Watch6,,,,564,"202,115",,52,48.90,,,,,,"40,406",31.70,277,3.06,14.30,0.83,earned,owned,True,,,,,,358.36,
6,SEIL,PR,Galaxy Watch6,,,0,,,,74.10,53.50,,,,32,19.40,,,,,9.90,0.93,earned,brand,False,,,,,,,
6,SEIL,B2B Roadshow,Galaxy Watch6,"12,012",,"3,026",25,"14,899",7.06,60.10,59.90,,,,,,,,,,11.50,0.91,paid,brand,True,251.91,,,121.04,4.92,595.96,
6,SEIL,Retail,Galaxy Watch6,"17,932",,"4,093",107,"41,534",2.80,51,53.60,,,,,,,,,,13.90,0.89,paid,response,True,228.25,,,38.25,10.15,388.17,
6,SEPAK,Paid Social,Galaxy Z Fold8,"299,901","3,316","8,904",164,"32,025",1.05,68,33.80,,,,,,,,,,15.20,0.77,paid,response,True,29.69,2.69,0.01,54.29,3.60,195.27,
6,SEPAK,Influencer,Galaxy Z Fold8,,,"3,768",15,"6,343",3.44,50.50,27.20,Influencer_20,"761,221",,,,,,,,12.80,0.76,paid,response,True,,,,251.20,1.68,422.87,
6,SEPAK,TV,Galaxy Z Fold8,,,"14,920",,,,81.40,62,,,228,,,,,,,9.80,0.77,paid,brand,False,,,,,,,65.44
6,SEPAK,Search,Galaxy Z Fold8,"166,228","3,022","7,496",522,"185,866",1.82,54.30,37.20,,,,,,,,,,9.90,0.90,paid,response,True,45.09,2.48,0.02,14.36,24.80,356.07,
6,SEPAK,Website,Galaxy Z Fold8,,,,465,"188,920",,44.50,49.50,,,,,,"29,008",29.10,154,3.93,14.80,0.80,earned,owned,True,,,,,,406.28,
6,SEPAK,PR,Galaxy Z Fold8,,,0,,,,65.20,57.40,,,,32,18.70,,,,,3.40,0.90,earned,brand,False,,,,,,,
6,SEPAK,B2B Roadshow,Galaxy Z Fold8,"6,274",,"4,805",29,"9,214",3.02,68.40,58.70,,,,,,,,,,11,0.96,paid,brand,True,765.86,,,165.69,1.92,317.72,
6,SEPAK,Retail,Galaxy Z Fold8,"18,095",,"2,874",47,"14,861",5.39,58.20,53.90,,,,,,,,,,7.20,0.93,paid,response,True,158.83,,,61.15,5.17,316.19,
6,SEPAK,Paid Social,Galaxy Z Flip8,"378,380","4,656","9,782",194,"66,205",0.94,64.20,45.30,,,,,,,,,,15.50,0.79,paid,response,True,25.85,2.10,0.01,50.42,6.77,341.26,
6,SEPAK,Influencer,Galaxy Z Flip8,,,"2,470",41,"15,660",4.28,49,47.10,Influencer_23,"723,273",,,,,,,,12.20,0.89,paid,response,True,,,,60.24,6.34,381.95,
6,SEPAK,TV,Galaxy Z Flip8,,,"21,900",,,,76.70,49.20,,,194,,,,,,,10.20,0.80,paid,brand,False,,,,,,,112.89
6,SEPAK,Search,Galaxy Z Flip8,"172,169","3,296","7,025",388,"199,167",1.91,72.40,53.80,,,,,,,,,,9.70,0.88,paid,response,True,40.80,2.13,0.02,18.11,28.35,513.32,
6,SEPAK,Website,Galaxy Z Flip8,,,,292,"116,807",,42.70,41.90,,,,,,"23,391",32.80,238,3.04,9.50,0.83,earned,owned,True,,,,,,400.02,
6,SEPAK,PR,Galaxy Z Flip8,,,0,,,,64.70,56.40,,,,29,22.60,,,,,10.20,0.88,earned,brand,False,,,,,,,
6,SEPAK,B2B Roadshow,Galaxy Z Flip8,"6,208",,"4,795",59,"21,748",6.23,67,66.20,,,,,,,,,,10.90,0.98,paid,brand,True,772.39,,,81.27,4.54,368.61,
6,SEPAK,Retail,Galaxy Z Flip8,"15,956",,"2,196",47,"14,316",4.83,53.20,57.30,,,,,,,,,,10.40,0.84,paid,response,True,137.63,,,46.72,6.52,304.60,
6,SEPAK,Paid Social,Galaxy S24,"310,153","4,504","10,738",233,"43,200",1.11,70.10,37.80,,,,,,,,,,9.90,0.74,paid,response,True,34.62,2.38,0.01,46.09,4.02,185.41,
6,SEPAK,Influencer,Galaxy S24,,,"3,234",13,"5,153",5.55,61.30,54.60,Influencer_23,"443,076",,,,,,,,15.60,0.79,paid,response,True,,,,248.77,1.59,396.38,
6,SEPAK,TV,Galaxy S24,,,"26,363",,,,80.60,66.40,,,256,,,,,,,9.20,0.88,paid,brand,False,,,,,,,102.98
6,SEPAK,Search,Galaxy S24,"160,975","2,901","5,009",251,"70,393",1.80,68.80,41.10,,,,,,,,,,5.70,0.85,paid,response,True,31.12,1.73,0.02,19.96,14.05,280.45,
6,SEPAK,Website,Galaxy S24,,,,599,"142,669",,50.30,35.30,,,,,,"39,342",43.60,212,3.68,7.70,0.90,earned,owned,True,,,,,,238.18,
6,SEPAK,PR,Galaxy S24,,,0,,,,60.40,50.60,,,,33,30.10,,,,,1.60,0.82,earned,brand,False,,,,,,,
6,SEPAK,B2B Roadshow,Galaxy S24,"5,733",,"4,981",60,"22,363",7.17,66.50,55.60,,,,,,,,,,6.70,0.85,paid,brand,True,868.83,,,83.02,4.49,372.72,
6,SEPAK,Retail,Galaxy S24,"9,280",,"4,922",48,"18,097",4.56,65.10,46.30,,,,,,,,,,9,0.80,paid,response,True,530.39,,,102.54,3.68,377.02,
6,SEPAK,Paid Social,Galaxy Tab S10,"444,945","5,206","16,832",490,"121,889",1.18,56.10,48,,,,,,,,,,16.50,0.94,paid,response,True,37.83,3.23,0.01,34.35,7.24,248.75,
6,SEPAK,Influencer,Galaxy Tab S10,,,"5,916",47,"19,998",4.52,53.50,38.20,Influencer_19,"834,930",,,,,,,,11.20,0.85,paid,response,True,,,,125.87,3.38,425.49,
6,SEPAK,TV,Galaxy Tab S10,,,"19,431",,,,58.80,68.90,,,302,,,,,,,16.50,0.74,paid,brand,False,,,,,,,64.34
6,SEPAK,Search,Galaxy Tab S10,"309,733","4,901","11,888",575,"198,009",1.58,53.40,37,,,,,,,,,,8.50,0.88,paid,response,True,38.38,2.43,0.02,20.67,16.66,344.36,
6,SEPAK,Website,Galaxy Tab S10,,,,519,"180,408",,49.70,37.10,,,,,,"41,572",40.20,185,3.47,5.20,0.79,earned,owned,True,,,,,,347.61,
6,SEPAK,PR,Galaxy Tab S10,,,0,,,,69,65,,,,45,22.60,,,,,4.50,0.83,earned,brand,False,,,,,,,
6,SEPAK,B2B Roadshow,Galaxy Tab S10,"8,563",,"6,406",27,"19,248",7.74,72.90,68.50,,,,,,,,,,7.10,0.83,paid,brand,True,748.10,,,237.26,3.00,712.89,
6,SEPAK,Retail,Galaxy Tab S10,"27,888",,"5,724",94,"48,482",2.31,55.90,61.40,,,,,,,,,,10.40,0.81,paid,response,True,205.25,,,60.89,8.47,515.77,
6,SEPAK,Paid Social,Galaxy Buds3,"573,246","7,985","8,532",544,"107,913",1.45,49,62,,,,,,,,,,6.80,0.88,paid,response,True,14.88,1.07,0.01,15.68,12.65,198.37,
6,SEPAK,Influencer,Galaxy Buds3,,,"2,874",7,"2,179",2.59,51.30,36,Influencer_19,"262,796",,,,,,,,12.30,0.82,paid,response,True,,,,410.57,0.76,311.29,
6,SEPAK,TV,Galaxy Buds3,,,"30,840",,,,66.20,64,,,326,,,,,,,13.40,0.90,paid,brand,False,,,,,,,94.60
6,SEPAK,Search,Galaxy Buds3,"418,600","7,063","16,104",590,"285,437",1.69,66.60,50.80,,,,,,,,,,5.20,0.93,paid,response,True,38.47,2.28,0.02,27.29,17.72,483.79,
6,SEPAK,Website,Galaxy Buds3,,,,674,"255,154",,61.30,35.90,,,,,,"59,720",39.60,218,2.72,11.20,0.80,earned,owned,True,,,,,,378.57,
6,SEPAK,PR,Galaxy Buds3,,,0,,,,66.60,71,,,,28,28.30,,,,,3,0.89,earned,brand,False,,,,,,,
6,SEPAK,B2B Roadshow,Galaxy Buds3,"14,209",,"4,242",56,"31,110",5.84,74.80,54.20,,,,,,,,,,11.90,0.85,paid,brand,True,298.54,,,75.75,7.33,555.54,
6,SEPAK,Retail,Galaxy Buds3,"11,072",,"3,087",109,"19,597",2.88,68.30,48.30,,,,,,,,,,11.40,0.82,paid,response,True,278.81,,,28.32,6.35,179.79,
6,SEPAK,Paid Social,Galaxy Watch6,"340,386","3,818","9,292",341,"134,648",1.40,72.70,39.90,,,,,,,,,,11.70,0.92,paid,response,True,27.30,2.43,0.01,27.25,14.49,394.86,
6,SEPAK,Influencer,Galaxy Watch6,,,"2,269",26,"10,408",4.71,62.90,43.70,Influencer_20,"546,659",,,,,,,,13,0.91,paid,response,True,,,,87.27,4.59,400.31,
6,SEPAK,TV,Galaxy Watch6,,,"18,429",,,,77.40,54.80,,,205,,,,,,,9.70,0.91,paid,brand,False,,,,,,,89.90
6,SEPAK,Search,Galaxy Watch6,"183,033","3,109","9,304",264,"112,862",1.70,68.40,43,,,,,,,,,,12,0.87,paid,response,True,50.83,2.99,0.02,35.24,12.13,427.51,
6,SEPAK,Website,Galaxy Watch6,,,,529,"138,695",,54.80,41.30,,,,,,"31,479",43.10,175,3.55,9,0.85,earned,owned,True,,,,,,262.18,
6,SEPAK,PR,Galaxy Watch6,,,0,,,,63.10,59.20,,,,23,17.40,,,,,9.60,0.81,earned,brand,False,,,,,,,
6,SEPAK,B2B Roadshow,Galaxy Watch6,"8,114",,"3,466",37,"17,040",7.08,58.10,59.50,,,,,,,,,,5.20,0.97,paid,brand,True,427.16,,,93.68,4.92,460.54,
6,SEPAK,Retail,Galaxy Watch6,"9,499",,"3,261",48,"35,107",5.52,59.80,64.20,,,,,,,,,,10.70,0.86,paid,response,True,343.30,,,67.94,10.77,731.40,
7,SGE,Paid Social,Galaxy Z Fold8,"543,579","5,243","11,482",465,"88,918",0.91,55.30,44.70,,,,,,,,,,5.50,0.72,paid,response,True,21.12,2.19,0.01,24.69,7.74,191.22,
7,SGE,Influencer,Galaxy Z Fold8,,,"3,743",6,"1,366",3.03,68.20,51.20,Influencer_3,"208,902",,,,,,,,12.40,0.95,paid,response,True,,,,623.83,0.36,227.67,
7,SGE,TV,Galaxy Z Fold8,,,"17,328",,,,63.40,48.80,,,368,,,,,,,17.60,0.79,paid,brand,False,,,,,,,47.09
7,SGE,Search,Galaxy Z Fold8,"379,203","8,031","12,480","1,177","325,153",2.12,53.90,45.40,,,,,,,,,,5.10,0.94,paid,response,True,32.91,1.55,0.02,10.60,26.05,276.26,
7,SGE,Website,Galaxy Z Fold8,,,,625,"220,994",,65.80,52.60,,,,,,"34,955",41.40,199,3.68,9.40,0.80,earned,owned,True,,,,,,353.59,
7,SGE,PR,Galaxy Z Fold8,,,0,,,,73.70,69.20,,,,32,33.50,,,,,3,0.81,earned,brand,False,,,,,,,
7,SGE,Paid Social,Galaxy Z Flip8,"470,238","6,567","9,864",600,"194,991",0.87,63.70,54.10,,,,,,,,,,4.90,0.91,paid,response,True,20.98,1.50,0.01,16.44,19.77,324.99,
7,SGE,Influencer,Galaxy Z Flip8,,,"5,540",17,"8,253",4.93,48.30,46.60,Influencer_3,"370,715",,,,,,,,14,0.83,paid,response,True,,,,325.88,1.49,485.47,
7,SGE,TV,Galaxy Z Flip8,,,"26,109",,,,83.60,53.20,,,463,,,,,,,9.70,0.77,paid,brand,False,,,,,,,56.39
7,SGE,Search,Galaxy Z Flip8,"217,333","4,136","6,442",363,"154,748",1.90,52.70,40.40,,,,,,,,,,8.20,0.80,paid,response,True,29.64,1.56,0.02,17.75,24.02,426.30,
7,SGE,Website,Galaxy Z Flip8,,,,371,"105,060",,54.30,35.10,,,,,,"34,284",31.40,211,3.58,10.90,0.92,earned,owned,True,,,,,,283.18,
7,SGE,PR,Galaxy Z Flip8,,,0,,,,68.10,66.10,,,,51,36.90,,,,,8.50,0.90,earned,brand,False,,,,,,,
7,SGE,Paid Social,Galaxy S24,"397,296","3,613","10,507",244,"39,583",1.39,69.60,45.10,,,,,,,,,,14.30,0.82,paid,response,True,26.45,2.91,0.01,43.06,3.77,162.23,
7,SGE,Influencer,Galaxy S24,,,"3,842",32,"9,538",5.52,68.10,39.70,Influencer_2,"943,588",,,,,,,,9,0.93,paid,response,True,,,,120.06,2.48,298.06,
7,SGE,TV,Galaxy S24,,,"38,599",,,,76.50,45.70,,,485,,,,,,,15.20,0.91,paid,brand,False,,,,,,,79.59
7,SGE,Search,Galaxy S24,"297,848","3,851","12,053",365,"188,071",1.29,55.80,52.80,,,,,,,,,,12.80,0.93,paid,response,True,40.47,3.13,0.01,33.02,15.60,515.26,
7,SGE,Website,Galaxy S24,,,,515,"202,248",,52.70,32.10,,,,,,"42,354",37.60,237,3.70,9.30,0.90,earned,owned,True,,,,,,392.71,
7,SGE,PR,Galaxy S24,,,0,,,,64.20,65.40,,,,48,21.10,,,,,8.10,0.92,earned,brand,False,,,,,,,
7,SGE,Paid Social,Galaxy Tab S10,"369,934","4,334","16,861",517,"156,710",1.23,58.50,61.90,,,,,,,,,,14.10,0.81,paid,response,True,45.58,3.89,0.01,32.61,9.29,303.11,
7,SGE,Influencer,Galaxy Tab S10,,,"4,261",54,"18,194",4.41,47.60,27.50,Influencer_3,"819,682",,,,,,,,11.80,0.94,paid,response,True,,,,78.91,4.27,336.93,
7,SGE,TV,Galaxy Tab S10,,,"19,615",,,,79.70,55.90,,,369,,,,,,,11.40,0.90,paid,brand,False,,,,,,,53.16
7,SGE,Search,Galaxy Tab S10,"344,906","4,935","11,687",806,"255,397",1.43,56.40,60,,,,,,,,,,11.90,0.91,paid,response,True,33.88,2.37,0.01,14.50,21.85,316.87,
7,SGE,Website,Galaxy Tab S10,,,,572,"115,012",,54.60,41.90,,,,,,"47,903",29.60,206,3.93,8.80,0.92,earned,owned,True,,,,,,201.07,
7,SGE,PR,Galaxy Tab S10,,,0,,,,83,71.90,,,,31,31.10,,,,,0.50,0.94,earned,brand,False,,,,,,,
7,SGE,Paid Social,Galaxy Buds3,"762,598","10,342","19,002","1,049","331,304",1.15,62.90,49.40,,,,,,,,,,11.10,0.89,paid,response,True,24.92,1.84,0.01,18.11,17.44,315.83,
7,SGE,Influencer,Galaxy Buds3,,,"4,907",18,"7,142",4.46,39.50,39.90,Influencer_1,"607,923",,,,,,,,9.20,0.80,paid,response,True,,,,272.61,1.46,396.78,
7,SGE,TV,Galaxy Buds3,,,"52,998",,,,61.50,68.80,,,353,,,,,,,14.60,0.75,paid,brand,False,,,,,,,150.14
7,SGE,Search,Galaxy Buds3,"390,935","7,317","20,368",703,"265,688",1.87,68,46.70,,,,,,,,,,11.10,0.83,paid,response,True,52.10,2.78,0.02,28.97,13.04,377.93,
7,SGE,Website,Galaxy Buds3,,,,445,"106,307",,45,51.30,,,,,,"50,878",27.40,150,3.93,12.10,0.80,earned,owned,True,,,,,,238.89,
7,SGE,PR,Galaxy Buds3,,,0,,,,71.80,51.40,,,,36,18.40,,,,,7.30,0.92,earned,brand,False,,,,,,,
7,SGE,Paid Social,Galaxy Watch6,"427,770","4,951","15,966",462,"101,443",0.86,69.20,44,,,,,,,,,,9.20,0.75,paid,response,True,37.32,3.22,0.01,34.56,6.35,219.57,
7,SGE,Influencer,Galaxy Watch6,,,"4,646",32,"14,015",2.56,41.70,28.90,Influencer_2,"960,548",,,,,,,,7.40,0.78,paid,response,True,,,,145.19,3.02,437.97,
7,SGE,TV,Galaxy Watch6,,,"37,402",,,,71,68.60,,,286,,,,,,,13.40,0.73,paid,brand,False,,,,,,,130.78
7,SGE,Search,Galaxy Watch6,"289,852","5,775","13,896",521,"210,341",1.99,70.10,43,,,,,,,,,,5.90,0.88,paid,response,True,47.94,2.41,0.02,26.67,15.14,403.73,
7,SGE,Website,Galaxy Watch6,,,,600,"231,697",,54.80,40.10,,,,,,"33,791",41.70,276,3.34,8.20,0.91,earned,owned,True,,,,,,386.16,
7,SGE,PR,Galaxy Watch6,,,0,,,,60.60,57.30,,,,13,28.60,,,,,9.30,0.95,earned,brand,False,,,,,,,
7,SESAR,Paid Social,Galaxy Z Fold8,"420,057","4,356","6,121",512,"187,136",0.86,70.80,51.20,,,,,,,,,,11.20,0.73,paid,response,True,14.57,1.41,0.01,11.96,30.57,365.50,
7,SESAR,Influencer,Galaxy Z Fold8,,,"3,759",36,"10,879",4.23,57.80,28,Influencer_21,"696,427",,,,,,,,14.30,0.81,paid,response,True,,,,104.42,2.89,302.19,
7,SESAR,TV,Galaxy Z Fold8,,,"25,225",,,,79.60,52.80,,,337,,,,,,,16.10,0.73,paid,brand,False,,,,,,,74.85
7,SESAR,Search,Galaxy Z Fold8,"228,696","4,264","7,243",637,"315,128",1.86,74.80,44.70,,,,,,,,,,11.80,0.94,paid,response,True,31.67,1.70,0.02,11.37,43.51,494.71,
7,SESAR,Website,Galaxy Z Fold8,,,,695,"225,577",,67.90,40.20,,,,,,"59,797",39.80,254,2.53,11.60,0.91,earned,owned,True,,,,,,324.57,
7,SESAR,PR,Galaxy Z Fold8,,,0,,,,81.80,57.50,,,,43,33.10,,,,,1.30,0.84,earned,brand,False,,,,,,,
7,SESAR,Paid Social,Galaxy Z Flip8,"337,499","3,452","8,027",188,"38,178",1.36,52.40,41.70,,,,,,,,,,14.60,0.84,paid,response,True,23.78,2.33,0.01,42.70,4.76,203.07,
7,SESAR,Influencer,Galaxy Z Flip8,,,"3,748",21,"9,682",5.34,55.50,54.20,Influencer_4,"283,532",,,,,,,,12.50,0.77,paid,response,True,,,,178.48,2.58,461.05,
7,SESAR,TV,Galaxy Z Flip8,,,"28,226",,,,82.30,53.30,,,392,,,,,,,16.30,0.74,paid,brand,False,,,,,,,72.01
7,SESAR,Search,Galaxy Z Flip8,"237,363","3,486","5,852",326,"90,724",1.47,73.40,37.80,,,,,,,,,,12.20,0.79,paid,response,True,24.65,1.68,0.01,17.95,15.50,278.29,
7,SESAR,Website,Galaxy Z Flip8,,,,586,"132,859",,47.60,48.20,,,,,,"48,666",28.20,213,2.62,10.20,0.91,earned,owned,True,,,,,,226.72,
7,SESAR,PR,Galaxy Z Flip8,,,0,,,,72.30,66.60,,,,50,39.40,,,,,1.50,0.92,earned,brand,False,,,,,,,
7,SESAR,Paid Social,Galaxy S24,"465,528","6,539","14,350",386,"97,263",1.28,71.80,50.70,,,,,,,,,,13.30,0.91,paid,response,True,30.83,2.19,0.01,37.18,6.78,251.98,
7,SESAR,Influencer,Galaxy S24,,,"3,260",18,"7,201",3.33,44.90,42.80,Influencer_5,"774,162",,,,,,,,9.30,0.83,paid,response,True,,,,181.11,2.21,400.06,
7,SESAR,TV,Galaxy S24,,,"34,358",,,,81.80,52.70,,,305,,,,,,,8.80,0.89,paid,brand,False,,,,,,,112.65
7,SESAR,Search,Galaxy S24,"182,675","3,483","9,177",504,"201,248",1.91,74.20,47.80,,,,,,,,,,5.90,0.82,paid,response,True,50.24,2.63,0.02,18.21,21.93,399.30,
7,SESAR,Website,Galaxy S24,,,,459,"185,257",,44.40,57,,,,,,"33,401",36.60,213,2.70,11.90,0.88,earned,owned,True,,,,,,403.61,
7,SESAR,PR,Galaxy S24,,,0,,,,66,72.40,,,,35,19,,,,,5.60,0.90,earned,brand,False,,,,,,,
7,SESAR,Paid Social,Galaxy Tab S10,"438,019","3,843","6,225",280,"65,894",1.11,49.90,52.80,,,,,,,,,,6,0.79,paid,response,True,14.21,1.62,0.01,22.23,10.59,235.34,
7,SESAR,Influencer,Galaxy Tab S10,,,"4,286",22,"8,776",4.81,64.80,31.40,Influencer_5,"597,121",,,,,,,,9.80,0.79,paid,response,True,,,,194.82,2.05,398.91,
7,SESAR,TV,Galaxy Tab S10,,,"22,955",,,,71.20,52.30,,,325,,,,,,,6.40,0.72,paid,brand,False,,,,,,,70.63
7,SESAR,Search,Galaxy Tab S10,"271,525","3,688","5,976",571,"232,559",1.36,54.90,40.50,,,,,,,,,,6.80,0.83,paid,response,True,22.01,1.62,0.01,10.47,38.92,407.28,
7,SESAR,Website,Galaxy Tab S10,,,,448,"91,141",,52.10,48.10,,,,,,"36,603",40.70,166,3.38,9,0.87,earned,owned,True,,,,,,203.44,
7,SESAR,PR,Galaxy Tab S10,,,0,,,,84.60,55.10,,,,27,40.20,,,,,4.70,0.87,earned,brand,False,,,,,,,
7,SESAR,Paid Social,Galaxy Buds3,"427,488","3,471","14,760",318,"78,274",1.49,62.10,52.70,,,,,,,,,,6.20,0.77,paid,response,True,34.53,4.25,0.01,46.42,5.30,246.14,
7,SESAR,Influencer,Galaxy Buds3,,,"2,856",19,"7,552",3.39,63.10,49.40,Influencer_5,"747,386",,,,,,,,6.10,0.86,paid,response,True,,,,150.32,2.64,397.47,
7,SESAR,TV,Galaxy Buds3,,,"27,765",,,,81.50,51.80,,,391,,,,,,,8.70,0.91,paid,brand,False,,,,,,,71.01
7,SESAR,Search,Galaxy Buds3,"443,611","9,119","20,523","1,570","688,061",2.06,74.20,37.80,,,,,,,,,,12.80,0.83,paid,response,True,46.26,2.25,0.02,13.07,33.53,438.26,
7,SESAR,Website,Galaxy Buds3,,,,"1,077","215,793",,61.40,42.60,,,,,,"78,760",28.90,177,3.60,11.50,0.80,earned,owned,True,,,,,,200.36,
7,SESAR,PR,Galaxy Buds3,,,0,,,,77.20,72.40,,,,33,33.90,,,,,5.50,0.86,earned,brand,False,,,,,,,
7,SESAR,Paid Social,Galaxy Watch6,"349,594","3,951","9,215",439,"101,487",1.40,56.20,56.20,,,,,,,,,,10.90,0.82,paid,response,True,26.36,2.33,0.01,20.99,11.01,231.18,
7,SESAR,Influencer,Galaxy Watch6,,,"1,812",12,"5,625",2.56,46,53,Influencer_5,"789,756",,,,,,,,7.90,0.83,paid,response,True,,,,151,3.10,468.75,
7,SESAR,TV,Galaxy Watch6,,,"17,379",,,,76,69.90,,,226,,,,,,,11.10,0.75,paid,brand,False,,,,,,,76.90
7,SESAR,Search,Galaxy Watch6,"343,468","4,858","11,076",435,"142,217",1.41,72.80,47.90,,,,,,,,,,13.10,0.88,paid,response,True,32.25,2.28,0.01,25.46,12.84,326.94,
7,SESAR,Website,Galaxy Watch6,,,,922,"205,947",,49.70,47,,,,,,"54,480",43.50,180,2.64,12,0.92,earned,owned,True,,,,,,223.37,
7,SESAR,PR,Galaxy Watch6,,,0,,,,77.70,61.90,,,,25,16.30,,,,,6.30,0.91,earned,brand,False,,,,,,,
7,SETK,Paid Social,Galaxy Z Fold8,"239,082","3,462","13,319",364,"74,288",1.09,55.40,36.10,,,,,,,,,,11.50,0.93,paid,response,True,55.71,3.85,0.01,36.59,5.58,204.09,
7,SETK,Influencer,Galaxy Z Fold8,,,"2,782",11,"4,685",3.99,55.80,31.90,Influencer_6,"200,097",,,,,,,,13.30,0.95,paid,response,True,,,,252.91,1.68,425.91,
7,SETK,TV,Galaxy Z Fold8,,,"32,046",,,,75.70,50.30,,,194,,,,,,,15.70,0.77,paid,brand,False,,,,,,,165.19
7,SETK,Search,Galaxy Z Fold8,"153,757","2,971","7,797",483,"149,388",1.93,57.20,39.20,,,,,,,,,,8.20,0.88,paid,response,True,50.71,2.62,0.02,16.14,19.16,309.29,
7,SETK,Website,Galaxy Z Fold8,,,,235,"100,594",,54.20,49.20,,,,,,"25,709",29.10,226,3.75,12.80,0.78,earned,owned,True,,,,,,428.06,
7,SETK,PR,Galaxy Z Fold8,,,0,,,,69.90,61.70,,,,32,15.20,,,,,6.60,0.94,earned,brand,False,,,,,,,
7,SETK,Paid Social,Galaxy Z Flip8,"264,526","2,273","8,151",129,"24,308",0.88,52.40,57.80,,,,,,,,,,7.70,0.83,paid,response,True,30.81,3.59,0.01,63.19,2.98,188.43,
7,SETK,Influencer,Galaxy Z Flip8,,,"3,726",55,"26,132",4.36,68.60,53.60,Influencer_24,"910,034",,,,,,,,7.50,0.95,paid,response,True,,,,67.75,7.01,475.13,
7,SETK,TV,Galaxy Z Flip8,,,"30,837",,,,73.20,69.30,,,350,,,,,,,10.90,0.84,paid,brand,False,,,,,,,88.11
7,SETK,Search,Galaxy Z Flip8,"253,339","3,747","8,799",526,"277,656",1.48,69.80,58.60,,,,,,,,,,6,0.83,paid,response,True,34.73,2.35,0.01,16.73,31.56,527.86,
7,SETK,Website,Galaxy Z Flip8,,,,910,"380,999",,49.10,49.50,,,,,,"52,691",27.30,182,3.85,14,0.77,earned,owned,True,,,,,,418.68,
7,SETK,PR,Galaxy Z Flip8,,,0,,,,76.70,66.20,,,,38,26.80,,,,,7.80,0.81,earned,brand,False,,,,,,,
7,SETK,Paid Social,Galaxy S24,"282,274","3,323","9,307",345,"72,491",0.84,71.20,49.70,,,,,,,,,,5.40,0.83,paid,response,True,32.97,2.80,0.01,26.98,7.79,210.12,
7,SETK,Influencer,Galaxy S24,,,"1,788",18,"5,393",4.34,43.20,32.30,Influencer_7,"555,584",,,,,,,,10.20,0.92,paid,response,True,,,,99.33,3.02,299.61,
7,SETK,TV,Galaxy S24,,,"20,640",,,,79.10,51,,,223,,,,,,,13.40,0.82,paid,brand,False,,,,,,,92.56
7,SETK,Search,Galaxy S24,"298,108","4,895","11,320",744,"308,029",1.64,68.20,45.70,,,,,,,,,,5.70,0.82,paid,response,True,37.97,2.31,0.02,15.22,27.21,414.02,
7,SETK,Website,Galaxy S24,,,,371,"145,198",,61.50,34.10,,,,,,"44,773",40.60,156,3.79,6.10,0.88,earned,owned,True,,,,,,391.37,
7,SETK,PR,Galaxy S24,,,0,,,,62.60,53.20,,,,47,32.60,,,,,9,0.82,earned,brand,False,,,,,,,
7,SETK,Paid Social,Galaxy Tab S10,"432,657","6,169","11,482",275,"84,620",1.48,46.30,37.90,,,,,,,,,,8.70,0.79,paid,response,True,26.54,1.86,0.01,41.75,7.37,307.71,
7,SETK,Influencer,Galaxy Tab S10,,,"4,352",27,"6,690",4.76,55.50,31.40,Influencer_7,"728,503",,,,,,,,12.60,0.86,paid,response,True,,,,161.19,1.54,247.78,
7,SETK,TV,Galaxy Tab S10,,,"23,189",,,,72.10,64.70,,,308,,,,,,,7.60,0.88,paid,brand,False,,,,,,,75.29
7,SETK,Search,Galaxy Tab S10,"214,465","3,648","5,410",406,"158,608",1.70,62.50,49.40,,,,,,,,,,4.60,0.79,paid,response,True,25.23,1.48,0.02,13.33,29.32,390.66,
7,SETK,Website,Galaxy Tab S10,,,,674,"198,475",,56.30,45.30,,,,,,"40,016",37.70,172,3.04,8.60,0.85,earned,owned,True,,,,,,294.47,
7,SETK,PR,Galaxy Tab S10,,,0,,,,80.40,61.20,,,,23,27.40,,,,,9.30,0.86,earned,brand,False,,,,,,,
7,SETK,Paid Social,Galaxy Buds3,"374,552","3,956","12,524",406,"98,995",0.83,66.90,52.20,,,,,,,,,,5.10,0.75,paid,response,True,33.44,3.17,0.01,30.85,7.90,243.83,
7,SETK,Influencer,Galaxy Buds3,,,"5,395",43,"13,180",5.50,69.10,50.20,Influencer_6,"831,350",,,,,,,,13.70,0.94,paid,response,True,,,,125.47,2.44,306.51,
7,SETK,TV,Galaxy Buds3,,,"45,927",,,,62.10,47,,,351,,,,,,,15.40,0.91,paid,brand,False,,,,,,,130.85
7,SETK,Search,Galaxy Buds3,"360,061","5,231","19,465",483,"201,284",1.45,63,37.80,,,,,,,,,,9.80,0.82,paid,response,True,54.06,3.72,0.01,40.30,10.34,416.74,
7,SETK,Website,Galaxy Buds3,,,,703,"223,842",,52.90,51.10,,,,,,"52,196",42.60,213,3.27,9.80,0.76,earned,owned,True,,,,,,318.41,
7,SETK,PR,Galaxy Buds3,,,0,,,,77.30,51.90,,,,38,22.30,,,,,4,0.91,earned,brand,False,,,,,,,
7,SETK,Paid Social,Galaxy Watch6,"418,297","3,846","14,593",352,"111,494",1.02,54.40,34,,,,,,,,,,15.10,0.89,paid,response,True,34.89,3.79,0.01,41.46,7.64,316.74,
7,SETK,Influencer,Galaxy Watch6,,,"4,712",30,"7,924",5.03,48.40,50.30,Influencer_7,"586,144",,,,,,,,6.70,0.92,paid,response,True,,,,157.07,1.68,264.13,
7,SETK,TV,Galaxy Watch6,,,"26,395",,,,82.60,61.30,,,260,,,,,,,7.70,0.91,paid,brand,False,,,,,,,101.52
7,SETK,Search,Galaxy Watch6,"235,556","4,611","5,408",454,"220,915",1.96,67.80,46.90,,,,,,,,,,9.10,0.81,paid,response,True,22.96,1.17,0.02,11.91,40.85,486.60,
7,SETK,Website,Galaxy Watch6,,,,627,"268,267",,51.10,51.80,,,,,,"35,682",25.50,171,3.20,13.10,0.84,earned,owned,True,,,,,,427.86,
7,SETK,PR,Galaxy Watch6,,,0,,,,83.50,67.70,,,,40,30.20,,,,,7,0.86,earned,brand,False,,,,,,,
7,SELV,Paid Social,Galaxy Z Fold8,"435,352","5,608","15,948",304,"120,254",1.03,74.70,47.40,,,,,,,,,,14.50,0.72,paid,response,True,36.63,2.84,0.01,52.46,7.54,395.57,
7,SELV,Influencer,Galaxy Z Fold8,,,"4,744",16,"7,967",2.63,47.80,33.10,Influencer_8,"556,441",,,,,,,,8.10,0.94,paid,response,True,,,,296.50,1.68,497.94,
7,SELV,TV,Galaxy Z Fold8,,,"29,297",,,,79.70,51.90,,,273,,,,,,,9.60,0.86,paid,brand,False,,,,,,,107.32
7,SELV,Search,Galaxy Z Fold8,"278,820","5,376","8,047",863,"239,065",1.93,67.60,49.10,,,,,,,,,,8.40,0.92,paid,response,True,28.86,1.50,0.02,9.32,29.71,277.02,
7,SELV,Website,Galaxy Z Fold8,,,,489,"171,939",,48.30,37.40,,,,,,"36,422",29,173,3.45,8.50,0.81,earned,owned,True,,,,,,351.61,
7,SELV,PR,Galaxy Z Fold8,,,0,,,,70.70,49.30,,,,26,16.20,,,,,1.10,0.81,earned,brand,False,,,,,,,
7,SELV,Paid Social,Galaxy Z Flip8,"491,280","6,034","15,699",481,"187,794",1.49,48.40,62.20,,,,,,,,,,14.80,0.89,paid,response,True,31.96,2.60,0.01,32.64,11.96,390.42,
7,SELV,Influencer,Galaxy Z Flip8,,,"1,697",59,"15,494",5.62,39.90,51.30,Influencer_8,"749,950",,,,,,,,11.80,0.82,paid,response,True,,,,28.76,9.13,262.61,
7,SELV,TV,Galaxy Z Flip8,,,"31,458",,,,72.70,66.40,,,250,,,,,,,12.10,0.72,paid,brand,False,,,,,,,125.83
7,SELV,Search,Galaxy Z Flip8,"363,504","5,733","14,010",823,"328,546",1.58,68,58.30,,,,,,,,,,9.60,0.93,paid,response,True,38.54,2.44,0.02,17.02,23.45,399.21,
7,SELV,Website,Galaxy Z Flip8,,,,986,"414,682",,63.20,35.30,,,,,,"57,453",38.60,250,3.05,5.10,0.81,earned,owned,True,,,,,,420.57,
7,SELV,PR,Galaxy Z Flip8,,,0,,,,82.30,64.40,,,,15,39.30,,,,,5.60,0.82,earned,brand,False,,,,,,,
7,SELV,Paid Social,Galaxy S24,"359,269","3,442","13,754",283,"66,713",0.82,49.70,63.30,,,,,,,,,,6.80,0.90,paid,response,True,38.28,4.00,0.01,48.60,4.85,235.73,
7,SELV,Influencer,Galaxy S24,,,"3,928",12,"3,264",4.62,47.40,37.10,Influencer_9,"426,057",,,,,,,,6.70,0.80,paid,response,True,,,,327.33,0.83,272,
7,SELV,TV,Galaxy S24,,,"17,814",,,,77.70,63.80,,,415,,,,,,,7.40,0.83,paid,brand,False,,,,,,,42.93
7,SELV,Search,Galaxy S24,"380,444","4,728","12,111",676,"326,782",1.24,58.20,50,,,,,,,,,,7.80,0.85,paid,response,True,31.83,2.56,0.01,17.92,26.98,483.41,
7,SELV,Website,Galaxy S24,,,,406,"90,942",,43.80,33.10,,,,,,"30,841",39.90,259,3.67,6.40,0.93,earned,owned,True,,,,,,224.00,
7,SELV,PR,Galaxy S24,,,0,,,,69.50,58.30,,,,47,41.50,,,,,5.90,0.93,earned,brand,False,,,,,,,
7,SELV,Paid Social,Galaxy Tab S10,"494,940","4,053","9,375",384,"64,577",1.46,51.90,62,,,,,,,,,,13.70,0.76,paid,response,True,18.94,2.31,0.01,24.41,6.89,168.17,
7,SELV,Influencer,Galaxy Tab S10,,,"3,586",15,"3,825",2.68,56.30,41.60,Influencer_10,"573,078",,,,,,,,14.40,0.83,paid,response,True,,,,239.07,1.07,255,
7,SELV,TV,Galaxy Tab S10,,,"36,734",,,,81.60,61,,,400,,,,,,,17.60,0.89,paid,brand,False,,,,,,,91.83
7,SELV,Search,Galaxy Tab S10,"248,738","4,849","6,226",444,"151,493",1.95,63.70,57.50,,,,,,,,,,13.10,0.90,paid,response,True,25.03,1.28,0.02,14.02,24.33,341.20,
7,SELV,Website,Galaxy Tab S10,,,,573,"182,914",,48.70,48.10,,,,,,"52,198",38.30,184,3.11,10.60,0.77,earned,owned,True,,,,,,319.22,
7,SELV,PR,Galaxy Tab S10,,,0,,,,71.80,65.70,,,,17,35,,,,,5.90,0.81,earned,brand,False,,,,,,,
7,SELV,Paid Social,Galaxy Buds3,"571,777","8,549","25,601",825,"289,427",1,51,33.90,,,,,,,,,,16.40,0.95,paid,response,True,44.77,2.99,0.01,31.03,11.31,350.82,
7,SELV,Influencer,Galaxy Buds3,,,"6,514",17,"6,581",3.91,57.90,50,Influencer_8,"373,645",,,,,,,,11.60,0.83,paid,response,True,,,,383.18,1.01,387.12,
7,SELV,TV,Galaxy Buds3,,,"40,774",,,,72.80,60.60,,,679,,,,,,,13,0.87,paid,brand,False,,,,,,,60.05
7,SELV,Search,Galaxy Buds3,"540,879","10,607","20,582",943,"383,483",1.96,53.40,57.30,,,,,,,,,,9.40,0.88,paid,response,True,38.05,1.94,0.02,21.83,18.63,406.66,
7,SELV,Website,Galaxy Buds3,,,,644,"219,819",,57.60,51.80,,,,,,"68,088",30.90,278,3.83,13.10,0.92,earned,owned,True,,,,,,341.33,
7,SELV,PR,Galaxy Buds3,,,0,,,,81.50,68.60,,,,36,18.30,,,,,2.40,0.92,earned,brand,False,,,,,,,
7,SELV,Paid Social,Galaxy Watch6,"498,843","7,374","13,884",627,"244,628",0.84,64.20,34.10,,,,,,,,,,11.20,0.74,paid,response,True,27.83,1.88,0.01,22.14,17.62,390.16,
7,SELV,Influencer,Galaxy Watch6,,,"3,531",19,"3,973",4.10,52.40,49.50,Influencer_8,"323,434",,,,,,,,9,0.94,paid,response,True,,,,185.84,1.13,209.11,
7,SELV,TV,Galaxy Watch6,,,"24,721",,,,74.20,53.60,,,366,,,,,,,13.80,0.90,paid,brand,False,,,,,,,67.54
7,SELV,Search,Galaxy Watch6,"352,487","5,089","14,875",477,"247,620",1.44,68.70,58.60,,,,,,,,,,13,0.91,paid,response,True,42.20,2.92,0.01,31.18,16.65,519.12,
7,SELV,Website,Galaxy Watch6,,,,921,"388,496",,57.60,42.90,,,,,,"52,347",27.40,186,3.85,4.80,0.89,earned,owned,True,,,,,,421.82,
7,SELV,PR,Galaxy Watch6,,,0,,,,79.60,62,,,,20,27.20,,,,,1.70,0.91,earned,brand,False,,,,,,,
7,SEMAG,Paid Social,Galaxy Z Fold8,"233,332","3,146","10,425",270,"63,768",1.24,73.20,39.90,,,,,,,,,,11.20,0.90,paid,response,True,44.68,3.31,0.01,38.61,6.12,236.18,
7,SEMAG,Influencer,Galaxy Z Fold8,,,"1,781",61,"26,972",5.41,48.50,37.10,Influencer_22,"904,655",,,,,,,,15.10,0.77,paid,response,True,,,,29.20,15.14,442.16,
7,SEMAG,TV,Galaxy Z Fold8,,,"18,098",,,,65.70,59,,,338,,,,,,,8.70,0.88,paid,brand,False,,,,,,,53.54
7,SEMAG,Search,Galaxy Z Fold8,"196,740","4,032","8,035",574,"150,484",2.05,50.50,61.70,,,,,,,,,,8.50,0.82,paid,response,True,40.84,1.99,0.02,14.00,18.73,262.17,
7,SEMAG,Website,Galaxy Z Fold8,,,,317,"104,126",,44.80,52.80,,,,,,"21,612",37,249,2.59,12.10,0.84,earned,owned,True,,,,,,328.47,
7,SEMAG,PR,Galaxy Z Fold8,,,0,,,,65.30,63.70,,,,11,17.40,,,,,7.80,0.93,earned,brand,False,,,,,,,
7,SEMAG,Paid Social,Galaxy Z Flip8,"218,178","1,818","6,021",127,"20,827",1.25,47.90,52.30,,,,,,,,,,5.40,0.88,paid,response,True,27.60,3.31,0.01,47.41,3.46,163.99,
7,SEMAG,Influencer,Galaxy Z Flip8,,,"1,891",36,"12,835",3.93,65.30,55.50,Influencer_22,"675,148",,,,,,,,12.30,0.88,paid,response,True,,,,52.53,6.79,356.53,
7,SEMAG,TV,Galaxy Z Flip8,,,"14,150",,,,68.20,61.40,,,328,,,,,,,9,0.90,paid,brand,False,,,,,,,43.14
7,SEMAG,Search,Galaxy Z Flip8,"225,686","3,707","8,170",441,"117,947",1.64,73.40,59.80,,,,,,,,,,10.70,0.90,paid,response,True,36.20,2.20,0.02,18.53,14.44,267.45,
7,SEMAG,Website,Galaxy Z Flip8,,,,650,"226,900",,55.70,47.60,,,,,,"44,180",31.90,173,3.62,9.20,0.82,earned,owned,True,,,,,,349.08,
7,SEMAG,PR,Galaxy Z Flip8,,,0,,,,74.60,71.70,,,,11,44.50,,,,,1,0.92,earned,brand,False,,,,,,,
7,SEMAG,Paid Social,Galaxy S24,"217,565","2,345","12,396",220,"47,453",1.48,51.50,47,,,,,,,,,,5.60,0.73,paid,response,True,56.98,5.29,0.01,56.35,3.83,215.70,
7,SEMAG,Influencer,Galaxy S24,,,"1,870",20,"9,494",5,51.10,41,Influencer_12,"575,263",,,,,,,,15.20,0.84,paid,response,True,,,,93.50,5.08,474.70,
7,SEMAG,TV,Galaxy S24,,,"18,456",,,,83.90,68.20,,,354,,,,,,,13.90,0.74,paid,brand,False,,,,,,,52.14
7,SEMAG,Search,Galaxy S24,"163,904","1,967","5,818",200,"75,313",1.20,70.40,62.20,,,,,,,,,,7.10,0.85,paid,response,True,35.50,2.96,0.01,29.09,12.94,376.56,
7,SEMAG,Website,Galaxy S24,,,,475,"117,608",,58.20,50.10,,,,,,"40,465",33.90,225,2.96,6.20,0.85,earned,owned,True,,,,,,247.60,
7,SEMAG,PR,Galaxy S24,,,0,,,,70.40,61.20,,,,11,19.20,,,,,9.20,0.82,earned,brand,False,,,,,,,
7,SEMAG,Paid Social,Galaxy Tab S10,"273,863","2,736","5,836",161,"32,396",0.98,48.50,47.50,,,,,,,,,,5.80,0.74,paid,response,True,21.31,2.13,0.01,36.25,5.55,201.22,
7,SEMAG,Influencer,Galaxy Tab S10,,,"3,598",52,"24,676",5.27,41.40,52,Influencer_12,"976,907",,,,,,,,12.30,0.93,paid,response,True,,,,69.19,6.86,474.54,
7,SEMAG,TV,Galaxy Tab S10,,,"29,155",,,,79.70,48.10,,,286,,,,,,,8.10,0.82,paid,brand,False,,,,,,,101.94
7,SEMAG,Search,Galaxy Tab S10,"221,055","3,032","11,854",345,"172,128",1.37,69.40,54.90,,,,,,,,,,8.10,0.90,paid,response,True,53.62,3.91,0.01,34.36,14.52,498.92,
7,SEMAG,Website,Galaxy Tab S10,,,,571,"191,193",,68.30,42.20,,,,,,"34,153",42.50,195,3.32,7.90,0.85,earned,owned,True,,,,,,334.84,
7,SEMAG,PR,Galaxy Tab S10,,,0,,,,61.10,68,,,,32,43.80,,,,,5.70,0.92,earned,brand,False,,,,,,,
7,SEMAG,Paid Social,Galaxy Buds3,"462,031","4,998","10,134",381,"123,835",1.08,73.60,40.50,,,,,,,,,,9.40,0.89,paid,response,True,21.93,2.03,0.01,26.60,12.22,325.03,
7,SEMAG,Influencer,Galaxy Buds3,,,"1,923",7,"1,701",3.78,58.90,32.10,Influencer_22,"216,212",,,,,,,,8.10,0.82,paid,response,True,,,,274.71,0.88,243,
7,SEMAG,TV,Galaxy Buds3,,,"25,776",,,,83.80,62.50,,,283,,,,,,,13.70,0.72,paid,brand,False,,,,,,,91.08
7,SEMAG,Search,Galaxy Buds3,"303,234","5,273","15,718",915,"417,262",1.74,59.90,41.50,,,,,,,,,,4.90,0.88,paid,response,True,51.83,2.98,0.02,17.18,26.55,456.02,
7,SEMAG,Website,Galaxy Buds3,,,,405,"138,775",,62.30,55.90,,,,,,"46,431",31.50,251,3.95,10.10,0.85,earned,owned,True,,,,,,342.65,
7,SEMAG,PR,Galaxy Buds3,,,0,,,,76.10,61.90,,,,34,22.10,,,,,7.50,0.94,earned,brand,False,,,,,,,
7,SEMAG,Paid Social,Galaxy Watch6,"424,869","3,869","5,626",418,"146,131",1.47,66.30,40.30,,,,,,,,,,14.60,0.81,paid,response,True,13.24,1.45,0.01,13.46,25.97,349.60,
7,SEMAG,Influencer,Galaxy Watch6,,,"2,147",41,"11,789",5.01,43,53.50,Influencer_11,"827,282",,,,,,,,9.30,0.90,paid,response,True,,,,52.37,5.49,287.54,
7,SEMAG,TV,Galaxy Watch6,,,"27,015",,,,74.70,61.70,,,289,,,,,,,9.20,0.81,paid,brand,False,,,,,,,93.48
7,SEMAG,Search,Galaxy Watch6,"249,091","4,253","4,748",635,"242,837",1.71,58.70,42.20,,,,,,,,,,12.30,0.84,paid,response,True,19.06,1.12,0.02,7.48,51.15,382.42,
7,SEMAG,Website,Galaxy Watch6,,,,549,"183,814",,58.80,38.90,,,,,,"43,002",44.40,197,2.54,12.30,0.92,earned,owned,True,,,,,,334.82,
7,SEMAG,PR,Galaxy Watch6,,,0,,,,77.10,59.90,,,,11,36.60,,,,,5.90,0.88,earned,brand,False,,,,,,,
7,SEEG,Paid Social,Galaxy Z Fold8,"352,867","3,193","13,872",361,"99,798",1.30,50.10,58.40,,,,,,,,,,8.30,0.84,paid,response,True,39.31,4.34,0.01,38.43,7.19,276.45,
7,SEEG,Influencer,Galaxy Z Fold8,,,"3,720",26,"10,516",2.63,39.10,46.30,Influencer_15,"986,185",,,,,,,,12.70,0.91,paid,response,True,,,,143.08,2.83,404.46,
7,SEEG,TV,Galaxy Z Fold8,,,"24,372",,,,76.40,67.60,,,191,,,,,,,13.80,0.89,paid,brand,False,,,,,,,127.60
7,SEEG,Search,Galaxy Z Fold8,"313,260","6,874","10,116","1,050","367,041",2.19,61.20,38.70,,,,,,,,,,10.30,0.81,paid,response,True,32.29,1.47,0.02,9.63,36.28,349.56,
7,SEEG,Website,Galaxy Z Fold8,,,,518,"147,970",,56.50,43.50,,,,,,"32,875",32.50,214,2.77,8.40,0.78,earned,owned,True,,,,,,285.66,
7,SEEG,PR,Galaxy Z Fold8,,,0,,,,76.50,64.20,,,,44,23.80,,,,,1.60,0.89,earned,brand,False,,,,,,,
7,SEEG,Paid Social,Galaxy Z Flip8,"360,907","5,026","11,170",534,"109,763",1.46,61.90,60.40,,,,,,,,,,11.40,0.73,paid,response,True,30.95,2.22,0.01,20.92,9.83,205.55,
7,SEEG,Influencer,Galaxy Z Flip8,,,"3,872",14,"4,177",3.41,55.10,37.10,Influencer_15,"372,408",,,,,,,,15.80,0.85,paid,response,True,,,,276.57,1.08,298.36,
7,SEEG,TV,Galaxy Z Flip8,,,"23,625",,,,63.20,59.90,,,269,,,,,,,10.60,0.84,paid,brand,False,,,,,,,87.83
7,SEEG,Search,Galaxy Z Flip8,"298,875","4,250","12,311",598,"272,646",1.42,52.40,59.20,,,,,,,,,,12.70,0.80,paid,response,True,41.19,2.90,0.01,20.59,22.15,455.93,
7,SEEG,Website,Galaxy Z Flip8,,,,532,"109,812",,67.10,46,,,,,,"45,574",37.90,217,3.93,4.70,0.81,earned,owned,True,,,,,,206.41,
7,SEEG,PR,Galaxy Z Flip8,,,0,,,,67.70,54.90,,,,36,38.20,,,,,0.50,0.85,earned,brand,False,,,,,,,
7,SEEG,Paid Social,Galaxy S24,"372,025","3,288","12,953",348,"58,682",1.38,72.90,51.40,,,,,,,,,,6.50,0.75,paid,response,True,34.82,3.94,0.01,37.22,4.53,168.63,
7,SEEG,Influencer,Galaxy S24,,,"2,341",32,"7,225",4.54,50,38.80,Influencer_13,"549,820",,,,,,,,6.80,0.81,paid,response,True,,,,73.16,3.09,225.78,
7,SEEG,TV,Galaxy S24,,,"16,670",,,,79.70,50.60,,,254,,,,,,,8.40,0.75,paid,brand,False,,,,,,,65.63
7,SEEG,Search,Galaxy S24,"281,129","5,864","10,684",748,"376,814",2.09,62.90,43.70,,,,,,,,,,8,0.92,paid,response,True,38.00,1.82,0.02,14.28,35.27,503.76,
7,SEEG,Website,Galaxy S24,,,,205,"72,814",,59.50,34.70,,,,,,"25,200",44.10,188,3.55,14,0.89,earned,owned,True,,,,,,355.19,
7,SEEG,PR,Galaxy S24,,,0,,,,64.90,58,,,,10,38.30,,,,,5.20,0.96,earned,brand,False,,,,,,,
7,SEEG,Paid Social,Galaxy Tab S10,"389,224","4,726","12,372",401,"120,808",1.38,68.20,33.60,,,,,,,,,,8.80,0.76,paid,response,True,31.79,2.62,0.01,30.85,9.76,301.27,
7,SEEG,Influencer,Galaxy Tab S10,,,"4,176",28,"6,967",4.45,43.20,36.90,Influencer_13,"752,372",,,,,,,,14,0.91,paid,response,True,,,,149.14,1.67,248.82,
7,SEEG,TV,Galaxy Tab S10,,,"26,126",,,,60.50,53.60,,,275,,,,,,,15.10,0.82,paid,brand,False,,,,,,,95.00
7,SEEG,Search,Galaxy Tab S10,"312,958","5,163","11,020",557,"283,389",1.65,53.30,55.40,,,,,,,,,,8.80,0.94,paid,response,True,35.21,2.13,0.02,19.78,25.72,508.78,
7,SEEG,Website,Galaxy Tab S10,,,,523,"148,994",,51.30,49.80,,,,,,"38,991",36.80,243,3.69,10.60,0.78,earned,owned,True,,,,,,284.88,
7,SEEG,PR,Galaxy Tab S10,,,0,,,,75.90,51.40,,,,16,24.10,,,,,1.10,0.91,earned,brand,False,,,,,,,
7,SEEG,Paid Social,Galaxy Buds3,"455,097","3,721","8,237",411,"66,055",1.36,56.70,40.30,,,,,,,,,,12.30,0.76,paid,response,True,18.10,2.21,0.01,20.04,8.02,160.72,
7,SEEG,Influencer,Galaxy Buds3,,,"6,590",22,"9,858",4.75,63.10,53.10,Influencer_14,"337,497",,,,,,,,6.60,0.75,paid,response,True,,,,299.55,1.50,448.09,
7,SEEG,TV,Galaxy Buds3,,,"35,286",,,,59.80,50.60,,,436,,,,,,,13.40,0.83,paid,brand,False,,,,,,,80.93
7,SEEG,Search,Galaxy Buds3,"266,961","5,024","13,028",554,"279,956",1.88,62.90,47.30,,,,,,,,,,9.50,0.94,paid,response,True,48.80,2.59,0.02,23.52,21.49,505.34,
7,SEEG,Website,Galaxy Buds3,,,,728,"320,883",,65.90,51.70,,,,,,"77,156",38.80,206,3.13,11.70,0.80,earned,owned,True,,,,,,440.77,
7,SEEG,PR,Galaxy Buds3,,,0,,,,60.70,57.60,,,,48,19.50,,,,,5,0.92,earned,brand,False,,,,,,,
7,SEEG,Paid Social,Galaxy Watch6,"264,566","3,818","9,645",216,"84,169",1.17,69.70,38.60,,,,,,,,,,11,0.90,paid,response,True,36.46,2.53,0.01,44.65,8.73,389.67,
7,SEEG,Influencer,Galaxy Watch6,,,"1,581",6,"2,291",3.17,65.50,46.40,Influencer_13,"340,221",,,,,,,,12.20,0.87,paid,response,True,,,,263.50,1.45,381.83,
7,SEEG,TV,Galaxy Watch6,,,"15,238",,,,77.50,67.60,,,266,,,,,,,12,0.80,paid,brand,False,,,,,,,57.29
7,SEEG,Search,Galaxy Watch6,"250,496","3,407","11,329",390,"159,804",1.36,69,47.80,,,,,,,,,,10.60,0.89,paid,response,True,45.23,3.33,0.01,29.05,14.11,409.75,
7,SEEG,Website,Galaxy Watch6,,,,522,"221,830",,67.70,46.10,,,,,,"32,936",34.60,232,2.89,7.20,0.77,earned,owned,True,,,,,,424.96,
7,SEEG,PR,Galaxy Watch6,,,0,,,,84.10,56.50,,,,17,40.90,,,,,6,0.88,earned,brand,False,,,,,,,
7,SEIL,Paid Social,Galaxy Z Fold8,"475,961","6,655","14,102",469,"147,462",0.97,48.60,35,,,,,,,,,,14.90,0.88,paid,response,True,29.63,2.12,0.01,30.07,10.46,314.42,
7,SEIL,Influencer,Galaxy Z Fold8,,,"1,846",34,"8,993",4.14,52.40,48.50,Influencer_18,"876,772",,,,,,,,8.10,0.86,paid,response,True,,,,54.29,4.87,264.50,
7,SEIL,TV,Galaxy Z Fold8,,,"35,793",,,,63.70,66.40,,,469,,,,,,,6.20,0.76,paid,brand,False,,,,,,,76.32
7,SEIL,Search,Galaxy Z Fold8,"200,216","3,557","8,932",548,"281,928",1.78,73.70,56,,,,,,,,,,11.40,0.89,paid,response,True,44.61,2.51,0.02,16.30,31.56,514.47,
7,SEIL,Website,Galaxy Z Fold8,,,,452,"117,098",,51.50,41.10,,,,,,"31,434",36,210,3.85,14.10,0.89,earned,owned,True,,,,,,259.07,
7,SEIL,PR,Galaxy Z Fold8,,,0,,,,74.40,56.10,,,,46,21.10,,,,,4.20,0.88,earned,brand,False,,,,,,,
7,SEIL,Paid Social,Galaxy Z Flip8,"439,927","4,945","14,781",284,"99,985",1,73.80,50.50,,,,,,,,,,7.60,0.76,paid,response,True,33.60,2.99,0.01,52.05,6.76,352.06,
7,SEIL,Influencer,Galaxy Z Flip8,,,"2,075",28,"9,353",5,63.80,52.80,Influencer_17,"840,903",,,,,,,,10.30,0.79,paid,response,True,,,,74.11,4.51,334.04,
7,SEIL,TV,Galaxy Z Flip8,,,"21,747",,,,60.70,46.90,,,327,,,,,,,8.80,0.90,paid,brand,False,,,,,,,66.50
7,SEIL,Search,Galaxy Z Flip8,"286,457","5,613","13,811",852,"267,759",1.96,67.50,58.10,,,,,,,,,,5.40,0.93,paid,response,True,48.21,2.46,0.02,16.21,19.39,314.27,
7,SEIL,Website,Galaxy Z Flip8,,,,646,"153,302",,52.50,50.20,,,,,,"61,959",41.20,175,2.70,11.80,0.76,earned,owned,True,,,,,,237.31,
7,SEIL,PR,Galaxy Z Flip8,,,0,,,,82.60,55,,,,23,20.20,,,,,5.40,0.90,earned,brand,False,,,,,,,
7,SEIL,Paid Social,Galaxy S24,"521,160","6,671","14,309",543,"150,128",1.20,56,39.70,,,,,,,,,,13.40,0.88,paid,response,True,27.46,2.14,0.01,26.35,10.49,276.48,
7,SEIL,Influencer,Galaxy S24,,,"2,368",28,"10,093",4.30,66.80,51,Influencer_17,"899,764",,,,,,,,15.10,0.91,paid,response,True,,,,84.57,4.26,360.46,
7,SEIL,TV,Galaxy S24,,,"17,141",,,,59.40,69.90,,,263,,,,,,,8.60,0.80,paid,brand,False,,,,,,,65.17
7,SEIL,Search,Galaxy S24,"180,072","3,627","10,766",329,"88,804",2.01,70.70,41.80,,,,,,,,,,6.10,0.90,paid,response,True,59.79,2.97,0.02,32.72,8.25,269.92,
7,SEIL,Website,Galaxy S24,,,,268,"63,597",,45.70,37,,,,,,"32,688",36.50,239,3.50,7.30,0.91,earned,owned,True,,,,,,237.30,
7,SEIL,PR,Galaxy S24,,,0,,,,75.80,53.30,,,,44,20.80,,,,,0.40,0.87,earned,brand,False,,,,,,,
7,SEIL,Paid Social,Galaxy Tab S10,"391,894","3,361","16,509",268,"80,982",0.88,57.40,52.40,,,,,,,,,,13.30,0.73,paid,response,True,42.13,4.91,0.01,61.60,4.91,302.17,
7,SEIL,Influencer,Galaxy Tab S10,,,"4,586",26,"8,398",5.53,61.70,31.20,Influencer_18,"323,815",,,,,,,,7.10,0.90,paid,response,True,,,,176.38,1.83,323,
7,SEIL,TV,Galaxy Tab S10,,,"18,820",,,,61.80,55.60,,,240,,,,,,,7.40,0.76,paid,brand,False,,,,,,,78.42
7,SEIL,Search,Galaxy Tab S10,"190,793","3,467","5,798",432,"201,700",1.82,66.30,60.80,,,,,,,,,,11,0.93,paid,response,True,30.39,1.67,0.02,13.42,34.79,466.90,
7,SEIL,Website,Galaxy Tab S10,,,,687,"265,658",,54.20,40.40,,,,,,"39,870",29.30,225,3.36,9.90,0.87,earned,owned,True,,,,,,386.69,
7,SEIL,PR,Galaxy Tab S10,,,0,,,,77.10,55.90,,,,40,34.50,,,,,5.10,0.82,earned,brand,False,,,,,,,
7,SEIL,Paid Social,Galaxy Buds3,"717,858","7,160","12,040",338,"52,618",1.19,57.30,49.10,,,,,,,,,,15.60,0.91,paid,response,True,16.77,1.68,0.01,35.62,4.37,155.67,
7,SEIL,Influencer,Galaxy Buds3,,,"3,230",21,"6,006",3.64,43,52.20,Influencer_16,"897,222",,,,,,,,11.80,0.89,paid,response,True,,,,153.81,1.86,286,
7,SEIL,TV,Galaxy Buds3,,,"42,550",,,,67.70,55,,,704,,,,,,,15.30,0.88,paid,brand,False,,,,,,,60.44
7,SEIL,Search,Galaxy Buds3,"540,119","10,020","13,412","1,518","638,563",1.86,58.40,57.20,,,,,,,,,,9.50,0.91,paid,response,True,24.83,1.34,0.02,8.84,47.61,420.66,
7,SEIL,Website,Galaxy Buds3,,,,508,"159,224",,52.40,40.20,,,,,,"49,404",27.80,198,3.14,8.20,0.81,earned,owned,True,,,,,,313.43,
7,SEIL,PR,Galaxy Buds3,,,0,,,,61.20,71.90,,,,28,21.40,,,,,8.40,0.92,earned,brand,False,,,,,,,
7,SEIL,Paid Social,Galaxy Watch6,"269,558","2,422","14,588",277,"70,805",1.05,50.40,40.30,,,,,,,,,,10.40,0.72,paid,response,True,54.12,6.02,0.01,52.66,4.85,255.61,
7,SEIL,Influencer,Galaxy Watch6,,,"4,666",28,"6,317",2.72,51.90,44.70,Influencer_16,"849,513",,,,,,,,10,0.78,paid,response,True,,,,166.64,1.35,225.61,
7,SEIL,TV,Galaxy Watch6,,,"25,431",,,,75.30,68,,,351,,,,,,,9.90,0.77,paid,brand,False,,,,,,,72.45
7,SEIL,Search,Galaxy Watch6,"201,153","4,078","5,380",416,"192,649",2.03,56.90,43.90,,,,,,,,,,5.30,0.88,paid,response,True,26.75,1.32,0.02,12.93,35.81,463.10,
7,SEIL,Website,Galaxy Watch6,,,,951,"324,392",,65.70,39.70,,,,,,"54,155",40.40,265,3.05,5.10,0.83,earned,owned,True,,,,,,341.11,
7,SEIL,PR,Galaxy Watch6,,,0,,,,71.10,52.70,,,,33,26.20,,,,,2.60,0.88,earned,brand,False,,,,,,,
7,SEPAK,Paid Social,Galaxy Z Fold8,"222,318","1,991","8,091",153,"23,054",0.83,47.30,37,,,,,,,,,,13.90,0.73,paid,response,True,36.39,4.06,0.01,52.88,2.85,150.68,
7,SEPAK,Influencer,Galaxy Z Fold8,,,"3,613",15,"5,492",5.32,42.10,39,Influencer_23,"227,939",,,,,,,,13.50,0.77,paid,response,True,,,,240.87,1.52,366.13,
7,SEPAK,TV,Galaxy Z Fold8,,,"16,243",,,,71.90,59.10,,,246,,,,,,,12,0.88,paid,brand,False,,,,,,,66.03
7,SEPAK,Search,Galaxy Z Fold8,"260,549","4,080","5,407",386,"100,029",1.57,67.80,62.10,,,,,,,,,,10.50,0.85,paid,response,True,20.75,1.33,0.02,14.01,18.50,259.14,
7,SEPAK,Website,Galaxy Z Fold8,,,,395,"119,347",,49.10,34,,,,,,"30,248",27,163,3.19,5,0.91,earned,owned,True,,,,,,302.14,
7,SEPAK,PR,Galaxy Z Fold8,,,0,,,,84.30,60.70,,,,26,44.10,,,,,2.20,0.86,earned,brand,False,,,,,,,
7,SEPAK,Paid Social,Galaxy Z Flip8,"223,950","2,895","5,124",119,"30,794",1.04,71.30,53.70,,,,,,,,,,9.90,0.88,paid,response,True,22.88,1.77,0.01,43.06,6.01,258.77,
7,SEPAK,Influencer,Galaxy Z Flip8,,,"1,869",12,"2,419",4.24,45.10,47.10,Influencer_20,"466,087",,,,,,,,14.60,0.79,paid,response,True,,,,155.75,1.29,201.58,
7,SEPAK,TV,Galaxy Z Flip8,,,"22,552",,,,79.60,68.50,,,192,,,,,,,11.10,0.77,paid,brand,False,,,,,,,117.46
7,SEPAK,Search,Galaxy Z Flip8,"211,744","4,424","9,724",718,"196,502",2.09,64.40,50.80,,,,,,,,,,11.70,0.89,paid,response,True,45.92,2.20,0.02,13.54,20.21,273.68,
7,SEPAK,Website,Galaxy Z Flip8,,,,367,"78,683",,51.20,40.30,,,,,,"44,903",30.30,256,3.14,10.40,0.89,earned,owned,True,,,,,,214.40,
7,SEPAK,PR,Galaxy Z Flip8,,,0,,,,75.20,65.10,,,,13,16.50,,,,,1.50,0.84,earned,brand,False,,,,,,,
7,SEPAK,Paid Social,Galaxy S24,"204,120","2,703","8,242",234,"66,916",1.46,47.50,54.80,,,,,,,,,,13.60,0.91,paid,response,True,40.38,3.05,0.01,35.22,8.12,285.97,
7,SEPAK,Influencer,Galaxy S24,,,"1,209",26,"10,408",3.44,60.30,36.50,Influencer_20,"930,268",,,,,,,,7.60,0.80,paid,response,True,,,,46.50,8.61,400.31,
7,SEPAK,TV,Galaxy S24,,,"27,960",,,,59.90,60.20,,,262,,,,,,,13.60,0.84,paid,brand,False,,,,,,,106.72
7,SEPAK,Search,Galaxy S24,"224,208","4,773","9,176",755,"308,611",2.13,62.10,43.30,,,,,,,,,,4.80,0.85,paid,response,True,40.93,1.92,0.02,12.15,33.63,408.76,
7,SEPAK,Website,Galaxy S24,,,,638,"257,379",,66.10,55.90,,,,,,"43,016",32.60,224,2.65,6,0.84,earned,owned,True,,,,,,403.42,
7,SEPAK,PR,Galaxy S24,,,0,,,,74.80,54.60,,,,10,29.60,,,,,7.90,0.92,earned,brand,False,,,,,,,
7,SEPAK,Paid Social,Galaxy Tab S10,"291,623","2,706","11,555",253,"75,591",1.21,72.90,63.30,,,,,,,,,,9.90,0.70,paid,response,True,39.62,4.27,0.01,45.67,6.54,298.78,
7,SEPAK,Influencer,Galaxy Tab S10,,,"2,611",19,"9,247",3.08,43.30,33.40,Influencer_20,"476,943",,,,,,,,6.40,0.84,paid,response,True,,,,137.42,3.54,486.68,
7,SEPAK,TV,Galaxy Tab S10,,,"26,169",,,,63.30,47.70,,,332,,,,,,,6.50,0.75,paid,brand,False,,,,,,,78.82
7,SEPAK,Search,Galaxy Tab S10,"259,535","4,825","7,400",431,"228,113",1.86,73.20,61.30,,,,,,,,,,11.40,0.82,paid,response,True,28.51,1.53,0.02,17.17,30.83,529.26,
7,SEPAK,Website,Galaxy Tab S10,,,,654,"275,489",,65.80,34.10,,,,,,"46,893",40.60,264,3.85,8.90,0.75,earned,owned,True,,,,,,421.24,
7,SEPAK,PR,Galaxy Tab S10,,,0,,,,75.20,55.60,,,,35,30.10,,,,,6.40,0.80,earned,brand,False,,,,,,,
7,SEPAK,Paid Social,Galaxy Buds3,"558,058","7,790","17,946",889,"332,077",1.01,49.60,56.10,,,,,,,,,,9.90,0.92,paid,response,True,32.16,2.30,0.01,20.19,18.50,373.54,
7,SEPAK,Influencer,Galaxy Buds3,,,"2,944",34,"11,291",4.30,54.30,40.10,Influencer_19,"747,300",,,,,,,,6,0.78,paid,response,True,,,,86.59,3.84,332.09,
7,SEPAK,TV,Galaxy Buds3,,,"19,009",,,,72.50,56,,,319,,,,,,,9.60,0.85,paid,brand,False,,,,,,,59.59
7,SEPAK,Search,Galaxy Buds3,"236,569","4,831","13,476",658,"223,632",2.04,59.90,56.80,,,,,,,,,,10.20,0.93,paid,response,True,56.96,2.79,0.02,20.48,16.59,339.87,
7,SEPAK,Website,Galaxy Buds3,,,,"1,186","437,141",,54,54.60,,,,,,"70,178",36.80,192,3.40,6,0.88,earned,owned,True,,,,,,368.58,
7,SEPAK,PR,Galaxy Buds3,,,0,,,,85.50,71.70,,,,42,32.40,,,,,4.70,0.90,earned,brand,False,,,,,,,
7,SEPAK,Paid Social,Galaxy Watch6,"256,021","2,125","9,448",123,"22,075",1.43,48.20,50.80,,,,,,,,,,5.80,0.81,paid,response,True,36.90,4.45,0.01,76.81,2.34,179.47,
7,SEPAK,Influencer,Galaxy Watch6,,,"1,780",36,"14,481",4.75,63.40,43.60,Influencer_19,"778,654",,,,,,,,8.10,0.89,paid,response,True,,,,49.44,8.14,402.25,
7,SEPAK,TV,Galaxy Watch6,,,"21,280",,,,78.50,57,,,181,,,,,,,15.40,0.88,paid,brand,False,,,,,,,117.57
7,SEPAK,Search,Galaxy Watch6,"260,514","4,796","6,381",524,"138,100",1.84,64.90,48.20,,,,,,,,,,10,0.91,paid,response,True,24.49,1.33,0.02,12.18,21.64,263.55,
7,SEPAK,Website,Galaxy Watch6,,,,470,"123,216",,54.70,39.80,,,,,,"39,729",30.30,259,2.54,5.10,0.75,earned,owned,True,,,,,,262.16,
7,SEPAK,PR,Galaxy Watch6,,,0,,,,70.10,52.40,,,,36,25.10,,,,,8.80,0.89,earned,brand,False,,,,,,,
8,SGE,Paid Social,Galaxy Z Fold8,"360,803","4,971","14,561",308,"88,296",0.80,76,63.40,,,,,,,,,,13.30,0.77,paid,response,True,40.36,2.93,0.01,47.28,6.06,286.68,
8,SGE,Influencer,Galaxy Z Fold8,,,"2,797",41,"19,028",4.94,44.50,35.80,Influencer_2,"758,580",,,,,,,,10.40,0.95,paid,response,True,,,,68.22,6.80,464.10,
8,SGE,TV,Galaxy Z Fold8,,,"37,116",,,,76,48.70,,,359,,,,,,,5.50,0.89,paid,brand,False,,,,,,,103.39
8,SGE,Search,Galaxy Z Fold8,"199,384","2,990","9,789",537,"152,445",1.50,73.60,63.70,,,,,,,,,,6,0.89,paid,response,True,49.10,3.27,0.01,18.23,15.57,283.88,
8,SGE,Website,Galaxy Z Fold8,,,,738,"308,693",,56.50,43.20,,,,,,"41,052",39.30,177,2.85,4,0.78,earned,owned,True,,,,,,418.28,
8,SGE,PR,Galaxy Z Fold8,,,0,,,,68.40,63.50,,,,28,16.30,,,,,0.40,0.85,earned,brand,False,,,,,,,
8,SGE,B2B Roadshow,Galaxy Z Fold8,"6,162",,"4,356",49,"19,691",6.75,64.90,55.20,,,,,,,,,,9.30,0.89,paid,brand,True,706.91,,,88.90,4.52,401.86,
8,SGE,Paid Social,Galaxy Z Flip8,"483,538","3,975","10,540",380,"82,992",1.35,59.50,60,,,,,,,,,,9.60,0.89,paid,response,True,21.80,2.65,0.01,27.74,7.87,218.40,
8,SGE,Influencer,Galaxy Z Flip8,,,"2,321",16,"6,053",5.20,57.60,44.40,Influencer_3,"268,507",,,,,,,,6,0.86,paid,response,True,,,,145.06,2.61,378.31,
8,SGE,TV,Galaxy Z Flip8,,,"17,356",,,,71,67.80,,,484,,,,,,,6.90,0.77,paid,brand,False,,,,,,,35.86
8,SGE,Search,Galaxy Z Flip8,"306,003","4,500","15,490",741,"208,499",1.47,56.90,47,,,,,,,,,,5.50,0.84,paid,response,True,50.62,3.44,0.01,20.90,13.46,281.38,
8,SGE,Website,Galaxy Z Flip8,,,,998,"335,805",,59.10,50.40,,,,,,"57,127",37.30,213,3.55,9.50,0.81,earned,owned,True,,,,,,336.48,
8,SGE,PR,Galaxy Z Flip8,,,0,,,,69.80,71.90,,,,48,26.40,,,,,0.40,0.85,earned,brand,False,,,,,,,
8,SGE,B2B Roadshow,Galaxy Z Flip8,"10,670",,"5,568",81,"34,066",3.25,57.50,52.70,,,,,,,,,,9.20,0.85,paid,brand,True,521.84,,,68.74,6.12,420.57,
8,SGE,Paid Social,Galaxy S24,"542,183","6,946","15,901",830,"175,627",1.45,73.70,35.90,,,,,,,,,,5.40,0.82,paid,response,True,29.33,2.29,0.01,19.16,11.05,211.60,
8,SGE,Influencer,Galaxy S24,,,"2,794",61,"22,042",5.05,63.50,52.20,Influencer_2,"915,932",,,,,,,,7.70,0.81,paid,response,True,,,,45.80,7.89,361.34,
8,SGE,TV,Galaxy S24,,,"32,728",,,,78.70,50.10,,,516,,,,,,,11.40,0.77,paid,brand,False,,,,,,,63.43
8,SGE,Search,Galaxy S24,"284,761","5,124","12,890",658,"174,202",1.80,66.10,55.10,,,,,,,,,,6.50,0.80,paid,response,True,45.27,2.52,0.02,19.59,13.51,264.74,
8,SGE,Website,Galaxy S24,,,,"1,217","319,528",,61.70,39.80,,,,,,"68,720",25.90,246,4,13,0.91,earned,owned,True,,,,,,262.55,
8,SGE,PR,Galaxy S24,,,0,,,,74.40,50.90,,,,56,28,,,,,6.70,0.84,earned,brand,False,,,,,,,
8,SGE,B2B Roadshow,Galaxy S24,"6,020",,"5,545",46,"25,161",7.33,64.80,58.90,,,,,,,,,,8.80,0.82,paid,brand,True,921.10,,,120.54,4.54,546.98,
8,SGE,Paid Social,Galaxy Tab S10,"423,346","5,705","12,712",578,"226,107",0.93,62.20,52.90,,,,,,,,,,9.10,0.76,paid,response,True,30.03,2.23,0.01,21.99,17.79,391.19,
8,SGE,Influencer,Galaxy Tab S10,,,"3,520",32,"14,601",5.30,45.90,40.60,Influencer_2,"470,625",,,,,,,,12.60,0.76,paid,response,True,,,,110,4.15,456.28,
8,SGE,TV,Galaxy Tab S10,,,"32,190",,,,69.40,62.20,,,415,,,,,,,7.90,0.73,paid,brand,False,,,,,,,77.57
8,SGE,Search,Galaxy Tab S10,"381,955","8,142","13,766",781,"239,002",2.13,55.60,46.20,,,,,,,,,,12.50,0.91,paid,response,True,36.04,1.69,0.02,17.63,17.36,306.02,
8,SGE,Website,Galaxy Tab S10,,,,"1,076","343,880",,63.70,48.30,,,,,,"61,020",38.10,229,3.10,7.90,0.77,earned,owned,True,,,,,,319.59,
8,SGE,PR,Galaxy Tab S10,,,0,,,,86.60,51.90,,,,24,23.40,,,,,7.80,0.94,earned,brand,False,,,,,,,
8,SGE,B2B Roadshow,Galaxy Tab S10,"10,482",,"7,369",81,"28,684",6.20,74.90,50.10,,,,,,,,,,11.30,0.91,paid,brand,True,703.01,,,90.98,3.89,354.12,
8,SGE,Paid Social,Galaxy Buds3,"320,162","3,624","16,626",429,"115,958",1.15,63.80,40.50,,,,,,,,,,4.90,0.84,paid,response,True,51.93,4.59,0.01,38.76,6.97,270.30,
8,SGE,Influencer,Galaxy Buds3,,,"1,788",54,"15,225",5.76,44.40,49.50,Influencer_2,"665,660",,,,,,,,13.50,0.92,paid,response,True,,,,33.11,8.52,281.94,
8,SGE,TV,Galaxy Buds3,,,"33,264",,,,64.70,49.80,,,251,,,,,,,7.20,0.76,paid,brand,False,,,,,,,132.53
8,SGE,Search,Galaxy Buds3,"248,236","3,546","14,769",405,"153,505",1.43,68.60,57,,,,,,,,,,11.60,0.87,paid,response,True,59.50,4.16,0.01,36.47,10.39,379.02,
8,SGE,Website,Galaxy Buds3,,,,859,"380,902",,68.30,37.40,,,,,,"63,508",37.70,244,3.98,5.30,0.87,earned,owned,True,,,,,,443.42,
8,SGE,PR,Galaxy Buds3,,,0,,,,84,58.70,,,,27,30.10,,,,,6.40,0.95,earned,brand,False,,,,,,,
8,SGE,B2B Roadshow,Galaxy Buds3,"6,637",,"3,257",72,"25,374",4.27,68.10,55.70,,,,,,,,,,8.30,0.94,paid,brand,True,490.73,,,45.24,7.79,352.42,
8,SGE,Paid Social,Galaxy Watch6,"549,735","5,155","8,344",252,"97,301",0.91,68.40,48,,,,,,,,,,13.20,0.85,paid,response,True,15.18,1.62,0.01,33.11,11.66,386.12,
8,SGE,Influencer,Galaxy Watch6,,,"4,938",82,"34,442",5.92,69.90,41.50,Influencer_3,"966,479",,,,,,,,14.60,0.83,paid,response,True,,,,60.22,6.97,420.02,
8,SGE,TV,Galaxy Watch6,,,"25,022",,,,77.60,63.10,,,301,,,,,,,13.30,0.75,paid,brand,False,,,,,,,83.13
8,SGE,Search,Galaxy Watch6,"223,664","2,752","15,903",324,"97,496",1.23,53,50.70,,,,,,,,,,10.20,0.88,paid,response,True,71.10,5.78,0.01,49.08,6.13,300.91,
8,SGE,Website,Galaxy Watch6,,,,533,"115,563",,51,50.90,,,,,,"33,330",40.70,213,3.74,5.90,0.82,earned,owned,True,,,,,,216.82,
8,SGE,PR,Galaxy Watch6,,,0,,,,75.60,70.30,,,,27,24.70,,,,,2,0.94,earned,brand,False,,,,,,,
8,SGE,B2B Roadshow,Galaxy Watch6,"11,986",,"4,880",87,"20,714",3.06,72.20,67.30,,,,,,,,,,10.50,0.94,paid,brand,True,407.14,,,56.09,4.24,238.09,
8,SESAR,Paid Social,Galaxy Z Fold8,"384,926","3,265","12,493",245,"67,690",1.16,49,47.30,,,,,,,,,,15.90,0.77,paid,response,True,32.46,3.83,0.01,50.99,5.42,276.29,
8,SESAR,Influencer,Galaxy Z Fold8,,,"2,571",40,"8,641",5.84,56.40,52.60,Influencer_5,"902,573",,,,,,,,14.40,0.89,paid,response,True,,,,64.28,3.36,216.03,
8,SESAR,TV,Galaxy Z Fold8,,,"30,568",,,,76.50,58.30,,,354,,,,,,,14.60,0.74,paid,brand,False,,,,,,,86.35
8,SESAR,Search,Galaxy Z Fold8,"318,240","6,002","10,251",624,"267,525",1.89,54.90,50.20,,,,,,,,,,8.30,0.89,paid,response,True,32.21,1.71,0.02,16.43,26.10,428.73,
8,SESAR,Website,Galaxy Z Fold8,,,,806,"275,631",,63.70,48,,,,,,"50,296",33.50,189,3.83,7.10,0.93,earned,owned,True,,,,,,341.97,
8,SESAR,PR,Galaxy Z Fold8,,,0,,,,65.30,61.60,,,,40,32.40,,,,,2.10,0.87,earned,brand,False,,,,,,,
8,SESAR,B2B Roadshow,Galaxy Z Fold8,"7,253",,"5,079",44,"15,620",3.18,56.80,64.60,,,,,,,,,,9.20,0.94,paid,brand,True,700.26,,,115.43,3.08,355,
8,SESAR,Paid Social,Galaxy Z Flip8,"349,965","4,540","8,867",278,"104,566",1.38,66.50,52.40,,,,,,,,,,6,0.76,paid,response,True,25.34,1.95,0.01,31.90,11.79,376.14,
8,SESAR,Influencer,Galaxy Z Flip8,,,"1,961",13,"5,172",3.03,55.40,39.80,Influencer_4,"308,216",,,,,,,,13.80,0.94,paid,response,True,,,,150.85,2.64,397.85,
8,SESAR,TV,Galaxy Z Flip8,,,"33,565",,,,85.60,59.90,,,253,,,,,,,11.40,0.73,paid,brand,False,,,,,,,132.67
8,SESAR,Search,Galaxy Z Flip8,"301,538","5,298","8,474",512,"146,605",1.76,71.60,39.20,,,,,,,,,,5.90,0.92,paid,response,True,28.10,1.60,0.02,16.55,17.30,286.34,
8,SESAR,Website,Galaxy Z Flip8,,,,224,"74,033",,67.40,45.70,,,,,,"26,066",34.20,247,2.67,10.30,0.87,earned,owned,True,,,,,,330.50,
8,SESAR,PR,Galaxy Z Flip8,,,0,,,,78.90,67.50,,,,45,42.60,,,,,0.70,0.89,earned,brand,False,,,,,,,
8,SESAR,B2B Roadshow,Galaxy Z Flip8,"9,841",,"4,551",43,"20,573",6.98,60.80,68.30,,,,,,,,,,6.60,0.91,paid,brand,True,462.45,,,105.84,4.52,478.44,
8,SESAR,Paid Social,Galaxy S24,"493,415","5,050","9,997",461,"78,952",1.16,48.40,49.10,,,,,,,,,,9.10,0.89,paid,response,True,20.26,1.98,0.01,21.69,7.90,171.26,
8,SESAR,Influencer,Galaxy S24,,,"2,789",21,"9,658",2.98,58.10,53,Influencer_4,"872,676",,,,,,,,13.50,0.76,paid,response,True,,,,132.81,3.46,459.90,
8,SESAR,TV,Galaxy S24,,,"21,506",,,,80.30,47.40,,,387,,,,,,,15.20,0.80,paid,brand,False,,,,,,,55.57
8,SESAR,Search,Galaxy S24,"197,809","2,380","9,570",414,"221,800",1.20,65.90,49.70,,,,,,,,,,4.50,0.78,paid,response,True,48.38,4.02,0.01,23.12,23.18,535.75,
8,SESAR,Website,Galaxy S24,,,,346,"153,316",,46.40,55.60,,,,,,"28,019",38.40,258,2.90,7.90,0.82,earned,owned,True,,,,,,443.11,
8,SESAR,PR,Galaxy S24,,,0,,,,79.60,71.90,,,,15,36.30,,,,,8.10,0.96,earned,brand,False,,,,,,,
8,SESAR,B2B Roadshow,Galaxy S24,"5,025",,"6,661",54,"18,614",3.50,67.30,68.40,,,,,,,,,,9.10,0.94,paid,brand,True,"1,325.57",,,123.35,2.79,344.70,
8,SESAR,Paid Social,Galaxy Tab S10,"373,059","3,094","6,246",214,"62,150",0.94,59.60,40.70,,,,,,,,,,10.60,0.79,paid,response,True,16.74,2.02,0.01,29.19,9.95,290.42,
8,SESAR,Influencer,Galaxy Tab S10,,,"3,159",23,"8,787",4.48,63.90,43.80,Influencer_4,"795,033",,,,,,,,11,0.86,paid,response,True,,,,137.35,2.78,382.04,
8,SESAR,TV,Galaxy Tab S10,,,"32,040",,,,76.90,50,,,429,,,,,,,11.50,0.86,paid,brand,False,,,,,,,74.69
8,SESAR,Search,Galaxy Tab S10,"317,992","5,359","6,190",623,"225,089",1.69,66,43.30,,,,,,,,,,7.90,0.79,paid,response,True,19.47,1.16,0.02,9.94,36.36,361.30,
8,SESAR,Website,Galaxy Tab S10,,,,929,"191,228",,46.80,43.80,,,,,,"54,784",36.90,182,2.53,11,0.93,earned,owned,True,,,,,,205.84,
8,SESAR,PR,Galaxy Tab S10,,,0,,,,77.80,64,,,,39,40.50,,,,,7.10,0.83,earned,brand,False,,,,,,,
8,SESAR,B2B Roadshow,Galaxy Tab S10,"5,240",,"5,479",25,"26,130",7.27,70.20,69.60,,,,,,,,,,9,0.97,paid,brand,True,"1,045.61",,,219.16,4.77,"1,045.20",
8,SESAR,Paid Social,Galaxy Buds3,"496,610","4,226","13,552",291,"80,788",1.48,50.50,49.20,,,,,,,,,,7.50,0.72,paid,response,True,27.29,3.21,0.01,46.57,5.96,277.62,
8,SESAR,Influencer,Galaxy Buds3,,,"3,077",15,"6,528",4.21,43.30,48.20,Influencer_4,"344,671",,,,,,,,13.90,0.86,paid,response,True,,,,205.13,2.12,435.20,
8,SESAR,TV,Galaxy Buds3,,,"24,185",,,,76.20,61.80,,,223,,,,,,,16.50,0.81,paid,brand,False,,,,,,,108.45
8,SESAR,Search,Galaxy Buds3,"196,406","2,676","12,823",303,"129,166",1.36,62.40,59.10,,,,,,,,,,11.70,0.93,paid,response,True,65.29,4.79,0.01,42.32,10.07,426.29,
8,SESAR,Website,Galaxy Buds3,,,,643,"187,505",,53.30,40.30,,,,,,"42,323",43.30,176,3.73,8.90,0.90,earned,owned,True,,,,,,291.61,
8,SESAR,PR,Galaxy Buds3,,,0,,,,74.60,49.70,,,,30,28.10,,,,,4.80,0.82,earned,brand,False,,,,,,,
8,SESAR,B2B Roadshow,Galaxy Buds3,"11,015",,"7,070",73,"8,001",6.55,55.40,64.70,,,,,,,,,,5.40,0.88,paid,brand,True,641.85,,,96.85,1.13,109.60,
8,SESAR,Paid Social,Galaxy Watch6,"492,572","6,368","11,606",463,"179,486",1.12,53.30,38.70,,,,,,,,,,14.20,0.82,paid,response,True,23.56,1.82,0.01,25.07,15.46,387.66,
8,SESAR,Influencer,Galaxy Watch6,,,"3,793",24,"11,189",3.07,67,36.40,Influencer_21,"727,537",,,,,,,,6.20,0.85,paid,response,True,,,,158.04,2.95,466.21,
8,SESAR,TV,Galaxy Watch6,,,"31,931",,,,65,53.50,,,246,,,,,,,10.60,0.74,paid,brand,False,,,,,,,129.80
8,SESAR,Search,Galaxy Watch6,"260,017","3,308","13,884",570,"278,417",1.27,60.50,50.80,,,,,,,,,,4.30,0.84,paid,response,True,53.40,4.20,0.01,24.36,20.05,488.45,
8,SESAR,Website,Galaxy Watch6,,,,257,"88,302",,66.70,35.70,,,,,,"28,866",44.50,195,3.77,12.20,0.77,earned,owned,True,,,,,,343.59,
8,SESAR,PR,Galaxy Watch6,,,0,,,,80.70,50.70,,,,21,27.80,,,,,2.90,0.95,earned,brand,False,,,,,,,
8,SESAR,B2B Roadshow,Galaxy Watch6,"12,218",,"3,436",72,"26,661",3.68,55.90,59.20,,,,,,,,,,10.70,0.91,paid,brand,True,281.22,,,47.72,7.76,370.29,
8,SETK,Paid Social,Galaxy Z Fold8,"406,965","3,297","13,230",199,"64,707",1.49,49.60,49.70,,,,,,,,,,13.40,0.84,paid,response,True,32.51,4.01,0.01,66.48,4.89,325.16,
8,SETK,Influencer,Galaxy Z Fold8,,,"4,579",37,"16,251",3.53,56.10,40.40,Influencer_6,"933,087",,,,,,,,11.20,0.79,paid,response,True,,,,123.76,3.55,439.22,
8,SETK,TV,Galaxy Z Fold8,,,"27,078",,,,64.30,53.40,,,273,,,,,,,16.70,0.87,paid,brand,False,,,,,,,99.19
8,SETK,Search,Galaxy Z Fold8,"245,456","4,998","6,120",879,"428,872",2.04,64.10,42.30,,,,,,,,,,8.10,0.91,paid,response,True,24.93,1.22,0.02,6.96,70.08,487.91,
8,SETK,Website,Galaxy Z Fold8,,,,292,"114,647",,45.70,41.80,,,,,,"28,895",40.50,159,2.89,9.60,0.86,earned,owned,True,,,,,,392.63,
8,SETK,PR,Galaxy Z Fold8,,,0,,,,63.70,71.90,,,,22,35.50,,,,,1.50,0.94,earned,brand,False,,,,,,,
8,SETK,B2B Roadshow,Galaxy Z Fold8,"10,352",,"6,586",34,"23,912",6.82,71.50,56.70,,,,,,,,,,11.40,0.89,paid,brand,True,636.21,,,193.71,3.63,703.29,
8,SETK,Paid Social,Galaxy Z Flip8,"252,560","2,737","9,948",323,"83,610",1.32,60.40,52.20,,,,,,,,,,6.60,0.88,paid,response,True,39.39,3.63,0.01,30.80,8.40,258.85,
8,SETK,Influencer,Galaxy Z Flip8,,,"3,382",20,"5,821",5.76,45.70,52,Influencer_6,"514,127",,,,,,,,9.40,0.95,paid,response,True,,,,169.10,1.72,291.05,
8,SETK,TV,Galaxy Z Flip8,,,"23,523",,,,83.90,60.50,,,287,,,,,,,9.20,0.73,paid,brand,False,,,,,,,81.96
8,SETK,Search,Galaxy Z Flip8,"253,155","5,384","5,529",642,"246,974",2.13,59.60,40.80,,,,,,,,,,12.40,0.81,paid,response,True,21.84,1.03,0.02,8.61,44.67,384.69,
8,SETK,Website,Galaxy Z Flip8,,,,537,"108,706",,52.70,34.10,,,,,,"35,129",25.70,235,3.85,10.30,0.81,earned,owned,True,,,,,,202.43,
8,SETK,PR,Galaxy Z Flip8,,,0,,,,77,71.80,,,,10,35,,,,,0.50,0.81,earned,brand,False,,,,,,,
8,SETK,B2B Roadshow,Galaxy Z Flip8,"6,308",,"6,790",65,"23,398",7.71,56.90,69.70,,,,,,,,,,5.10,0.87,paid,brand,True,"1,076.41",,,104.46,3.45,359.97,
8,SETK,Paid Social,Galaxy S24,"310,948","4,020","12,628",380,"62,128",1.29,52,35.30,,,,,,,,,,12.60,0.79,paid,response,True,40.61,3.14,0.01,33.23,4.92,163.49,
8,SETK,Influencer,Galaxy S24,,,"2,467",34,"7,648",5.36,45.70,28,Influencer_7,"530,434",,,,,,,,6.40,0.78,paid,response,True,,,,72.56,3.10,224.94,
8,SETK,TV,Galaxy S24,,,"27,875",,,,68.80,66.80,,,408,,,,,,,12,0.89,paid,brand,False,,,,,,,68.32
8,SETK,Search,Galaxy S24,"157,322","1,904","11,250",296,"136,127",1.21,52.50,46.80,,,,,,,,,,6.80,0.92,paid,response,True,71.51,5.91,0.01,38.01,12.10,459.89,
8,SETK,Website,Galaxy S24,,,,599,"171,766",,66.90,41.50,,,,,,"35,149",41,216,3.16,8.40,0.76,earned,owned,True,,,,,,286.75,
8,SETK,PR,Galaxy S24,,,0,,,,73.10,54.40,,,,38,18,,,,,0.80,0.90,earned,brand,False,,,,,,,
8,SETK,B2B Roadshow,Galaxy S24,"5,520",,"5,898",61,"25,962",6.37,67.90,68.30,,,,,,,,,,9.70,0.95,paid,brand,True,"1,068.48",,,96.69,4.40,425.61,
8,SETK,Paid Social,Galaxy Tab S10,"249,489","2,012","11,811",126,"40,242",0.95,56.10,56.20,,,,,,,,,,6.40,0.92,paid,response,True,47.34,5.87,0.01,93.74,3.41,319.38,
8,SETK,Influencer,Galaxy Tab S10,,,"1,915",10,"4,634",3.47,53.30,43.20,Influencer_7,"203,150",,,,,,,,12.60,0.90,paid,response,True,,,,191.50,2.42,463.40,
8,SETK,TV,Galaxy Tab S10,,,"16,254",,,,74.60,62.70,,,207,,,,,,,16.10,0.91,paid,brand,False,,,,,,,78.52
8,SETK,Search,Galaxy Tab S10,"305,354","4,692","7,462",825,"295,145",1.54,70.20,44.90,,,,,,,,,,7.20,0.87,paid,response,True,24.44,1.59,0.02,9.04,39.55,357.75,
8,SETK,Website,Galaxy Tab S10,,,,277,"82,263",,58.80,47.40,,,,,,"32,870",25.70,254,3.95,10.40,0.82,earned,owned,True,,,,,,296.98,
8,SETK,PR,Galaxy Tab S10,,,0,,,,84.70,63.30,,,,35,43.30,,,,,0.30,0.86,earned,brand,False,,,,,,,
8,SETK,B2B Roadshow,Galaxy Tab S10,"11,586",,"6,911",34,"8,971",6.89,72.90,69.90,,,,,,,,,,8.50,0.93,paid,brand,True,596.50,,,203.26,1.30,263.85,
8,SETK,Paid Social,Galaxy Buds3,"268,705","3,497","9,089",325,"95,084",1,64.40,63.50,,,,,,,,,,8.50,0.76,paid,response,True,33.83,2.60,0.01,27.97,10.46,292.57,
8,SETK,Influencer,Galaxy Buds3,,,"2,891",32,"14,526",4.22,50.40,28.20,Influencer_7,"611,702",,,,,,,,7.20,0.82,paid,response,True,,,,90.34,5.02,453.94,
8,SETK,TV,Galaxy Buds3,,,"14,593",,,,73.30,71.60,,,207,,,,,,,9,0.75,paid,brand,False,,,,,,,70.50
8,SETK,Search,Galaxy Buds3,"239,913","3,319","6,395",417,"136,121",1.38,65.80,54.50,,,,,,,,,,9.80,0.87,paid,response,True,26.66,1.93,0.01,15.34,21.29,326.43,
8,SETK,Website,Galaxy Buds3,,,,336,"85,791",,63,33.80,,,,,,"33,054",31.60,174,2.60,4.40,0.91,earned,owned,True,,,,,,255.33,
8,SETK,PR,Galaxy Buds3,,,0,,,,63.20,55.70,,,,34,40.20,,,,,5.30,0.95,earned,brand,False,,,,,,,
8,SETK,B2B Roadshow,Galaxy Buds3,"13,399",,"6,391",49,"15,484",4.21,58,68.10,,,,,,,,,,5.60,0.88,paid,brand,True,476.98,,,130.43,2.42,316,
8,SETK,Paid Social,Galaxy Watch6,"292,274","3,963","5,800",247,"78,937",1.47,74.70,48.30,,,,,,,,,,13.10,0.95,paid,response,True,19.84,1.46,0.01,23.48,13.61,319.58,
8,SETK,Influencer,Galaxy Watch6,,,"3,625",42,"9,505",4.08,58.20,45.80,Influencer_24,"769,408",,,,,,,,9.80,0.78,paid,response,True,,,,86.31,2.62,226.31,
8,SETK,TV,Galaxy Watch6,,,"15,694",,,,84.80,53,,,246,,,,,,,13.30,0.90,paid,brand,False,,,,,,,63.80
8,SETK,Search,Galaxy Watch6,"144,609","3,014","6,951",379,"134,968",2.08,55.90,45.20,,,,,,,,,,12.60,0.92,paid,response,True,48.07,2.31,0.02,18.34,19.42,356.12,
8,SETK,Website,Galaxy Watch6,,,,253,"78,741",,50.20,51.80,,,,,,"31,598",26.80,238,3.76,4.10,0.78,earned,owned,True,,,,,,311.23,
8,SETK,PR,Galaxy Watch6,,,0,,,,81.90,67.70,,,,19,18,,,,,1.10,0.86,earned,brand,False,,,,,,,
8,SETK,B2B Roadshow,Galaxy Watch6,"12,912",,"4,019",50,"25,432",7.55,69.50,63.70,,,,,,,,,,9,0.89,paid,brand,True,311.26,,,80.38,6.33,508.64,
8,SELV,Paid Social,Galaxy Z Fold8,"497,843","4,373","14,467",248,"60,228",1.19,49.40,52.30,,,,,,,,,,7.80,0.89,paid,response,True,29.06,3.31,0.01,58.33,4.16,242.85,
8,SELV,Influencer,Galaxy Z Fold8,,,"4,761",12,"4,401",3.09,41.70,29.50,Influencer_8,"693,297",,,,,,,,15.50,0.82,paid,response,True,,,,396.75,0.92,366.75,
8,SELV,TV,Galaxy Z Fold8,,,"25,018",,,,74.40,67.20,,,354,,,,,,,12.40,0.76,paid,brand,False,,,,,,,70.67
8,SELV,Search,Galaxy Z Fold8,"322,872","7,035","8,285",920,"390,600",2.18,73.70,58.90,,,,,,,,,,6.30,0.93,paid,response,True,25.66,1.18,0.02,9.01,47.15,424.57,
8,SELV,Website,Galaxy Z Fold8,,,,831,"302,765",,63.40,37.10,,,,,,"49,919",44.90,185,2.75,4.50,0.85,earned,owned,True,,,,,,364.34,
8,SELV,PR,Galaxy Z Fold8,,,0,,,,65.20,72.80,,,,53,23.80,,,,,8.40,0.82,earned,brand,False,,,,,,,
8,SELV,B2B Roadshow,Galaxy Z Fold8,"8,301",,"3,484",39,"11,995",4.39,64.70,55.60,,,,,,,,,,6.50,0.84,paid,brand,True,419.71,,,89.33,3.44,307.56,
8,SELV,Paid Social,Galaxy Z Flip8,"491,068","6,885","8,576",311,"122,373",1.47,64.30,55.90,,,,,,,,,,12.40,0.87,paid,response,True,17.46,1.25,0.01,27.58,14.27,393.48,
8,SELV,Influencer,Galaxy Z Flip8,,,"2,224",23,"6,034",5.07,41.90,56.10,Influencer_8,"857,774",,,,,,,,12.60,0.79,paid,response,True,,,,96.70,2.71,262.35,
8,SELV,TV,Galaxy Z Flip8,,,"21,228",,,,78.90,59.50,,,256,,,,,,,15.40,0.75,paid,brand,False,,,,,,,82.92
8,SELV,Search,Galaxy Z Flip8,"194,768","2,811","8,994",236,"114,000",1.44,54.50,41.10,,,,,,,,,,6.80,0.79,paid,response,True,46.18,3.20,0.01,38.11,12.68,483.05,
8,SELV,Website,Galaxy Z Flip8,,,,547,"109,794",,64.40,38.80,,,,,,"45,772",44.70,164,3.02,12.30,0.83,earned,owned,True,,,,,,200.72,
8,SELV,PR,Galaxy Z Flip8,,,0,,,,76.60,64.90,,,,35,26.90,,,,,1.60,0.92,earned,brand,False,,,,,,,
8,SELV,B2B Roadshow,Galaxy Z Flip8,"5,912",,"4,326",63,"12,030",5.08,72.70,63.70,,,,,,,,,,10.20,0.90,paid,brand,True,731.73,,,68.67,2.78,190.95,
8,SELV,Paid Social,Galaxy S24,"384,033","5,398","7,335",587,"111,401",1.32,62.90,38.20,,,,,,,,,,13.40,0.77,paid,response,True,19.10,1.36,0.01,12.50,15.19,189.78,
8,SELV,Influencer,Galaxy S24,,,"1,950",46,"14,607",5.37,44.90,30.40,Influencer_8,"767,502",,,,,,,,14.30,0.94,paid,response,True,,,,42.39,7.49,317.54,
8,SELV,TV,Galaxy S24,,,"31,630",,,,61.30,48.40,,,356,,,,,,,10.10,0.90,paid,brand,False,,,,,,,88.85
8,SELV,Search,Galaxy S24,"285,442","5,827","12,587",734,"349,342",2.04,73.50,48.40,,,,,,,,,,10.10,0.93,paid,response,True,44.10,2.16,0.02,17.15,27.75,475.94,
8,SELV,Website,Galaxy S24,,,,459,"184,079",,51.80,52.10,,,,,,"33,563",32.20,165,2.95,6.50,0.87,earned,owned,True,,,,,,401.04,
8,SELV,PR,Galaxy S24,,,0,,,,71.80,54.50,,,,41,44,,,,,2.40,0.92,earned,brand,False,,,,,,,
8,SELV,B2B Roadshow,Galaxy S24,"9,549",,"7,649",50,"21,191",3.04,67.90,57.50,,,,,,,,,,8.20,0.84,paid,brand,True,801.03,,,152.98,2.77,423.82,
8,SELV,Paid Social,Galaxy Tab S10,"323,715","3,462","14,418",382,"68,518",1.01,51.40,41.10,,,,,,,,,,8.90,0.73,paid,response,True,44.54,4.16,0.01,37.74,4.75,179.37,
8,SELV,Influencer,Galaxy Tab S10,,,"4,149",38,"10,638",5.79,44.90,48.40,Influencer_8,"560,209",,,,,,,,14.10,0.88,paid,response,True,,,,109.18,2.56,279.95,
8,SELV,TV,Galaxy Tab S10,,,"17,915",,,,79.40,70.70,,,369,,,,,,,12.30,0.86,paid,brand,False,,,,,,,48.55
8,SELV,Search,Galaxy Tab S10,"193,283","3,749","12,844",355,"114,320",1.94,59,59.30,,,,,,,,,,4.60,0.88,paid,response,True,66.45,3.43,0.02,36.18,8.90,322.03,
8,SELV,Website,Galaxy Tab S10,,,,584,"146,147",,62.60,57.10,,,,,,"54,913",31.80,211,3.83,6.80,0.83,earned,owned,True,,,,,,250.25,
8,SELV,PR,Galaxy Tab S10,,,0,,,,78.70,58.70,,,,23,41.70,,,,,1.70,0.84,earned,brand,False,,,,,,,
8,SELV,B2B Roadshow,Galaxy Tab S10,"9,145",,"3,284",78,"17,482",3.39,69.10,57.30,,,,,,,,,,9.70,0.90,paid,brand,True,359.10,,,42.10,5.32,224.13,
8,SELV,Paid Social,Galaxy Buds3,"283,070","3,005","11,412",209,"55,745",1.31,74.50,51.50,,,,,,,,,,7.20,0.78,paid,response,True,40.32,3.80,0.01,54.60,4.88,266.72,
8,SELV,Influencer,Galaxy Buds3,,,"4,896",36,"10,097",4.55,63.60,55,Influencer_10,"620,873",,,,,,,,12,0.94,paid,response,True,,,,136,2.06,280.47,
8,SELV,TV,Galaxy Buds3,,,"29,493",,,,67,56.30,,,491,,,,,,,10.90,0.89,paid,brand,False,,,,,,,60.07
8,SELV,Search,Galaxy Buds3,"278,331","4,416","14,560",522,"256,859",1.59,62,61.40,,,,,,,,,,4.90,0.81,paid,response,True,52.31,3.30,0.02,27.89,17.64,492.07,
8,SELV,Website,Galaxy Buds3,,,,562,"187,635",,68,55.90,,,,,,"48,084",43.20,235,3.89,7.10,0.77,earned,owned,True,,,,,,333.87,
8,SELV,PR,Galaxy Buds3,,,0,,,,72,53.20,,,,34,20.60,,,,,6.70,0.86,earned,brand,False,,,,,,,
8,SELV,B2B Roadshow,Galaxy Buds3,"12,371",,"6,252",42,"24,899",3.91,72.10,54.80,,,,,,,,,,8.20,0.98,paid,brand,True,505.38,,,148.86,3.98,592.83,
8,SELV,Paid Social,Galaxy Watch6,"314,420","3,042","17,206",361,"78,128",1.07,75,43.20,,,,,,,,,,16,0.94,paid,response,True,54.72,5.66,0.01,47.66,4.54,216.42,
8,SELV,Influencer,Galaxy Watch6,,,"2,766",45,"11,125",4.54,52.90,31.50,Influencer_8,"770,909",,,,,,,,13.40,0.93,paid,response,True,,,,61.47,4.02,247.22,
8,SELV,TV,Galaxy Watch6,,,"24,194",,,,81.20,58.30,,,421,,,,,,,10.20,0.85,paid,brand,False,,,,,,,57.47
8,SELV,Search,Galaxy Watch6,"297,038","4,235","5,825",351,"155,733",1.43,69.50,51.20,,,,,,,,,,8.60,0.84,paid,response,True,19.61,1.38,0.01,16.60,26.74,443.68,
8,SELV,Website,Galaxy Watch6,,,,372,"85,582",,67.90,40,,,,,,"39,539",32.40,264,2.64,5.60,0.82,earned,owned,True,,,,,,230.06,
8,SELV,PR,Galaxy Watch6,,,0,,,,66.40,71.80,,,,29,37.20,,,,,4.10,0.87,earned,brand,False,,,,,,,
8,SELV,B2B Roadshow,Galaxy Watch6,"10,312",,"7,080",25,"12,852",5.49,67.90,53.30,,,,,,,,,,9.50,0.95,paid,brand,True,686.58,,,283.20,1.82,514.08,
8,SEMAG,Paid Social,Galaxy Z Fold8,"218,140","2,801","10,822",290,"106,960",1.37,53.70,47.90,,,,,,,,,,9.40,0.84,paid,response,True,49.61,3.86,0.01,37.32,9.88,368.83,
8,SEMAG,Influencer,Galaxy Z Fold8,,,"1,930",23,"4,623",3.63,48.80,29.90,Influencer_12,"915,095",,,,,,,,13.90,0.94,paid,response,True,,,,83.91,2.40,201,
8,SEMAG,TV,Galaxy Z Fold8,,,"22,695",,,,64.80,58,,,346,,,,,,,11.60,0.72,paid,brand,False,,,,,,,65.59
8,SEMAG,Search,Galaxy Z Fold8,"209,383","3,194","11,479",465,"122,615",1.53,51.80,42.60,,,,,,,,,,11.50,0.81,paid,response,True,54.82,3.59,0.02,24.69,10.68,263.69,
8,SEMAG,Website,Galaxy Z Fold8,,,,245,"60,411",,45.30,40.50,,,,,,"28,381",34.30,199,2.68,13.70,0.87,earned,owned,True,,,,,,246.58,
8,SEMAG,PR,Galaxy Z Fold8,,,0,,,,67.40,59.50,,,,14,38.10,,,,,6.90,0.91,earned,brand,False,,,,,,,
8,SEMAG,B2B Roadshow,Galaxy Z Fold8,"11,134",,"4,347",66,"7,776",3.99,59,62.40,,,,,,,,,,7.50,0.84,paid,brand,True,390.43,,,65.86,1.79,117.82,
8,SEMAG,Paid Social,Galaxy Z Flip8,"385,312","4,136","5,472",364,"71,570",1.31,72.70,58.10,,,,,,,,,,8.10,0.88,paid,response,True,14.20,1.32,0.01,15.03,13.08,196.62,
8,SEMAG,Influencer,Galaxy Z Flip8,,,"3,570",36,"17,023",5.40,44.90,32.50,Influencer_11,"569,359",,,,,,,,12.50,0.91,paid,response,True,,,,99.17,4.77,472.86,
8,SEMAG,TV,Galaxy Z Flip8,,,"19,068",,,,76.40,69.30,,,322,,,,,,,12.40,0.75,paid,brand,False,,,,,,,59.22
8,SEMAG,Search,Galaxy Z Flip8,"191,522","2,994","10,846",446,"222,327",1.56,70.70,44.40,,,,,,,,,,7,0.80,paid,response,True,56.63,3.62,0.02,24.32,20.50,498.49,
8,SEMAG,Website,Galaxy Z Flip8,,,,549,"179,423",,67.30,46.80,,,,,,"44,825",44.40,270,3.10,8.60,0.84,earned,owned,True,,,,,,326.82,
8,SEMAG,PR,Galaxy Z Flip8,,,0,,,,81.70,52.60,,,,28,33.20,,,,,4.20,0.83,earned,brand,False,,,,,,,
8,SEMAG,B2B Roadshow,Galaxy Z Flip8,"7,033",,"6,122",18,"9,548",3.07,57.50,57.90,,,,,,,,,,7.50,0.96,paid,brand,True,870.47,,,340.11,1.56,530.44,
8,SEMAG,Paid Social,Galaxy S24,"396,021","5,886","8,194",655,"189,667",1.19,75.90,55.80,,,,,,,,,,15.60,0.82,paid,response,True,20.69,1.39,0.01,12.51,23.15,289.57,
8,SEMAG,Influencer,Galaxy S24,,,"3,927",28,"12,820",5.73,63.80,42.40,Influencer_11,"655,859",,,,,,,,8.80,0.90,paid,response,True,,,,140.25,3.26,457.86,
8,SEMAG,TV,Galaxy S24,,,"16,399",,,,66.20,71.20,,,201,,,,,,,7.80,0.86,paid,brand,False,,,,,,,81.59
8,SEMAG,Search,Galaxy S24,"161,539","2,167","6,497",372,"149,732",1.34,67.10,57.70,,,,,,,,,,6.40,0.94,paid,response,True,40.22,3.00,0.01,17.47,23.05,402.51,
8,SEMAG,Website,Galaxy S24,,,,551,"202,541",,61.20,50.10,,,,,,"40,529",39.80,189,3.58,12.60,0.78,earned,owned,True,,,,,,367.59,
8,SEMAG,PR,Galaxy S24,,,0,,,,71.40,70.10,,,,27,27.20,,,,,5.20,0.96,earned,brand,False,,,,,,,
8,SEMAG,B2B Roadshow,Galaxy S24,"7,189",,"6,044",51,"8,172",7.50,59.80,67.90,,,,,,,,,,10.50,0.90,paid,brand,True,840.73,,,118.51,1.35,160.24,
8,SEMAG,Paid Social,Galaxy Tab S10,"390,476","3,792","6,697",312,"67,981",1.28,61.80,37.70,,,,,,,,,,6.80,0.82,paid,response,True,17.15,1.77,0.01,21.46,10.15,217.89,
8,SEMAG,Influencer,Galaxy Tab S10,,,"2,335",30,"11,878",5.50,50.10,28.40,Influencer_12,"440,244",,,,,,,,12.20,0.79,paid,response,True,,,,77.83,5.09,395.93,
8,SEMAG,TV,Galaxy Tab S10,,,"23,482",,,,71,48.40,,,207,,,,,,,14.60,0.85,paid,brand,False,,,,,,,113.44
8,SEMAG,Search,Galaxy Tab S10,"178,579","3,162","10,844",460,"168,284",1.77,59,45.70,,,,,,,,,,8.10,0.84,paid,response,True,60.72,3.43,0.02,23.57,15.52,365.83,
8,SEMAG,Website,Galaxy Tab S10,,,,482,"192,713",,55.30,51,,,,,,"35,255",43.70,167,3.05,4.70,0.85,earned,owned,True,,,,,,399.82,
8,SEMAG,PR,Galaxy Tab S10,,,0,,,,68.80,63.80,,,,26,24.90,,,,,5.60,0.89,earned,brand,False,,,,,,,
8,SEMAG,B2B Roadshow,Galaxy Tab S10,"9,485",,"7,853",28,"23,258",4.61,65.90,57.20,,,,,,,,,,6.30,0.90,paid,brand,True,827.94,,,280.46,2.96,830.64,
8,SEMAG,Paid Social,Galaxy Buds3,"212,617","2,908","5,352",175,"45,263",0.91,47.40,53.30,,,,,,,,,,11.80,0.72,paid,response,True,25.17,1.84,0.01,30.58,8.46,258.65,
8,SEMAG,Influencer,Galaxy Buds3,,,"2,345",14,"3,647",2.81,47.70,49.50,Influencer_11,"893,771",,,,,,,,14.70,0.87,paid,response,True,,,,167.50,1.56,260.50,
8,SEMAG,TV,Galaxy Buds3,,,"25,638",,,,75.20,58.30,,,285,,,,,,,5.60,0.91,paid,brand,False,,,,,,,89.96
8,SEMAG,Search,Galaxy Buds3,"233,243","3,301","6,546",404,"209,255",1.42,57,58.70,,,,,,,,,,12.70,0.81,paid,response,True,28.07,1.98,0.01,16.20,31.97,517.96,
8,SEMAG,Website,Galaxy Buds3,,,,662,"244,104",,68.70,46.40,,,,,,"45,639",25.60,236,3.54,8.80,0.85,earned,owned,True,,,,,,368.74,
8,SEMAG,PR,Galaxy Buds3,,,0,,,,77.90,54.80,,,,27,22.10,,,,,5.30,0.89,earned,brand,False,,,,,,,
8,SEMAG,B2B Roadshow,Galaxy Buds3,"8,549",,"4,663",22,"23,584",3.46,70.40,56.60,,,,,,,,,,6.30,0.97,paid,brand,True,545.44,,,211.95,5.06,"1,072",
8,SEMAG,Paid Social,Galaxy Watch6,"362,261","4,736","13,152",430,"84,031",0.89,48.40,38.20,,,,,,,,,,4.80,0.91,paid,response,True,36.31,2.78,0.01,30.59,6.39,195.42,
8,SEMAG,Influencer,Galaxy Watch6,,,"2,222",56,"20,659",5.33,54.10,55.60,Influencer_12,"709,911",,,,,,,,10.40,0.89,paid,response,True,,,,39.68,9.30,368.91,
8,SEMAG,TV,Galaxy Watch6,,,"12,783",,,,71.50,61,,,199,,,,,,,9.90,0.78,paid,brand,False,,,,,,,64.24
8,SEMAG,Search,Galaxy Watch6,"275,761","5,411","11,163",649,"273,695",1.96,66,61.90,,,,,,,,,,11.80,0.79,paid,response,True,40.48,2.06,0.02,17.20,24.52,421.72,
8,SEMAG,Website,Galaxy Watch6,,,,384,"110,165",,52.90,33.60,,,,,,"32,463",38.80,158,2.89,6.40,0.81,earned,owned,True,,,,,,286.89,
8,SEMAG,PR,Galaxy Watch6,,,0,,,,62.90,68.10,,,,20,29.10,,,,,8.40,0.89,earned,brand,False,,,,,,,
8,SEMAG,B2B Roadshow,Galaxy Watch6,"6,846",,"6,804",40,"9,002",3.55,67.70,63,,,,,,,,,,6,0.93,paid,brand,True,993.87,,,170.10,1.32,225.05,
8,SEEG,Paid Social,Galaxy Z Fold8,"277,550","2,844","6,129",271,"80,863",1.30,52.40,45.10,,,,,,,,,,5.90,0.74,paid,response,True,22.08,2.16,0.01,22.62,13.19,298.39,
8,SEEG,Influencer,Galaxy Z Fold8,,,"2,454",21,"4,693",3.22,49.80,36.70,Influencer_15,"907,181",,,,,,,,10.80,0.92,paid,response,True,,,,116.86,1.91,223.48,
8,SEEG,TV,Galaxy Z Fold8,,,"30,307",,,,69.40,56.80,,,355,,,,,,,16.30,0.80,paid,brand,False,,,,,,,85.37
8,SEEG,Search,Galaxy Z Fold8,"237,540","3,439","9,371",534,"273,620",1.45,74.80,46.10,,,,,,,,,,5.80,0.89,paid,response,True,39.45,2.72,0.01,17.55,29.20,512.40,
8,SEEG,Website,Galaxy Z Fold8,,,,426,"117,720",,50.70,50.60,,,,,,"26,804",27.40,212,3.63,12.60,0.80,earned,owned,True,,,,,,276.34,
8,SEEG,PR,Galaxy Z Fold8,,,0,,,,76.40,56.30,,,,34,23.60,,,,,3.30,0.80,earned,brand,False,,,,,,,
8,SEEG,B2B Roadshow,Galaxy Z Fold8,"12,777",,"4,403",26,"13,821",3.24,61.60,58.40,,,,,,,,,,9.20,0.90,paid,brand,True,344.60,,,169.35,3.14,531.58,
8,SEEG,Paid Social,Galaxy Z Flip8,"445,635","4,246","13,887",397,"112,467",1.34,62.70,60.30,,,,,,,,,,7.20,0.76,paid,response,True,31.16,3.27,0.01,34.98,8.10,283.29,
8,SEEG,Influencer,Galaxy Z Flip8,,,"4,151",13,"3,103",5.99,61.10,31.50,Influencer_14,"208,363",,,,,,,,10.40,0.76,paid,response,True,,,,319.31,0.75,238.69,
8,SEEG,TV,Galaxy Z Flip8,,,"23,138",,,,83.50,60,,,249,,,,,,,7.50,0.85,paid,brand,False,,,,,,,92.92
8,SEEG,Search,Galaxy Z Flip8,"232,390","3,649","11,468",583,"168,821",1.57,70.60,39.70,,,,,,,,,,3.90,0.83,paid,response,True,49.35,3.14,0.02,19.67,14.72,289.57,
8,SEEG,Website,Galaxy Z Flip8,,,,791,"233,641",,65.20,36.50,,,,,,"48,029",26.30,207,3.35,11.40,0.81,earned,owned,True,,,,,,295.37,
8,SEEG,PR,Galaxy Z Flip8,,,0,,,,67.10,71.20,,,,16,38.40,,,,,2.60,0.86,earned,brand,False,,,,,,,
8,SEEG,B2B Roadshow,Galaxy Z Flip8,"9,752",,"7,331",58,"24,743",4.96,61.60,56.70,,,,,,,,,,9.70,0.90,paid,brand,True,751.74,,,126.40,3.38,426.60,
8,SEEG,Paid Social,Galaxy S24,"225,546","2,681","11,744",315,"53,461",1.20,53.60,36.70,,,,,,,,,,12.50,0.84,paid,response,True,52.07,4.38,0.01,37.28,4.55,169.72,
8,SEEG,Influencer,Galaxy S24,,,"2,811",20,"4,507",4.94,47.10,44.30,Influencer_14,"471,974",,,,,,,,9.30,0.93,paid,response,True,,,,140.55,1.60,225.35,
8,SEEG,TV,Galaxy S24,,,"22,247",,,,65.60,67.70,,,384,,,,,,,7.10,0.85,paid,brand,False,,,,,,,57.93
8,SEEG,Search,Galaxy S24,"167,022","2,060","8,166",204,"79,000",1.23,55.80,49,,,,,,,,,,9.70,0.78,paid,response,True,48.89,3.96,0.01,40.03,9.67,387.25,
8,SEEG,Website,Galaxy S24,,,,529,"200,253",,58.10,33.70,,,,,,"36,182",33.30,251,3.67,9.50,0.91,earned,owned,True,,,,,,378.55,
8,SEEG,PR,Galaxy S24,,,0,,,,84.40,63.80,,,,27,36.30,,,,,2.10,0.92,earned,brand,False,,,,,,,
8,SEEG,B2B Roadshow,Galaxy S24,"5,238",,"4,253",68,"26,481",3.45,68.30,59.70,,,,,,,,,,11.20,0.83,paid,brand,True,811.95,,,62.54,6.23,389.43,
8,SEEG,Paid Social,Galaxy Tab S10,"287,165","2,675","5,953",171,"61,622",0.84,53.90,58.40,,,,,,,,,,14,0.94,paid,response,True,20.73,2.23,0.01,34.81,10.35,360.36,
8,SEEG,Influencer,Galaxy Tab S10,,,"3,596",28,"9,145",5.35,50.60,41.50,Influencer_14,"369,855",,,,,,,,9,0.92,paid,response,True,,,,128.43,2.54,326.61,
8,SEEG,TV,Galaxy Tab S10,,,"18,202",,,,66,60,,,225,,,,,,,7,0.88,paid,brand,False,,,,,,,80.90
8,SEEG,Search,Galaxy Tab S10,"137,197","1,833","6,481",207,"87,371",1.34,53.90,43.90,,,,,,,,,,3.90,0.78,paid,response,True,47.24,3.54,0.01,31.31,13.48,422.08,
8,SEEG,Website,Galaxy Tab S10,,,,359,"113,843",,55.30,44.40,,,,,,"34,135",26.40,181,3.51,13.30,0.75,earned,owned,True,,,,,,317.11,
8,SEEG,PR,Galaxy Tab S10,,,0,,,,74,64.80,,,,33,19.30,,,,,6.40,0.85,earned,brand,False,,,,,,,
8,SEEG,B2B Roadshow,Galaxy Tab S10,"5,335",,"4,421",33,"26,126",4.85,56.10,68.80,,,,,,,,,,6.20,0.86,paid,brand,True,828.68,,,133.97,5.91,791.70,
8,SEEG,Paid Social,Galaxy Buds3,"362,244","4,308","9,208",453,"87,273",0.82,55.10,62.10,,,,,,,,,,13.50,0.71,paid,response,True,25.42,2.14,0.01,20.33,9.48,192.66,
8,SEEG,Influencer,Galaxy Buds3,,,"4,296",22,"9,293",4.10,70.40,51.10,Influencer_13,"510,383",,,,,,,,6.50,0.89,paid,response,True,,,,195.27,2.16,422.41,
8,SEEG,TV,Galaxy Buds3,,,"18,318",,,,80.90,54.30,,,332,,,,,,,15.80,0.73,paid,brand,False,,,,,,,55.17
8,SEEG,Search,Galaxy Buds3,"305,390","4,927","8,317",719,"297,622",1.61,69.40,62.80,,,,,,,,,,11.30,0.86,paid,response,True,27.23,1.69,0.02,11.57,35.78,413.94,
8,SEEG,Website,Galaxy Buds3,,,,579,"153,500",,45.90,42,,,,,,"51,706",27.10,196,3.89,9.40,0.85,earned,owned,True,,,,,,265.11,
8,SEEG,PR,Galaxy Buds3,,,0,,,,78.90,65.30,,,,34,19.60,,,,,2.70,0.94,earned,brand,False,,,,,,,
8,SEEG,B2B Roadshow,Galaxy Buds3,"5,445",,"4,473",26,"16,538",5.99,71.10,61.70,,,,,,,,,,9.80,0.88,paid,brand,True,821.49,,,172.04,3.70,636.08,
8,SEEG,Paid Social,Galaxy Watch6,"403,893","4,740","9,155",536,"177,510",0.90,54.40,42.10,,,,,,,,,,6.30,0.84,paid,response,True,22.67,1.93,0.01,17.08,19.39,331.18,
8,SEEG,Influencer,Galaxy Watch6,,,"1,661",6,"1,284",2.85,56.30,57,Influencer_14,"395,356",,,,,,,,6,0.89,paid,response,True,,,,276.83,0.77,214,
8,SEEG,TV,Galaxy Watch6,,,"29,802",,,,81.20,65.60,,,275,,,,,,,5.80,0.90,paid,brand,False,,,,,,,108.37
8,SEEG,Search,Galaxy Watch6,"152,442","2,522","5,229",419,"165,680",1.65,68.50,58.70,,,,,,,,,,12.20,0.88,paid,response,True,34.30,2.07,0.02,12.48,31.68,395.42,
8,SEEG,Website,Galaxy Watch6,,,,391,"173,176",,52.60,55.10,,,,,,"43,291",37.30,240,2.77,11.60,0.84,earned,owned,True,,,,,,442.91,
8,SEEG,PR,Galaxy Watch6,,,0,,,,84.60,73.20,,,,18,20.30,,,,,6.30,0.84,earned,brand,False,,,,,,,
8,SEEG,B2B Roadshow,Galaxy Watch6,"12,721",,"6,722",27,"12,023",3.11,72.10,53,,,,,,,,,,5.80,0.85,paid,brand,True,528.42,,,248.96,1.79,445.30,
8,SEIL,Paid Social,Galaxy Z Fold8,"449,430","4,603","10,783",401,"124,916",1.39,52.80,40.50,,,,,,,,,,12.80,0.87,paid,response,True,23.99,2.34,0.01,26.89,11.58,311.51,
8,SEIL,Influencer,Galaxy Z Fold8,,,"2,840",19,"8,800",5.92,65.40,37.10,Influencer_18,"412,186",,,,,,,,14,0.85,paid,response,True,,,,149.47,3.10,463.16,
8,SEIL,TV,Galaxy Z Fold8,,,"36,366",,,,84.10,47.30,,,365,,,,,,,10.80,0.88,paid,brand,False,,,,,,,99.63
8,SEIL,Search,Galaxy Z Fold8,"160,341","3,303","11,744",517,"235,393",2.06,53,58,,,,,,,,,,6.60,0.91,paid,response,True,73.24,3.56,0.02,22.72,20.04,455.31,
8,SEIL,Website,Galaxy Z Fold8,,,,740,"263,424",,61,37,,,,,,"57,090",43.10,251,3.14,12.80,0.88,earned,owned,True,,,,,,355.98,
8,SEIL,PR,Galaxy Z Fold8,,,0,,,,66.60,72.60,,,,37,22,,,,,3.90,0.93,earned,brand,False,,,,,,,
8,SEIL,B2B Roadshow,Galaxy Z Fold8,"8,002",,"5,938",58,"13,684",3.09,56.60,58,,,,,,,,,,8.80,0.84,paid,brand,True,742.06,,,102.38,2.30,235.93,
8,SEIL,Paid Social,Galaxy Z Flip8,"428,912","3,833","12,645",328,"125,250",0.91,55.60,36.70,,,,,,,,,,15.10,0.94,paid,response,True,29.48,3.30,0.01,38.55,9.91,381.86,
8,SEIL,Influencer,Galaxy Z Flip8,,,"4,118",9,"3,845",2.65,61.40,40.10,Influencer_17,"428,973",,,,,,,,10,0.84,paid,response,True,,,,457.56,0.93,427.22,
8,SEIL,TV,Galaxy Z Flip8,,,"21,053",,,,71.20,67.70,,,383,,,,,,,13.90,0.85,paid,brand,False,,,,,,,54.97
8,SEIL,Search,Galaxy Z Flip8,"207,012","2,572","11,734",225,"101,019",1.24,66.80,39.50,,,,,,,,,,9.80,0.83,paid,response,True,56.68,4.56,0.01,52.15,8.61,448.97,
8,SEIL,Website,Galaxy Z Flip8,,,,398,"90,243",,58.90,54.30,,,,,,"39,635",38.10,160,2.57,6.20,0.90,earned,owned,True,,,,,,226.74,
8,SEIL,PR,Galaxy Z Flip8,,,0,,,,64.10,70.90,,,,14,39.60,,,,,0.40,0.93,earned,brand,False,,,,,,,
8,SEIL,B2B Roadshow,Galaxy Z Flip8,"6,561",,"6,048",70,"18,586",5.56,73.20,52.30,,,,,,,,,,7.60,0.84,paid,brand,True,921.81,,,86.40,3.07,265.51,
8,SEIL,Paid Social,Galaxy S24,"382,355","4,513","15,516",360,"90,131",1.43,50.10,52.10,,,,,,,,,,10.40,0.77,paid,response,True,40.58,3.44,0.01,43.10,5.81,250.36,
8,SEIL,Influencer,Galaxy S24,,,"2,888",12,"5,413",3.86,60.60,29.30,Influencer_16,"261,328",,,,,,,,9.50,0.86,paid,response,True,,,,240.67,1.87,451.08,
8,SEIL,TV,Galaxy S24,,,"33,038",,,,84.30,58.10,,,455,,,,,,,11.50,0.77,paid,brand,False,,,,,,,72.61
8,SEIL,Search,Galaxy S24,"243,839","4,195","11,919",603,"201,722",1.72,73,57.50,,,,,,,,,,10.80,0.80,paid,response,True,48.88,2.84,0.02,19.77,16.92,334.53,
8,SEIL,Website,Galaxy S24,,,,856,"217,790",,62.50,43.90,,,,,,"56,206",38.20,178,3.42,5.40,0.76,earned,owned,True,,,,,,254.43,
8,SEIL,PR,Galaxy S24,,,0,,,,79.30,50.70,,,,22,15.50,,,,,1.10,0.84,earned,brand,False,,,,,,,
8,SEIL,B2B Roadshow,Galaxy S24,"8,981",,"3,923",39,"25,107",7.69,73.30,61.40,,,,,,,,,,11,0.96,paid,brand,True,436.81,,,100.59,6.40,643.77,
8,SEIL,Paid Social,Galaxy Tab S10,"287,285","3,245","13,980",169,"57,474",1.21,64.80,53,,,,,,,,,,10.90,0.83,paid,response,True,48.66,4.31,0.01,82.72,4.11,340.08,
8,SEIL,Influencer,Galaxy Tab S10,,,"2,430",9,"3,283",4.30,42.10,54.30,Influencer_16,"368,698",,,,,,,,9.80,0.75,paid,response,True,,,,270,1.35,364.78,
8,SEIL,TV,Galaxy Tab S10,,,"21,533",,,,61.10,47.10,,,399,,,,,,,16.40,0.87,paid,brand,False,,,,,,,53.97
8,SEIL,Search,Galaxy Tab S10,"305,925","4,701","14,607",562,"287,682",1.54,51.30,54.60,,,,,,,,,,6.70,0.81,paid,response,True,47.75,3.11,0.02,25.99,19.69,511.89,
8,SEIL,Website,Galaxy Tab S10,,,,726,"308,394",,58.40,37,,,,,,"43,058",36,150,3.90,8.20,0.90,earned,owned,True,,,,,,424.79,
8,SEIL,PR,Galaxy Tab S10,,,0,,,,76.10,64.90,,,,21,34.80,,,,,0.10,0.86,earned,brand,False,,,,,,,
8,SEIL,B2B Roadshow,Galaxy Tab S10,"12,685",,"4,343",75,"24,136",6.78,73.70,67.20,,,,,,,,,,6.20,0.91,paid,brand,True,342.37,,,57.91,5.56,321.81,
8,SEIL,Paid Social,Galaxy Buds3,"507,345","4,793","14,928",425,"104,694",1.35,75.80,41,,,,,,,,,,9.80,0.93,paid,response,True,29.42,3.11,0.01,35.12,7.01,246.34,
8,SEIL,Influencer,Galaxy Buds3,,,"2,065",37,"18,094",3.68,67.80,50.50,Influencer_18,"730,221",,,,,,,,13.30,0.79,paid,response,True,,,,55.81,8.76,489.03,
8,SEIL,TV,Galaxy Buds3,,,"31,400",,,,67.20,60.80,,,237,,,,,,,16.80,0.74,paid,brand,False,,,,,,,132.49
8,SEIL,Search,Galaxy Buds3,"177,973","2,473","13,951",393,"121,962",1.39,56.80,54,,,,,,,,,,4.70,0.87,paid,response,True,78.39,5.64,0.01,35.50,8.74,310.34,
8,SEIL,Website,Galaxy Buds3,,,,937,"239,826",,62.80,34.60,,,,,,"61,212",43,268,3.61,8.80,0.88,earned,owned,True,,,,,,255.95,
8,SEIL,PR,Galaxy Buds3,,,0,,,,84.40,61.90,,,,11,27.20,,,,,0.50,0.81,earned,brand,False,,,,,,,
8,SEIL,B2B Roadshow,Galaxy Buds3,"11,618",,"7,767",31,"8,615",6.17,73.70,60.50,,,,,,,,,,11,0.95,paid,brand,True,668.53,,,250.55,1.11,277.90,
8,SEIL,Paid Social,Galaxy Watch6,"330,586","4,427","8,491",342,"89,312",1.09,60.80,49.70,,,,,,,,,,5.30,0.94,paid,response,True,25.68,1.92,0.01,24.83,10.52,261.15,
8,SEIL,Influencer,Galaxy Watch6,,,"4,340",33,"13,458",5.49,50.90,42.90,Influencer_17,"807,707",,,,,,,,12.90,0.75,paid,response,True,,,,131.52,3.10,407.82,
8,SEIL,TV,Galaxy Watch6,,,"20,933",,,,70.80,56.20,,,397,,,,,,,16.60,0.80,paid,brand,False,,,,,,,52.73
8,SEIL,Search,Galaxy Watch6,"263,326","5,170","11,337",710,"197,564",1.96,59.30,43.90,,,,,,,,,,9.40,0.87,paid,response,True,43.05,2.19,0.02,15.97,17.43,278.26,
8,SEIL,Website,Galaxy Watch6,,,,428,"109,516",,44.80,44.10,,,,,,"37,432",30.50,261,3.44,7,0.77,earned,owned,True,,,,,,255.88,
8,SEIL,PR,Galaxy Watch6,,,0,,,,68.70,61.50,,,,50,15.70,,,,,6.50,0.87,earned,brand,False,,,,,,,
8,SEIL,B2B Roadshow,Galaxy Watch6,"15,403",,"5,494",25,"23,465",5.87,62.90,50.40,,,,,,,,,,5,0.95,paid,brand,True,356.68,,,219.76,4.27,938.60,
8,SEPAK,Paid Social,Galaxy Z Fold8,"295,899","3,003","11,327",181,"43,075",1.23,64.10,46.80,,,,,,,,,,4.90,0.83,paid,response,True,38.28,3.77,0.01,62.58,3.80,237.98,
8,SEPAK,Influencer,Galaxy Z Fold8,,,"1,568",36,"9,819",5.46,65.60,43.60,Influencer_20,"728,553",,,,,,,,11.90,0.79,paid,response,True,,,,43.56,6.26,272.75,
8,SEPAK,TV,Galaxy Z Fold8,,,"27,244",,,,81.20,49.70,,,269,,,,,,,9.80,0.88,paid,brand,False,,,,,,,101.28
8,SEPAK,Search,Galaxy Z Fold8,"231,925","2,847","7,800",317,"154,601",1.23,55.40,54.80,,,,,,,,,,11.10,0.92,paid,response,True,33.63,2.74,0.01,24.61,19.82,487.70,
8,SEPAK,Website,Galaxy Z Fold8,,,,655,"150,366",,48.10,44.50,,,,,,"37,126",42.80,158,2.75,8,0.80,earned,owned,True,,,,,,229.57,
8,SEPAK,PR,Galaxy Z Fold8,,,0,,,,62.50,63.20,,,,38,42.10,,,,,2,0.93,earned,brand,False,,,,,,,
8,SEPAK,B2B Roadshow,Galaxy Z Fold8,"8,699",,"7,260",20,"12,204",3,72.50,61.50,,,,,,,,,,6.30,0.93,paid,brand,True,834.58,,,363,1.68,610.20,
8,SEPAK,Paid Social,Galaxy Z Flip8,"208,628","2,150","8,799",200,"57,042",0.97,64.90,48.80,,,,,,,,,,14,0.89,paid,response,True,42.18,4.09,0.01,43.99,6.48,285.21,
8,SEPAK,Influencer,Galaxy Z Flip8,,,"1,974",14,"6,686",3.72,53.80,39.10,Influencer_23,"780,210",,,,,,,,5.70,0.75,paid,response,True,,,,141,3.39,477.57,
8,SEPAK,TV,Galaxy Z Flip8,,,"13,203",,,,69.60,56.80,,,298,,,,,,,13.30,0.74,paid,brand,False,,,,,,,44.31
8,SEPAK,Search,Galaxy Z Flip8,"245,082","3,813","6,664",311,"168,086",1.56,60.10,46.10,,,,,,,,,,8.80,0.90,paid,response,True,27.19,1.75,0.02,21.43,25.22,540.47,
8,SEPAK,Website,Galaxy Z Flip8,,,,488,"217,007",,58.80,45.60,,,,,,"30,044",38.30,225,3.15,8.80,0.88,earned,owned,True,,,,,,444.69,
8,SEPAK,PR,Galaxy Z Flip8,,,0,,,,75.30,53.60,,,,8,34.60,,,,,7.50,0.93,earned,brand,False,,,,,,,
8,SEPAK,B2B Roadshow,Galaxy Z Flip8,"4,408",,"3,925",48,"11,748",5.14,72.80,52.50,,,,,,,,,,6.60,0.97,paid,brand,True,890.43,,,81.77,2.99,244.75,
8,SEPAK,Paid Social,Galaxy S24,"263,546","3,860","8,103",195,"58,271",0.83,61.50,54.60,,,,,,,,,,15.50,0.84,paid,response,True,30.75,2.10,0.01,41.55,7.19,298.83,
8,SEPAK,Influencer,Galaxy S24,,,"1,326",16,"6,979",3.08,44.20,37.70,Influencer_19,"592,403",,,,,,,,9,0.87,paid,response,True,,,,82.88,5.26,436.19,
8,SEPAK,TV,Galaxy S24,,,"24,521",,,,68.90,57.60,,,188,,,,,,,7.30,0.91,paid,brand,False,,,,,,,130.43
8,SEPAK,Search,Galaxy S24,"157,916","2,092","4,103",236,"74,254",1.32,67.10,55.30,,,,,,,,,,7.80,0.78,paid,response,True,25.98,1.96,0.01,17.39,18.10,314.64,
8,SEPAK,Website,Galaxy S24,,,,511,"217,272",,52.70,47.90,,,,,,"46,156",31.10,223,3.53,10,0.81,earned,owned,True,,,,,,425.19,
8,SEPAK,PR,Galaxy S24,,,0,,,,82.40,63,,,,12,40.40,,,,,2.40,0.88,earned,brand,False,,,,,,,
8,SEPAK,B2B Roadshow,Galaxy S24,"5,072",,"4,123",30,"15,129",6.64,59.40,53.30,,,,,,,,,,10.80,0.96,paid,brand,True,812.89,,,137.43,3.67,504.30,
8,SEPAK,Paid Social,Galaxy Tab S10,"211,818","1,699","8,064",121,"38,066",1.46,74.90,36.60,,,,,,,,,,12.60,0.82,paid,response,True,38.07,4.75,0.01,66.64,4.72,314.60,
8,SEPAK,Influencer,Galaxy Tab S10,,,"2,717",16,"5,242",4.72,48.50,47.30,Influencer_20,"350,141",,,,,,,,12.90,0.87,paid,response,True,,,,169.81,1.93,327.62,
8,SEPAK,TV,Galaxy Tab S10,,,"26,566",,,,78.80,55,,,225,,,,,,,9.10,0.76,paid,brand,False,,,,,,,118.07
8,SEPAK,Search,Galaxy Tab S10,"260,213","3,916","8,538",368,"186,857",1.50,53.70,41.70,,,,,,,,,,8.30,0.86,paid,response,True,32.81,2.18,0.02,23.20,21.89,507.76,
8,SEPAK,Website,Galaxy Tab S10,,,,304,"64,960",,59.60,39.50,,,,,,"24,405",43.30,162,3.04,8.50,0.80,earned,owned,True,,,,,,213.68,
8,SEPAK,PR,Galaxy Tab S10,,,0,,,,78,58.50,,,,19,37.90,,,,,0.90,0.87,earned,brand,False,,,,,,,
8,SEPAK,B2B Roadshow,Galaxy Tab S10,"10,932",,"5,423",21,"18,491",3.60,66.60,64,,,,,,,,,,11.90,0.89,paid,brand,True,496.07,,,258.24,3.41,880.52,
8,SEPAK,Paid Social,Galaxy Buds3,"254,516","2,551","12,704",143,"33,367",1.14,63,41.30,,,,,,,,,,5.50,0.75,paid,response,True,49.91,4.98,0.01,88.84,2.63,233.34,
8,SEPAK,Influencer,Galaxy Buds3,,,"1,984",17,"6,057",4.91,58.40,33.50,Influencer_23,"271,982",,,,,,,,15,0.85,paid,response,True,,,,116.71,3.05,356.29,
8,SEPAK,TV,Galaxy Buds3,,,"25,264",,,,83.20,67.30,,,268,,,,,,,11.90,0.79,paid,brand,False,,,,,,,94.27
8,SEPAK,Search,Galaxy Buds3,"156,508","2,629","10,228",261,"87,584",1.68,65.10,43.40,,,,,,,,,,10,0.83,paid,response,True,65.35,3.89,0.02,39.19,8.56,335.57,
8,SEPAK,Website,Galaxy Buds3,,,,328,"90,669",,62.80,45.10,,,,,,"26,408",31.50,204,3.89,12.10,0.84,earned,owned,True,,,,,,276.43,
8,SEPAK,PR,Galaxy Buds3,,,0,,,,83.60,58.50,,,,12,30.40,,,,,5.80,0.83,earned,brand,False,,,,,,,
8,SEPAK,B2B Roadshow,Galaxy Buds3,"7,659",,"6,125",40,"8,696",6.68,63.90,57.60,,,,,,,,,,6.10,0.95,paid,brand,True,799.71,,,153.12,1.42,217.40,
8,SEPAK,Paid Social,Galaxy Watch6,"323,490","4,698","8,868",272,"96,127",0.90,65.10,42.30,,,,,,,,,,8.50,0.90,paid,response,True,27.41,1.89,0.01,32.60,10.84,353.41,
8,SEPAK,Influencer,Galaxy Watch6,,,"3,124",16,"6,993",2.68,61.10,31.40,Influencer_19,"558,041",,,,,,,,10.90,0.86,paid,response,True,,,,195.25,2.24,437.06,
8,SEPAK,TV,Galaxy Watch6,,,"24,574",,,,75.40,60.30,,,206,,,,,,,8,0.91,paid,brand,False,,,,,,,119.29
8,SEPAK,Search,Galaxy Watch6,"268,660","4,138","5,247",622,"256,320",1.54,61.40,51.90,,,,,,,,,,11.90,0.81,paid,response,True,19.53,1.27,0.02,8.44,48.85,412.09,
8,SEPAK,Website,Galaxy Watch6,,,,421,"161,676",,68.10,54,,,,,,"35,456",35.30,226,3.43,10.20,0.83,earned,owned,True,,,,,,384.03,
8,SEPAK,PR,Galaxy Watch6,,,0,,,,76,71.50,,,,26,28.10,,,,,7,0.94,earned,brand,False,,,,,,,
8,SEPAK,B2B Roadshow,Galaxy Watch6,"8,306",,"7,677",33,"20,028",3.63,65.40,52.20,,,,,,,,,,9.10,0.85,paid,brand,True,924.27,,,232.64,2.61,606.91,
