date,market,channel,campaign,currency,spend,impressions,clicks,conversions,attributed_revenue
04-08-2025,UAE,PaidSearch,Always-On Brand,AED,265859.99,1835277.0,110676.0,1328.0,3303586.98
04-08-2025,UAE,Meta,Always-On Brand,AED,297458.3,8909950.0,95668.0,553.0,1522455.7
04-08-2025,UAE,tiktok,Always-On Brand,AED,191385.75,8387836.0,106078.0,438.0,1136789.62
04-08-2025,UAE,YouTube,Always-On Brand,AED,213257.59,5390785.0,41425.0,131.0,344175.36
04-08-2025,UAE,Programmatic Display,Always-On Brand,AED,158362.19,12004824.0,11572.0,16.0,39908.37
04-08-2025,UAE,TV,Always-On Brand,AED,322328.71,6818266.0,0.0,0.0,0.0
04-08-2025,UAE,OOH,Always-On Brand,AED,77815.24,3723901.0,0.0,0.0,0.0
04-08-2025,KSA,paid_search,Always-On Brand,SAR,389909.64,2519290.0,176149.0,2544.0,7016148.67
04-08-2025,KSA,meta,Always-On Brand,SAR,431080.14,14848432.0,186832.0,1142.0,3176736.04
04-08-2025,KSA,Tik Tok,Always-On Brand,SAR,236627.3,11063616.0,144092.0,591.0,1635151.06
04-08-2025,KSA,YT,Always-On Brand,SAR,328925.93,8137351.0,53881.0,152.0,399785.66
04-08-2025,KSA,Programmatic Display,Always-On Brand,SAR,200823.77,14828302.0,12783.0,26.0,75793.76
04-08-2025,KSA,tv,Always-On Brand,SAR,409603.96,8054159.0,0.0,0.0,0.0
04-08-2025,KSA,ooh,Always-On Brand,SAR,105596.61,4602172.0,0.0,0.0,0.0
04-08-2025,Egypt,Paid Search,Always-On Brand,EGP,1545322.46,728578.0,44898.0,617.0,6707435.57
04-08-2025,Egypt,Meta,Always-On Brand,EGP,1691841.08,3950103.0,47403.0,307.0,3234229.62
04-08-2025,Egypt,tiktok,Always-On Brand,EGP,1062718.57,3652860.0,50994.0,247.0,2559905.05
04-08-2025,Egypt,YT,Always-On Brand,EGP,1265430.77,2194792.0,14268.0,51.0,538506.65
04-08-2025,Egypt,Programmatic Display,Always-On Brand,EGP,884869.25,5157576.0,5546.0,10.0,103269.88
04-08-2025,Egypt,Television,Always-On Brand,EGP,1837498.19,2552180.0,0.0,0.0,0.0
04-08-2025,Egypt,ooh,Always-On Brand,EGP,425396.61,1757747.0,0.0,0.0,0.0
11-08-2025,UAE,PaidSearch,Always-On Brand,AED,281986.58,1800578.0,120687.0,1401.0,3660007.29
11-08-2025,UAE,Facebook/Instagram,Always-On Brand,AED,305891.85,8925116.0,106667.0,717.0,1934426.21
11-08-2025,UAE,TikTok,Always-On Brand,AED,190745.22,8817397.0,135723.0,492.0,1262720.51
11-08-2025,UAE,youtube,Always-On Brand,AED,229447.78,5480904.0,42353.0,147.0,396937.06
11-08-2025,UAE  ,Programmatic,Always-On Brand,AED,168080.54,14026394.0,13419.0,23.0,61242.68
11-08-2025,UAE,TV,Always-On Brand,AED,303043.72,6099839.0,0.0,0.0,0.0
11-08-2025,UAE,OOH,Always-On Brand,AED,74989.4,3725736.0,0.0,0.0,0.0
11-08-2025,KSA,PaidSearch,Always-On Brand,SAR,384669.44,2489497.0,147238.0,2344.0,6325588.28
11-08-2025,KSA,meta,Always-On Brand,SAR,409197.87,12584073.0,152747.0,1004.0,2870068.3
11-08-2025,KSA,Tik Tok,Always-On Brand,SAR,240100.42,10505810.0,154360.0,592.0,1735406.91
11-08-2025,KSA,youtube,Always-On Brand,SAR,323298.33,7148723.0,61082.0,151.0,407797.62
11-08-2025,KSA,Programmatic,Always-On Brand,SAR,228341.25,19491457.0,18392.0,32.0,90136.72
11-08-2025,KSA,TV,Always-On Brand,SAR,436194.93,8286470.0,0.0,0.0,0.0
11-08-2025,KSA,Out of Home,Always-On Brand,SAR,94160.72,5080677.0,0.0,0.0,0.0
11-08-2025,Egypt,Paid Search,Always-On Brand,EGP,1580795.77,840255.0,50779.0,595.0,6535228.75
11-08-2025,Egypt,Facebook/Instagram,Always-On Brand,EGP,1711052.59,4166164.0,48483.0,329.0,3465654.07
11-08-2025,Egypt,tiktok,Always-On Brand,EGP,1087367.53,3564922.0,40191.0,179.0,1986826.52
11-08-2025,Egypt,youtube,Always-On Brand,EGP,1293620.38,2380778.0,18332.0,52.0,556303.47
11-08-2025,Egypt,Display,Always-On Brand,EGP,895413.36,5351123.0,5072.0,10.0,98992.01
11-08-2025,Egypt,Television,Always-On Brand,EGP,1845722.95,2559330.0,0.0,0.0,0.0
11-08-2025,Egypt,ooh,Always-On Brand,EGP,433018.26,1669775.0,0.0,0.0,0.0
18-08-2025,UAE,PaidSearch,Always-On Brand,AED,316153.1,2179955.0,127761.0,1603.0,4345264.58
18-08-2025,UAE,meta,Always-On Brand,AED,316696.43,10473022.0,96552.0,619.0,1555775.11
18-08-2025,UAE,TikTok,Always-On Brand,AED,195502.14,7928984.0,112947.0,338.0,924781.79
18-08-2025,UAE,youtube,Always-On Brand,AED,233415.13,5653789.0,38268.0,114.0,280523.85
18-08-2025,UAE,Display,Always-On Brand,AED,157506.62,12480724.0,11235.0,16.0,40015.87
18-08-2025,UAE,tv,Always-On Brand,AED,323770.25,6318165.0,0.0,0.0,0.0
18-08-2025,UAE,Out of Home,Always-On Brand,AED,82740.67,4264511.0,0.0,0.0,0.0
18-08-2025,KSA,Paid Search,Always-On Brand,SAR,335705.81,2074086.0,120805.0,1706.0,5000202.27
18-08-2025,KSA,meta,Always-On Brand,SAR,405786.16,12931636.0,147768.0,928.0,2672444.98
18-08-2025,KSA,Tik Tok,Always-On Brand,SAR,254655.25,10504624.0,132959.0,605.0,1725972.01
18-08-2025,KSA,YouTube,Always-On Brand,SAR,336908.04,9422995.0,73375.0,256.0,676143.87
18-08-2025,KSA,Programmatic Display,Always-On Brand,SAR,213277.74,17322944.0,17677.0,29.0,78163.62
18-08-2025,KSA,TV,Always-On Brand,SAR,457232.94,9367547.0,0.0,0.0,0.0
18-08-2025,KSA  ,OOH,Always-On Brand,SAR,118288.49,5910732.0,0.0,0.0,0.0
18-08-2025,Egypt,Paid Search,Always-On Brand,EGP,1625334.47,755770.0,42724.0,524.0,5403582.7
18-08-2025,Egypt,meta,Always-On Brand,EGP,1779677.87,4385603.0,48446.0,253.0,2698056.34
18-08-2025,Egypt,tiktok,Always-On Brand,EGP,1000878.71,3502718.0,44872.0,168.0,1809355.82
18-08-2025,Egypt,youtube,Always-On Brand,EGP,1303950.95,2257919.0,15803.0,57.0,586640.61
18-08-2025,Egypt,Programmatic,Always-On Brand,EGP,871862.49,5607340.0,5163.0,8.0,82863.74
18-08-2025,Egypt,tv,Always-On Brand,EGP,1866620.96,2509379.0,0.0,0.0,0.0
18-08-2025,Egypt,Out of Home,Always-On Brand,EGP,404549.42,1602101.0,0.0,0.0,0.0
25-08-2025,UAE,Paid Search,Always-On Brand,AED,290847.4,1673602.0,96020.0,1316.0,3241653.74
25-08-2025,UAE,meta,Always-On Brand,AED,318070.51,9231829.0,106138.0,730.0,1906351.4
25-08-2025,UAE,tiktok,Always-On Brand,AED,176790.32,7855416.0,107455.0,434.0,1164189.25
25-08-2025,UAE,youtube,Always-On Brand,AED,228469.91,5865323.0,43665.0,152.0,415974.45
25-08-2025,UAE  ,Display,Always-On Brand,AED,156424.1,12414162.0,12487.0,23.0,57511.05
25-08-2025,UAE,Television,Always-On Brand,AED,333916.07,6635363.0,0.0,0.0,0.0
25-08-2025,UAE,Out of Home,Always-On Brand,AED,72951.26,3786552.0,0.0,0.0,0.0
25-08-2025,KSA,Paid Search,Always-On Brand,SAR,359187.52,2218421.0,154982.0,2142.0,5785174.0
25-08-2025,KSA  ,Meta,Always-On Brand,SAR,458390.59,14177258.0,178143.0,1214.0,3416709.04
25-08-2025,KSA,Tik Tok,Always-On Brand,SAR,267393.08,10670776.0,156099.0,581.0,1704956.11
25-08-2025,KSA,youtube,Always-On Brand,SAR,345118.9,9373304.0,71691.0,228.0,643474.09
25-08-2025,KSA,Programmatic Display,Always-On Brand,SAR,216916.59,17211821.0,15586.0,21.0,55907.81
25-08-2025,KSA,TV,Always-On Brand,SAR,402311.62,7503533.0,0.0,0.0,0.0
25-08-2025,KSA,OOH,Always-On Brand,SAR,108653.01,4789253.0,0.0,0.0,0.0
25-08-2025,Egypt  ,PaidSearch,Always-On Brand,EGP,1522762.72,730588.0,49475.0,784.0,8583292.52
25-08-2025,Egypt  ,meta,Always-On Brand,EGP,2010300.55,4769392.0,56182.0,300.0,3067114.93
25-08-2025,Egypt,TikTok,Always-On Brand,EGP,1076795.31,3659713.0,50621.0,218.0,2164437.77
25-08-2025,Egypt,YT,Always-On Brand,EGP,1294434.48,2366064.0,19922.0,74.0,736088.42
25-08-2025,Egypt,Display,Always-On Brand,EGP,887973.85,5288945.0,5332.0,10.0,104452.77
25-08-2025,Egypt,TV,Always-On Brand,EGP,1756620.54,2710236.0,0.0,0.0,0.0
25-08-2025,Egypt,OOH,Always-On Brand,EGP,457240.1,1761548.0,0.0,0.0,0.0
01-09-2025,UAE,PaidSearch,Always-On Brand,AED,295454.21,2111640.0,124210.0,1535.0,3828018.8
01-09-2025,UAE,meta,Always-On Brand,AED,338825.47,11440086.0,126028.0,747.0,2025002.27
01-09-2025,UAE,Tik Tok,Always-On Brand,AED,200225.79,9172134.0,131905.0,547.0,1484739.74
01-09-2025,UAE,YT,Always-On Brand,AED,223458.91,5769018.0,42788.0,139.0,380597.69
01-09-2025,UAE,Display,Always-On Brand,AED,148796.72,11339348.0,9096.0,15.0,37702.72
01-09-2025,UAE,tv,Always-On Brand,AED,350093.28,7023861.0,0.0,0.0,0.0
01-09-2025,UAE,Out of Home,Always-On Brand,AED,80547.99,3697142.0,0.0,0.0,0.0
01-09-2025,KSA,paid_search,Always-On Brand,SAR,419356.83,2733222.0,207941.0,2765.0,7702706.69
01-09-2025,KSA,Facebook/Instagram,Always-On Brand,SAR,443666.69,14058137.0,161963.0,999.0,2807437.23
01-09-2025,KSA,tiktok,Always-On Brand,SAR,279565.34,11652378.0,177312.0,770.0,2152592.63
01-09-2025,KSA,YT,Always-On Brand,SAR,336372.05,7556765.0,49230.0,157.0,457135.55
01-09-2025,KSA,Programmatic,Always-On Brand,SAR,214292.67,16252716.0,15526.0,23.0,64050.06
01-09-2025,KSA,TV,Always-On Brand,SAR,423550.16,7692569.0,0.0,0.0,0.0
01-09-2025,KSA,OOH,Always-On Brand,SAR,107147.59,5262948.0,0.0,0.0,0.0
01-09-2025,Egypt,Paid Search,Always-On Brand,EGP,1416563.32,659906.0,38171.0,511.0,5620625.08
01-09-2025,Egypt,Facebook/Instagram,Always-On Brand,EGP,1722763.25,3989791.0,52152.0,258.0,2616932.49
01-09-2025,Egypt,TikTok,Always-On Brand,EGP,1083297.83,3768825.0,48470.0,215.0,2385615.68
01-09-2025,Egypt,YT,Always-On Brand,EGP,1267546.36,2279104.0,19251.0,65.0,677007.62
01-09-2025,Egypt,Programmatic Display,Always-On Brand,EGP,905712.96,5091061.0,4644.0,9.0,96180.89
01-09-2025,Egypt,Television,Always-On Brand,EGP,1841519.81,2789266.0,0.0,0.0,0.0
01-09-2025,Egypt,OOH,Always-On Brand,EGP,452625.18,1689812.0,0.0,0.0,0.0
08-09-2025,UAE,paid_search,Always-On Brand,AED,300580.52,1806668.0,116971.0,1967.0,5185643.4
08-09-2025,UAE,Facebook/Instagram,Always-On Brand,AED,282564.38,9767457.0,111109.0,620.0,1655579.97
08-09-2025,UAE  ,TikTok,Always-On Brand,AED,196143.04,8016281.0,97208.0,439.0,1189870.65
08-09-2025,UAE,youtube,Always-On Brand,AED,238553.0,6328001.0,42475.0,171.0,450580.84
08-09-2025,UAE,Programmatic,Always-On Brand,AED,149981.28,12147278.0,11295.0,19.0,52460.66
08-09-2025,UAE,Television,Always-On Brand,AED,308312.77,5912762.0,0.0,0.0,0.0
08-09-2025,UAE,ooh,Always-On Brand,AED,79604.17,4105633.0,0.0,0.0,0.0
08-09-2025,KSA,paid_search,Always-On Brand,SAR,370614.35,2578000.0,186985.0,2366.0,6721792.1
08-09-2025,KSA,Facebook/Instagram,Always-On Brand,SAR,455785.49,13434313.0,130318.0,881.0,2561181.18
08-09-2025,KSA,tiktok,Always-On Brand,SAR,262685.04,12216193.0,180557.0,719.0,2064490.95
08-09-2025,KSA,youtube,Always-On Brand,SAR,306987.09,7804033.0,60703.0,227.0,635648.25
08-09-2025,KSA,Programmatic Display,Always-On Brand,SAR,211009.41,16769951.0,16143.0,32.0,89340.82
08-09-2025,KSA,Television,Always-On Brand,SAR,457210.42,8525734.0,0.0,0.0,0.0
08-09-2025,KSA,OOH,Always-On Brand,SAR,105506.01,4786496.0,0.0,0.0,0.0
08-09-2025,Egypt,paid_search,Always-On Brand,EGP,1541740.13,751703.0,46276.0,673.0,7438801.75
08-09-2025,Egypt,Facebook/Instagram,Always-On Brand,EGP,1743852.66,4182440.0,52235.0,306.0,3364931.75
08-09-2025,Egypt,Tik Tok,Always-On Brand,EGP,1085601.51,3356302.0,40740.0,129.0,1402428.17
08-09-2025,Egypt,youtube,Always-On Brand,EGP,1436818.68,2871011.0,19740.0,64.0,655291.86
08-09-2025,Egypt,Programmatic Display,Always-On Brand,EGP,885238.5,5294775.0,4915.0,8.0,87787.35
08-09-2025,Egypt,tv,Always-On Brand,EGP,1821411.46,2441681.0,0.0,0.0,0.0
08-09-2025,Egypt,OOH,Always-On Brand,EGP,454851.08,1701386.0,0.0,0.0,0.0
15-09-2025,UAE,PaidSearch,Always-On Brand,AED,273096.1,1905559.0,127415.0,1425.0,3919885.73
15-09-2025,UAE,meta,Always-On Brand,AED,390124.28,12938174.0,152645.0,1049.0,2682474.85
15-09-2025,UAE,TikTok,Always-On Brand,AED,196436.72,8651325.0,123422.0,446.0,1143579.05
15-09-2025,UAE,YouTube,Always-On Brand,AED,216483.21,4916743.0,38762.0,134.0,348835.48
15-09-2025,UAE,Programmatic Display,Always-On Brand,AED,162695.2,13004436.0,12839.0,23.0,61540.07
15-09-2025,UAE,TV,Always-On Brand,AED,336147.91,6873593.0,0.0,0.0,0.0
15-09-2025,UAE,OOH,Always-On Brand,AED,76903.42,3585172.0,0.0,0.0,0.0
15-09-2025,KSA,Search,Always-On Brand,SAR,390916.16,2605540.0,158850.0,2413.0,6374707.14
15-09-2025,KSA,meta,Always-On Brand,SAR,440050.82,14663280.0,139667.0,845.0,2370017.54
15-09-2025,KSA,Tik Tok,Always-On Brand,SAR,273767.95,12328935.0,164035.0,652.0,1812796.51
15-09-2025,KSA  ,YT,Always-On Brand,SAR,306769.2,7609652.0,51058.0,156.0,416817.43
15-09-2025,KSA,Programmatic Display,Always-On Brand,SAR,219810.36,15772195.0,15179.0,25.0,69576.56
15-09-2025,KSA,TV,Always-On Brand,SAR,456319.27,8212622.0,0.0,0.0,0.0
15-09-2025,KSA,OOH,Always-On Brand,SAR,107686.61,5161561.0,0.0,0.0,0.0
15-09-2025,Egypt,Paid Search,Always-On Brand,EGP,1737941.43,939957.0,65369.0,988.0,10338459.22
15-09-2025,Egypt,Facebook/Instagram,Always-On Brand,EGP,1857384.33,4812967.0,50764.0,308.0,3337783.71
15-09-2025,Egypt,tiktok,Always-On Brand,EGP,1012837.21,3378417.0,48416.0,218.0,2188307.19
15-09-2025,Egypt,YT,Always-On Brand,EGP,1244367.79,2341730.0,15623.0,64.0,702825.68
15-09-2025,Egypt,Programmatic Display,Always-On Brand,EGP,906207.52,5374501.0,4092.0,7.0,74304.74
15-09-2025,Egypt,TV,Always-On Brand,EGP,1859630.46,2834324.0,0.0,0.0,0.0
15-09-2025,Egypt,Out of Home,Always-On Brand,EGP,431439.52,1501961.0,0.0,0.0,0.0
22-09-2025,UAE,Search,Always-On Brand,AED,289217.7,1781982.0,116282.0,1837.0,4836964.87
22-09-2025,UAE,META,Always-On Brand,AED,341062.18,10328551.0,109228.0,760.0,1969811.66
22-09-2025,UAE,tiktok,Always-On Brand,AED,180248.54,7113465.0,110423.0,509.0,1350665.69
22-09-2025,UAE,youtube,Always-On Brand,AED,249203.16,6692076.0,45578.0,144.0,362693.17
22-09-2025,UAE,Programmatic Display,Always-On Brand,AED,148772.5,12458964.0,10331.0,19.0,50128.52
22-09-2025,UAE,TV,Always-On Brand,AED,315125.48,5969362.0,0.0,0.0,0.0
22-09-2025,UAE,OOH,Always-On Brand,AED,77314.35,3663982.0,0.0,0.0,0.0
22-09-2025,KSA,Paid Search,Always-On Brand,SAR,393464.43,2489464.0,171825.0,2054.0,5404435.69
22-09-2025,KSA,meta,Always-On Brand,SAR,450025.77,15076442.0,160748.0,1088.0,3007879.1
22-09-2025,KSA,Tik Tok,Always-On Brand,SAR,271730.29,12028931.0,159679.0,615.0,1643131.96
22-09-2025,KSA,YT,Always-On Brand,SAR,353228.42,9453019.0,72697.0,245.0,678767.87
22-09-2025,KSA,Programmatic Display,Always-On Brand,SAR,224030.92,16703136.0,14252.0,25.0,71294.91
22-09-2025,KSA,TV,Always-On Brand,SAR,420889.58,8098546.0,0.0,0.0,0.0
22-09-2025,KSA,ooh,Always-On Brand,SAR,108928.55,5087605.0,0.0,0.0,0.0
22-09-2025,Egypt,paid_search,Always-On Brand,EGP,1545027.8,748476.0,45695.0,603.0,6656515.18
22-09-2025,Egypt,Facebook/Instagram,Always-On Brand,EGP,1835951.02,4432485.0,49057.0,337.0,3720136.5
22-09-2025,Egypt,TikTok,Always-On Brand,EGP,1035036.15,3713939.0,40374.0,121.0,1257879.72
22-09-2025,Egypt  ,YT,Always-On Brand,EGP,1192207.82,2249274.0,17748.0,56.0,579074.33
22-09-2025,Egypt,Programmatic Display,Always-On Brand,EGP,901807.49,5408489.0,4996.0,10.0,106852.48
22-09-2025,Egypt,TV,Always-On Brand,EGP,1869631.25,2775190.0,0.0,0.0,0.0
22-09-2025,Egypt,ooh,Always-On Brand,EGP,439231.55,1705425.0,0.0,0.0,0.0
29-09-2025,UAE,Paid Search,Always-On Brand,AED,290547.34,2008588.0,106163.0,1316.0,3633172.09
29-09-2025,UAE,META,Always-On Brand,AED,319407.88,10428743.0,100396.0,743.0,1998998.46
29-09-2025,UAE,tiktok,Always-On Brand,AED,196717.25,8112805.0,106081.0,447.0,1216177.18
29-09-2025,UAE  ,youtube,Always-On Brand,AED,255344.44,6005503.0,47791.0,149.0,391084.32
29-09-2025,UAE,Programmatic,Always-On Brand,AED,169316.37,12432524.0,10043.0,18.0,48633.2
29-09-2025,UAE,tv,Always-On Brand,AED,327052.84,6203994.0,0.0,0.0,0.0
29-09-2025,UAE,OOH,Always-On Brand,AED,81219.68,3950852.0,0.0,0.0,0.0
29-09-2025,KSA,Paid Search,Always-On Brand,SAR,412021.88,2685083.0,179612.0,1769.0,4971135.74
29-09-2025,KSA,Facebook/Instagram,Always-On Brand,SAR,416495.83,13114664.0,143352.0,1071.0,2993786.16
29-09-2025,KSA  ,tiktok,Always-On Brand,SAR,258015.57,11695383.0,156238.0,636.0,1770204.48
29-09-2025,KSA,youtube,Always-On Brand,SAR,341335.93,9109008.0,76557.0,191.0,524403.15
29-09-2025,KSA,Programmatic,Always-On Brand,SAR,230962.66,17259393.0,13298.0,21.0,56632.69
29-09-2025,KSA,Television,Always-On Brand,SAR,417074.69,7201403.0,0.0,0.0,0.0
29-09-2025,KSA,Out of Home,Always-On Brand,SAR,112735.26,5311417.0,0.0,0.0,0.0
29-09-2025,Egypt,PaidSearch,Always-On Brand,EGP,1729341.06,888656.0,50691.0,826.0,8748464.64
29-09-2025,Egypt,Facebook/Instagram,Always-On Brand,EGP,1714703.8,4068164.0,43935.0,309.0,3114649.67
29-09-2025,Egypt,TikTok,Always-On Brand,EGP,1004731.4,3329074.0,47466.0,221.0,2275789.6
29-09-2025,Egypt,youtube,Always-On Brand,EGP,1296267.07,2406845.0,14570.0,54.0,595565.85
29-09-2025,Egypt,Display,Always-On Brand,EGP,923001.38,6254243.0,5022.0,9.0,98055.44
29-09-2025,Egypt,Television,Always-On Brand,EGP,1877152.43,2562386.0,0.0,0.0,0.0
29-09-2025,Egypt,ooh,Always-On Brand,EGP,456917.72,1795636.0,0.0,0.0,0.0
06-10-2025,UAE,PaidSearch,Always-On Brand,AED,288930.97,2102845.0,111284.0,1750.0,4386980.16
06-10-2025,UAE,meta,Always-On Brand,AED,336784.73,11103446.0,123552.0,829.0,2168762.96
06-10-2025,UAE,TikTok,Always-On Brand,AED,191987.6,8123745.0,102351.0,372.0,994288.0
06-10-2025,UAE,youtube,Always-On Brand,AED,224094.57,5413951.0,40043.0,164.0,434412.23
06-10-2025,UAE,Programmatic,Always-On Brand,AED,155417.1,12405738.0,11431.0,16.0,43941.52
06-10-2025,UAE,Television,Always-On Brand,AED,348516.2,6333044.0,0.0,0.0,0.0
06-10-2025,UAE,Out of Home,Always-On Brand,AED,81635.06,4224952.0,0.0,0.0,0.0
06-10-2025,KSA,PaidSearch,Always-On Brand,SAR,457093.99,2721874.0,153212.0,2664.0,7732565.65
06-10-2025,KSA,Facebook/Instagram,Always-On Brand,SAR,453108.05,14900017.0,166296.0,990.0,2835560.07
06-10-2025,KSA,tiktok,Always-On Brand,SAR,273248.76,12905846.0,196512.0,927.0,2627244.07
06-10-2025,KSA,YT,Always-On Brand,SAR,317516.66,7199160.0,49594.0,183.0,528010.83
06-10-2025,KSA,Programmatic,Always-On Brand,SAR,207391.82,15621199.0,11889.0,19.0,52869.5
06-10-2025,KSA,tv,Always-On Brand,SAR,458875.1,8953748.0,0.0,0.0,0.0
06-10-2025,KSA,OOH,Always-On Brand,SAR,110860.18,5510892.0,0.0,0.0,0.0
06-10-2025,Egypt,paid_search,Always-On Brand,EGP,1541906.04,894814.0,44745.0,645.0,6849224.26
06-10-2025,Egypt,meta,Always-On Brand,EGP,1928224.27,4772925.0,51579.0,303.0,3331581.18
06-10-2025,Egypt,Tik Tok,Always-On Brand,EGP,1040250.77,3388639.0,41647.0,189.0,2061247.48
06-10-2025,Egypt,youtube,Always-On Brand,EGP,1422862.35,2763386.0,18345.0,67.0,729715.35
06-10-2025,Egypt,Display,Always-On Brand,EGP,932585.68,5809032.0,5406.0,10.0,108787.66
06-10-2025,Egypt,Television,Always-On Brand,EGP,1774208.65,2697338.0,0.0,0.0,0.0
06-10-2025,Egypt,ooh,Always-On Brand,EGP,479032.06,1866037.0,0.0,0.0,0.0
13-10-2025,UAE,paid_search,Always-On Brand,AED,298236.09,1984033.0,117887.0,1669.0,4150366.53
13-10-2025,UAE,Facebook/Instagram,Always-On Brand,AED,333693.44,10933429.0,107315.0,617.0,1606242.56
13-10-2025,UAE,tiktok,Always-On Brand,AED,206535.4,8284125.0,125043.0,473.0,1191551.84
13-10-2025,UAE  ,YouTube,Always-On Brand,AED,239283.47,6095980.0,51249.0,156.0,395806.55
13-10-2025,UAE,Display,Always-On Brand,AED,166052.52,13713581.0,12013.0,19.0,49593.73
13-10-2025,UAE,tv,Always-On Brand,AED,329279.35,5930913.0,0.0,0.0,0.0
13-10-2025,UAE,ooh,Always-On Brand,AED,93372.99,4511885.0,0.0,0.0,0.0
13-10-2025,KSA,Search,Always-On Brand,SAR,395774.36,2444398.0,151961.0,2259.0,6480732.51
13-10-2025,KSA,META,Always-On Brand,SAR,464065.76,14621047.0,152187.0,1082.0,2994609.42
13-10-2025,KSA,tiktok,Always-On Brand,SAR,252976.53,10659276.0,153484.0,619.0,1765674.94
13-10-2025,KSA,YT,Always-On Brand,SAR,316165.89,7569380.0,57384.0,211.0,561124.62
13-10-2025,KSA,Programmatic,Always-On Brand,SAR,208604.49,14897472.0,13535.0,21.0,57370.72
13-10-2025,KSA,Television,Always-On Brand,SAR,456700.96,8077351.0,0.0,0.0,0.0
13-10-2025,KSA,Out of Home,Always-On Brand,SAR,109262.35,5265005.0,0.0,0.0,0.0
13-10-2025,Egypt,paid_search,Always-On Brand,EGP,1518049.02,717938.0,36559.0,406.0,4254384.18
13-10-2025,Egypt,Facebook/Instagram,Always-On Brand,EGP,1749547.24,4056371.0,50020.0,323.0,3414521.6
13-10-2025,Egypt,tiktok,Always-On Brand,EGP,1169321.58,3798582.0,61499.0,264.0,2763229.58
13-10-2025,Egypt,YouTube,Always-On Brand,EGP,1317449.48,2577267.0,16742.0,53.0,579312.06
13-10-2025,Egypt,Programmatic,Always-On Brand,EGP,958327.43,5611745.0,4639.0,8.0,84793.58
13-10-2025,Egypt,TV,Always-On Brand,EGP,2042030.97,2815187.0,0.0,0.0,0.0
13-10-2025,Egypt,OOH,Always-On Brand,EGP,401142.95,1562757.0,0.0,0.0,0.0
20-10-2025,UAE,PaidSearch,Always-On Brand,AED,300169.6,1895611.0,110448.0,1728.0,4722475.24
20-10-2025,UAE,Meta,Always-On Brand,AED,285224.16,9259864.0,113782.0,678.0,1734597.66
20-10-2025,UAE,Tik Tok,Always-On Brand,AED,188631.04,8550177.0,128524.0,505.0,1295690.63
20-10-2025,UAE,YT,Always-On Brand,AED,256591.37,6248847.0,39938.0,120.0,303145.36
20-10-2025,UAE,Programmatic,Always-On Brand,AED,172885.14,13626399.0,12030.0,27.0,73772.59
20-10-2025,UAE,TV,Always-On Brand,AED,342701.21,6595741.0,0.0,0.0,0.0
20-10-2025,UAE,OOH,Always-On Brand,AED,84632.64,4202034.0,0.0,0.0,0.0
20-10-2025,KSA,paid_search,Always-On Brand,SAR,386743.76,2446949.0,169567.0,2117.0,5575792.27
20-10-2025,KSA,meta,Always-On Brand,SAR,442400.47,14962893.0,159996.0,1177.0,3131167.73
20-10-2025,KSA,Tik Tok,Always-On Brand,SAR,255136.38,12981656.0,182486.0,751.0,2153983.17
20-10-2025,KSA  ,YT,Always-On Brand,SAR,335941.44,7679634.0,61758.0,215.0,565671.82
20-10-2025,KSA,Programmatic,Always-On Brand,SAR,221384.65,16907582.0,17546.0,27.0,73366.43
20-10-2025,KSA,tv,Always-On Brand,SAR,450016.46,7983069.0,0.0,0.0,0.0
20-10-2025,KSA,Out of Home,Always-On Brand,SAR,111007.11,4871899.0,0.0,0.0,0.0
20-10-2025,Egypt,paid_search,Always-On Brand,EGP,1817682.01,910278.0,62048.0,771.0,8207671.19
20-10-2025,Egypt,Meta,Always-On Brand,EGP,1826404.16,4140960.0,46582.0,260.0,2854217.52
20-10-2025,Egypt,tiktok,Always-On Brand,EGP,1054796.08,3572805.0,45023.0,204.0,2136647.36
20-10-2025,Egypt,YT,Always-On Brand,EGP,1462598.62,3043512.0,22175.0,81.0,895692.75
20-10-2025,Egypt,Display,Always-On Brand,EGP,791706.82,4683833.0,3712.0,5.0,52375.85
20-10-2025,Egypt,Television,Always-On Brand,EGP,1833209.69,2711588.0,0.0,0.0,0.0
20-10-2025,Egypt  ,ooh,Always-On Brand,EGP,455231.99,1798760.0,0.0,0.0,0.0
27-10-2025,UAE,PaidSearch,Always-On Brand,AED,293784.5,1723480.0,125597.0,1615.0,4010319.45
27-10-2025,UAE,meta,Always-On Brand,AED,349767.72,12268468.0,152420.0,1115.0,2954329.86
27-10-2025,UAE,TikTok,Always-On Brand,AED,201944.84,8100846.0,110605.0,421.0,1149319.47
27-10-2025,UAE,youtube,Always-On Brand,AED,265366.05,6974358.0,50196.0,151.0,412582.21
27-10-2025,UAE,Programmatic Display,Always-On Brand,AED,172296.02,13903739.0,12271.0,19.0,48945.52
27-10-2025,UAE,Television,Always-On Brand,AED,293053.88,5881600.0,0.0,0.0,0.0
27-10-2025,UAE,ooh,Always-On Brand,AED,82230.87,3999680.0,0.0,0.0,0.0
27-10-2025,KSA,paid_search,Always-On Brand,SAR,414736.49,2567364.0,187186.0,2721.0,7301832.17
27-10-2025,KSA,Facebook/Instagram,Always-On Brand,SAR,452518.24,13203929.0,137030.0,727.0,2100794.29
27-10-2025,KSA,tiktok,Always-On Brand,SAR,283882.07,12179156.0,187043.0,865.0,2420610.96
27-10-2025,KSA,YouTube,Always-On Brand,SAR,344401.53,8884859.0,59681.0,194.0,516263.51
27-10-2025,KSA,Display,Always-On Brand,SAR,222174.47,17282418.0,16213.0,30.0,81440.21
27-10-2025,KSA,Television,Always-On Brand,SAR,459543.45,9852812.0,0.0,0.0,0.0
27-10-2025,KSA,OOH,Always-On Brand,SAR,113825.43,5554976.0,0.0,0.0,0.0
27-10-2025,Egypt,Search,Always-On Brand,EGP,1757935.98,835226.0,54811.0,667.0,6958693.54
27-10-2025,Egypt,META,Always-On Brand,EGP,1835463.74,4804121.0,55619.0,270.0,2933517.33
27-10-2025,Egypt,Tik Tok,Always-On Brand,EGP,1027623.0,3561283.0,56470.0,179.0,1855449.65
27-10-2025,Egypt,YT,Always-On Brand,EGP,1366636.92,2623562.0,19053.0,58.0,636273.06
27-10-2025,Egypt,Display,Always-On Brand,EGP,888213.85,5813395.0,4422.0,7.0,76539.51
27-10-2025,Egypt,Television,Always-On Brand,EGP,1804778.11,2851691.0,0.0,0.0,0.0
27-10-2025,Egypt,Out of Home,Always-On Brand,EGP,456425.83,1999294.0,0.0,0.0,0.0
03-11-2025,UAE,PaidSearch,Always-On Brand,AED,287331.0,1923455.0,105352.0,1606.0,4321050.43
03-11-2025,UAE,Facebook/Instagram,Always-On Brand,AED,343352.43,10137791.0,131405.0,881.0,2192775.03
03-11-2025,UAE,Tik Tok,Always-On Brand,AED,194366.78,9165377.0,130083.0,486.0,1276088.94
03-11-2025,UAE,youtube,Always-On Brand,AED,239573.84,5823286.0,43324.0,165.0,413525.2
03-11-2025,UAE,Programmatic,Always-On Brand,AED,163828.88,13589750.0,10777.0,17.0,42824.72
03-11-2025,UAE,tv,Always-On Brand,AED,345790.57,6787289.0,0.0,0.0,0.0
03-11-2025,UAE,OOH,Always-On Brand,AED,85792.48,3990165.0,0.0,0.0,0.0
03-11-2025,KSA,Search,Always-On Brand,SAR,408735.88,2587584.0,183770.0,2648.0,6960377.23
03-11-2025,KSA,Facebook/Instagram,Always-On Brand,SAR,486892.54,16538759.0,193351.0,1238.0,3473307.75
03-11-2025,KSA,TikTok,Always-On Brand,SAR,280564.62,12627755.0,184698.0,873.0,2497878.83
03-11-2025,KSA,YouTube,Always-On Brand,SAR,332446.17,8069835.0,57695.0,204.0,561089.04
03-11-2025,KSA,Programmatic,Always-On Brand,SAR,224296.66,17846546.0,15042.0,26.0,68366.57
03-11-2025,KSA,TV,Always-On Brand,SAR,461240.89,8758007.0,0.0,0.0,0.0
03-11-2025,KSA,ooh,Always-On Brand,SAR,118036.59,5278006.0,0.0,0.0,0.0
03-11-2025,Egypt,paid_search,Always-On Brand,EGP,1529534.34,722358.0,46049.0,525.0,5272682.55
03-11-2025,Egypt,META,Always-On Brand,EGP,1739574.63,4155435.0,50783.0,327.0,3468583.57
03-11-2025,Egypt,tiktok,Always-On Brand,EGP,1100940.83,3608460.0,56929.0,244.0,2615890.61
03-11-2025,Egypt,youtube,Always-On Brand,EGP,1370833.87,2742546.0,19052.0,62.0,632863.36
03-11-2025,Egypt  ,Programmatic Display,Always-On Brand,EGP,785409.57,5009231.0,4266.0,6.0,60900.63
03-11-2025,Egypt,tv,Always-On Brand,EGP,1907243.32,2743503.0,0.0,0.0,0.0
03-11-2025,Egypt,Out of Home,Always-On Brand,EGP,440280.81,1642747.0,0.0,0.0,0.0
10-11-2025,UAE,Paid Search,Always-On Brand,AED,115631.18,741980.0,52125.0,735.0,1912756.59
10-11-2025,UAE,Paid Search,White Friday Blitz,AED,164778.56,1110725.0,81743.0,1097.0,2706158.77
10-11-2025,UAE,META,Always-On Brand,AED,256428.84,8495147.0,112377.0,582.0,1496004.94
10-11-2025,UAE,Meta,White Friday Blitz,AED,88745.52,3107346.0,31122.0,176.0,438528.45
10-11-2025,UAE,TikTok,Always-On Brand,AED,164404.13,7089366.0,102988.0,474.0,1241489.81
10-11-2025,UAE,TikTok,White Friday Blitz,AED,19571.39,876339.0,12320.0,44.0,111070.24
10-11-2025,UAE,YouTube,Always-On Brand,AED,99383.76,2276245.0,14682.0,48.0,124477.14
10-11-2025,UAE,youtube,White Friday Blitz,AED,167974.9,4013603.0,30071.0,116.0,310954.64
10-11-2025,UAE,Programmatic,Always-On Brand,AED,69132.18,5396261.0,5105.0,8.0,21419.93
10-11-2025,UAE,Display,White Friday Blitz,AED,97546.88,7709548.0,6704.0,10.0,25557.21
10-11-2025,UAE,TV,Always-On Brand,AED,243756.59,4549305.0,0.0,0.0,0.0
10-11-2025,UAE,TV,White Friday Blitz,AED,129753.43,2309353.0,0.0,0.0,0.0
10-11-2025,UAE,ooh,Always-On Brand,AED,44673.35,2160459.0,0.0,0.0,0.0
10-11-2025,UAE,OOH,White Friday Blitz,AED,31494.23,1492006.0,0.0,0.0,0.0
10-11-2025,KSA,Paid Search,Always-On Brand,SAR,307889.19,1959672.0,126039.0,1646.0,4546825.27
10-11-2025,KSA,Search,White Friday Blitz,SAR,107702.19,670200.0,48537.0,767.0,2070371.1
10-11-2025,KSA,META,Always-On Brand,SAR,336248.18,11592577.0,124787.0,778.0,2286370.39
10-11-2025,KSA,Facebook/Instagram,White Friday Blitz,SAR,110896.81,3516514.0,37258.0,246.0,698168.25
10-11-2025,KSA,tiktok,Always-On Brand,SAR,56451.74,2271973.0,35055.0,144.0,389044.12
10-11-2025,KSA,tiktok,White Friday Blitz,SAR,194978.46,7895744.0,108343.0,443.0,1299191.73
10-11-2025,KSA,youtube,Always-On Brand,SAR,142354.1,3221379.0,17074.0,56.0,153511.18
10-11-2025,KSA,YT,White Friday Blitz,SAR,188006.44,4319922.0,35858.0,100.0,281377.4
10-11-2025,KSA,Display,Always-On Brand,SAR,219449.62,15382506.0,15117.0,19.0,52156.67
10-11-2025,KSA,Programmatic,White Friday Blitz,SAR,8315.01,649724.0,538.0,1.0,2790.32
10-11-2025,KSA,tv,Always-On Brand,SAR,121201.96,2058424.0,0.0,0.0,0.0
10-11-2025,KSA,tv,White Friday Blitz,SAR,315785.49,5784606.0,0.0,0.0,0.0
10-11-2025,KSA,Out of Home,Always-On Brand,SAR,86949.56,4340812.0,0.0,0.0,0.0
10-11-2025,KSA,OOH,White Friday Blitz,SAR,22660.77,1118700.0,0.0,0.0,0.0
10-11-2025,Egypt,paid_search,Always-On Brand,EGP,461777.88,228821.0,12077.0,172.0,1815005.53
10-11-2025,Egypt,Paid Search,White Friday Blitz,EGP,1051400.33,513368.0,32753.0,497.0,5166655.76
10-11-2025,Egypt,meta,Always-On Brand,EGP,270227.74,701560.0,8875.0,59.0,648669.69
10-11-2025,Egypt,Facebook/Instagram,White Friday Blitz,EGP,1511123.07,3388560.0,43069.0,243.0,2412338.22
10-11-2025,Egypt,Tik Tok,Always-On Brand,EGP,821490.82,2605946.0,36911.0,194.0,1995010.63
10-11-2025,Egypt,TikTok,White Friday Blitz,EGP,282286.59,997396.0,14021.0,64.0,636262.56
10-11-2025,Egypt,YouTube,Always-On Brand,EGP,1100209.21,2103443.0,16492.0,45.0,479216.76
10-11-2025,Egypt,YT,White Friday Blitz,EGP,359672.35,709213.0,5067.0,18.0,196033.63
10-11-2025,Egypt,Programmatic Display,Always-On Brand,EGP,282038.56,1595596.0,1239.0,2.0,21465.94
10-11-2025,Egypt,Programmatic Display,White Friday Blitz,EGP,614635.48,3459840.0,3173.0,5.0,51723.54
10-11-2025,Egypt,tv,Always-On Brand,EGP,911981.2,1312276.0,0.0,0.0,0.0
10-11-2025,Egypt,TV,White Friday Blitz,EGP,779351.87,1168240.0,0.0,0.0,0.0
10-11-2025,Egypt,Out of Home,Always-On Brand,EGP,245210.84,859204.0,0.0,0.0,0.0
10-11-2025,Egypt,ooh,White Friday Blitz,EGP,208254.86,782473.0,0.0,0.0,0.0
17-11-2025,UAE,paid_search,Always-On Brand,AED,136556.29,1014392.0,67602.0,1022.0,2795808.2
17-11-2025,UAE  ,paid_search,White Friday Blitz,AED,424464.96,2645231.0,163687.0,2124.0,5864120.14
17-11-2025,UAE,Facebook/Instagram,Always-On Brand,AED,271090.7,8842746.0,108638.0,727.0,1924247.89
17-11-2025,UAE  ,meta,White Friday Blitz,AED,351316.82,12911245.0,156050.0,971.0,2446062.16
17-11-2025,UAE,Tik Tok,Always-On Brand,AED,328879.32,13807668.0,171309.0,662.0,1650054.54
17-11-2025,UAE,TikTok,White Friday Blitz,AED,46756.27,2084685.0,28526.0,139.0,344265.4
17-11-2025,UAE  ,YT,Always-On Brand,AED,121146.94,2864254.0,18756.0,58.0,143383.66
17-11-2025,UAE,YT,White Friday Blitz,AED,346161.58,8506755.0,69198.0,230.0,574590.36
17-11-2025,UAE,Display,Always-On Brand,AED,131225.61,10509010.0,10242.0,16.0,42416.26
17-11-2025,UAE,Programmatic Display,White Friday Blitz,AED,191958.3,14574918.0,12950.0,19.0,47397.9
17-11-2025,UAE,TV,Always-On Brand,AED,357398.29,7121081.0,0.0,0.0,0.0
17-11-2025,UAE,tv,White Friday Blitz,AED,260346.35,4869792.0,0.0,0.0,0.0
17-11-2025,UAE  ,OOH,Always-On Brand,AED,133770.96,6096401.0,0.0,0.0,0.0
17-11-2025,UAE,OOH,White Friday Blitz,AED,19097.3,914212.0,0.0,0.0,0.0
17-11-2025,KSA,paid_search,Always-On Brand,SAR,410668.32,2526447.0,161379.0,2219.0,6204344.8
17-11-2025,KSA,paid_search,White Friday Blitz,SAR,340431.21,2091518.0,138465.0,1904.0,5051083.06
17-11-2025,KSA,Facebook/Instagram,Always-On Brand,SAR,463639.88,13963168.0,185635.0,1115.0,3216015.5
17-11-2025,KSA  ,Facebook/Instagram,White Friday Blitz,SAR,452789.17,15348603.0,211607.0,1417.0,3951262.53
17-11-2025,KSA,Tik Tok,Always-On Brand,SAR,326753.11,14367533.0,186561.0,829.0,2295194.42
17-11-2025,KSA,Tik Tok,White Friday Blitz,SAR,200213.21,8577866.0,122871.0,429.0,1147767.18
17-11-2025,KSA,YouTube,Always-On Brand,SAR,226750.74,5622286.0,39379.0,107.0,308898.49
17-11-2025,KSA,youtube,White Friday Blitz,SAR,464251.51,10399493.0,83164.0,281.0,767606.05
17-11-2025,KSA  ,Display,Always-On Brand,SAR,172051.42,12598526.0,9992.0,17.0,47238.51
17-11-2025,KSA,Display,White Friday Blitz,SAR,254403.27,18968905.0,15845.0,27.0,78252.76
17-11-2025,KSA,Television,Always-On Brand,SAR,630639.79,12322627.0,0.0,0.0,0.0
17-11-2025,KSA,Television,White Friday Blitz,SAR,233649.56,3916364.0,0.0,0.0,0.0
17-11-2025,KSA,ooh,Always-On Brand,SAR,160449.91,7543090.0,0.0,0.0,0.0
17-11-2025,KSA,Out of Home,White Friday Blitz,SAR,69838.24,3545105.0,0.0,0.0,0.0
17-11-2025,Egypt,paid_search,Always-On Brand,EGP,1028784.7,532175.0,35858.0,556.0,5606000.87
17-11-2025,Egypt,Search,White Friday Blitz,EGP,1972460.96,967408.0,56920.0,878.0,9661139.16
17-11-2025,Egypt,META,Always-On Brand,EGP,2384963.58,5604898.0,69624.0,424.0,4487193.4
17-11-2025,Egypt,meta,White Friday Blitz,EGP,1047053.16,2612155.0,29087.0,179.0,1963652.35
17-11-2025,Egypt,TikTok,Always-On Brand,EGP,806388.38,2825527.0,46606.0,201.0,2107456.03
17-11-2025,Egypt,Tik Tok,White Friday Blitz,EGP,1242199.76,4054623.0,61063.0,249.0,2492990.73
17-11-2025,Egypt  ,YouTube,Always-On Brand,EGP,1046198.54,1871481.0,15398.0,52.0,557268.76
17-11-2025,Egypt,YT,White Friday Blitz,EGP,1458985.38,2613119.0,19930.0,60.0,609586.43
17-11-2025,Egypt,Programmatic,Always-On Brand,EGP,1112232.13,6601570.0,5548.0,9.0,96088.91
17-11-2025,Egypt,Display,White Friday Blitz,EGP,602088.56,4029200.0,3715.0,7.0,74416.29
17-11-2025,Egypt,tv,Always-On Brand,EGP,1306634.52,1831637.0,0.0,0.0,0.0
17-11-2025,Egypt,Television,White Friday Blitz,EGP,2553238.97,3941207.0,0.0,0.0,0.0
17-11-2025,Egypt,ooh,Always-On Brand,EGP,308995.48,1214567.0,0.0,0.0,0.0
17-11-2025,Egypt,ooh,White Friday Blitz,EGP,582622.76,2412396.0,0.0,0.0,0.0
24-11-2025,UAE,Paid Search,Always-On Brand,AED,646815.55,3891549.0,207819.0,2633.0,7146701.8
24-11-2025,UAE,PaidSearch,White Friday Blitz,AED,101721.4,669437.0,38781.0,435.0,1163244.09
24-11-2025,UAE,META,Always-On Brand,AED,305572.98,9008393.0,95732.0,559.0,1486679.09
24-11-2025,UAE,META,White Friday Blitz,AED,491921.15,14337354.0,165181.0,1024.0,2693838.91
24-11-2025,UAE,TikTok,Always-On Brand,AED,162987.87,7094535.0,89910.0,453.0,1194451.64
24-11-2025,UAE,Tik Tok,White Friday Blitz,AED,318966.75,14195228.0,212235.0,756.0,2011587.13
24-11-2025,UAE,YouTube,Always-On Brand,AED,153795.31,3651991.0,27851.0,108.0,293806.77
24-11-2025,UAE,YouTube,White Friday Blitz,AED,453548.83,10097982.0,76934.0,214.0,569202.17
24-11-2025,UAE,Display,Always-On Brand,AED,133934.0,9990141.0,8847.0,14.0,36862.11
24-11-2025,UAE,Programmatic Display,White Friday Blitz,AED,260067.94,18883006.0,13664.0,21.0,54200.3
24-11-2025,UAE,TV,Always-On Brand,AED,493970.36,9892465.0,0.0,0.0,0.0
24-11-2025,UAE  ,Television,White Friday Blitz,AED,215302.4,4569045.0,0.0,0.0,0.0
24-11-2025,UAE,ooh,Always-On Brand,AED,153783.97,7848233.0,0.0,0.0,0.0
24-11-2025,UAE,OOH,White Friday Blitz,AED,57741.54,2999977.0,0.0,0.0,0.0
24-11-2025,KSA,PaidSearch,Always-On Brand,SAR,272127.14,1624989.0,95329.0,1177.0,3131619.37
24-11-2025,KSA,Paid Search,White Friday Blitz,SAR,763017.76,4866191.0,341235.0,4376.0,12223781.66
24-11-2025,KSA,Meta,Always-On Brand,SAR,196893.39,6666747.0,82068.0,568.0,1642179.7
24-11-2025,KSA,META,White Friday Blitz,SAR,860618.77,26255768.0,336660.0,2305.0,6782596.49
24-11-2025,KSA,TikTok,Always-On Brand,SAR,391240.12,18593770.0,202736.0,733.0,2063429.0
24-11-2025,KSA,TikTok,White Friday Blitz,SAR,272868.16,12362631.0,193751.0,736.0,2105555.14
24-11-2025,KSA,YT,Always-On Brand,SAR,265948.44,6053244.0,44471.0,138.0,382234.77
24-11-2025,KSA,YT,White Friday Blitz,SAR,525542.59,14128123.0,89028.0,346.0,998872.38
24-11-2025,KSA,Programmatic,Always-On Brand,SAR,190641.77,14247093.0,13716.0,26.0,70293.85
24-11-2025,KSA,Programmatic,White Friday Blitz,SAR,309055.72,23583867.0,19746.0,37.0,101423.5
24-11-2025,KSA,Television,Always-On Brand,SAR,592841.3,12593417.0,0.0,0.0,0.0
24-11-2025,KSA,tv,White Friday Blitz,SAR,427160.8,7975857.0,0.0,0.0,0.0
24-11-2025,KSA,Out of Home,Always-On Brand,SAR,97473.81,4928190.0,0.0,0.0,0.0
24-11-2025,KSA,OOH,White Friday Blitz,SAR,165719.95,8490644.0,0.0,0.0,0.0
24-11-2025,Egypt,Paid Search,Always-On Brand,EGP,2078705.4,1047599.0,59070.0,880.0,9315437.0
24-11-2025,Egypt,Paid Search,White Friday Blitz,EGP,1931951.82,990343.0,56954.0,835.0,8385580.0
24-11-2025,Egypt,Facebook/Instagram,Always-On Brand,EGP,3336319.7,8337315.0,85595.0,577.0,6215692.58
24-11-2025,Egypt  ,Meta,White Friday Blitz,EGP,1346761.94,3496684.0,35286.0,225.0,2322444.45
24-11-2025,Egypt,TikTok,Always-On Brand,EGP,1389532.11,5222255.0,71054.0,325.0,3506101.44
24-11-2025,Egypt  ,tiktok,White Friday Blitz,EGP,1230366.25,4258962.0,68929.0,321.0,3396249.06
24-11-2025,Egypt,youtube,Always-On Brand,EGP,1276967.74,2423055.0,16151.0,54.0,544383.63
24-11-2025,Egypt,youtube,White Friday Blitz,EGP,2187039.07,4106818.0,28794.0,104.0,1107087.07
24-11-2025,Egypt,Display,Always-On Brand,EGP,975204.73,5529739.0,5412.0,9.0,95400.06
24-11-2025,Egypt,Programmatic Display,White Friday Blitz,EGP,1370033.89,7814951.0,6608.0,12.0,133197.31
24-11-2025,Egypt,Television,Always-On Brand,EGP,2980997.2,4521559.0,0.0,0.0,0.0
24-11-2025,Egypt,tv,White Friday Blitz,EGP,1480991.47,2217226.0,0.0,0.0,0.0
24-11-2025,Egypt,ooh,Always-On Brand,EGP,429567.83,1590124.0,0.0,0.0,0.0
24-11-2025,Egypt,OOH,White Friday Blitz,EGP,679659.31,2405408.0,0.0,0.0,0.0
01-12-2025,UAE,Search,Always-On Brand,AED,116478.87,779774.0,53777.0,679.0,1706188.83
01-12-2025,UAE,PaidSearch,White Friday Blitz,AED,385788.46,2743159.0,191266.0,2394.0,6346344.24
01-12-2025,UAE,meta,Always-On Brand,AED,413404.72,12626298.0,150732.0,983.0,2615559.35
01-12-2025,UAE,Meta,White Friday Blitz,AED,62226.23,2190925.0,29281.0,176.0,472596.0
01-12-2025,UAE,Tik Tok,Always-On Brand,AED,112184.2,4984782.0,60025.0,273.0,702546.64
01-12-2025,UAE,tiktok,White Friday Blitz,AED,235051.73,10510149.0,136955.0,560.0,1451154.85
01-12-2025,UAE,youtube,Always-On Brand,AED,132131.44,3136287.0,23591.0,90.0,221635.22
01-12-2025,UAE,YouTube,White Friday Blitz,AED,283030.4,7188493.0,46756.0,173.0,464561.21
01-12-2025,UAE,Display,Always-On Brand,AED,171719.86,15023971.0,14841.0,26.0,70292.32
01-12-2025,UAE,Programmatic,White Friday Blitz,AED,89134.81,7116398.0,5960.0,9.0,22211.35
01-12-2025,UAE,TV,Always-On Brand,AED,273319.27,4874783.0,0.0,0.0,0.0
01-12-2025,UAE,TV,White Friday Blitz,AED,251269.97,5253414.0,0.0,0.0,0.0
01-12-2025,UAE,Out of Home,Always-On Brand,AED,64225.72,3147256.0,0.0,0.0,0.0
01-12-2025,UAE  ,OOH,White Friday Blitz,AED,46990.8,2433396.0,0.0,0.0,0.0
01-12-2025,KSA,Search,Always-On Brand,SAR,342969.74,2333266.0,117447.0,1360.0,3586566.32
01-12-2025,KSA,Paid Search,White Friday Blitz,SAR,290156.85,1646860.0,107866.0,1471.0,4170055.78
01-12-2025,KSA,meta,Always-On Brand,SAR,165986.08,4947296.0,67639.0,418.0,1193976.61
01-12-2025,KSA,META,White Friday Blitz,SAR,573714.13,17328109.0,172007.0,1150.0,3157686.49
01-12-2025,KSA,Tik Tok,Always-On Brand,SAR,144475.77,6458294.0,103893.0,485.0,1334128.97
01-12-2025,KSA,TikTok,White Friday Blitz,SAR,285802.51,13489309.0,175428.0,640.0,1754240.26
01-12-2025,KSA,youtube,Always-On Brand,SAR,450941.12,11423947.0,81937.0,222.0,619627.25
01-12-2025,KSA,youtube,White Friday Blitz,SAR,96469.39,2455088.0,17199.0,53.0,140609.88
01-12-2025,KSA,Display,Always-On Brand,SAR,243407.99,17700202.0,19374.0,38.0,105904.67
01-12-2025,KSA,Programmatic Display,White Friday Blitz,SAR,111962.8,9291100.0,9549.0,13.0,35935.93
01-12-2025,KSA,Television,Always-On Brand,SAR,276733.73,5442219.0,0.0,0.0,0.0
01-12-2025,KSA,Television,White Friday Blitz,SAR,414691.72,7298664.0,0.0,0.0,0.0
01-12-2025,KSA,OOH,Always-On Brand,SAR,47200.38,2066206.0,0.0,0.0,0.0
01-12-2025,KSA,OOH,White Friday Blitz,SAR,126065.32,6034600.0,0.0,0.0,0.0
01-12-2025,Egypt,paid_search,Always-On Brand,EGP,933740.19,506408.0,30861.0,475.0,4965424.44
01-12-2025,Egypt,Paid Search,White Friday Blitz,EGP,1536571.8,847190.0,48816.0,724.0,7260179.78
01-12-2025,Egypt,Facebook/Instagram,Always-On Brand,EGP,2332701.65,5667594.0,62246.0,448.0,4884191.53
01-12-2025,Egypt,Facebook/Instagram,White Friday Blitz,EGP,550905.38,1312805.0,17464.0,127.0,1364928.86
01-12-2025,Egypt,Tik Tok,Always-On Brand,EGP,756821.77,2469745.0,29728.0,142.0,1504720.1
01-12-2025,Egypt,TikTok,White Friday Blitz,EGP,937360.88,3097125.0,40776.0,160.0,1688741.55
01-12-2025,Egypt,youtube,Always-On Brand,EGP,709954.93,1489653.0,11279.0,39.0,427479.27
01-12-2025,Egypt,YT,White Friday Blitz,EGP,1488856.68,3243326.0,24273.0,76.0,776943.94
01-12-2025,Egypt,Programmatic,Always-On Brand,EGP,1019717.28,6064310.0,5028.0,8.0,86954.89
01-12-2025,Egypt,Programmatic Display,White Friday Blitz,EGP,414181.9,2614892.0,2049.0,4.0,43343.65
01-12-2025,Egypt  ,tv,Always-On Brand,EGP,2446876.18,3346139.0,0.0,0.0,0.0
01-12-2025,Egypt,tv,White Friday Blitz,EGP,641590.65,905530.0,0.0,0.0,0.0
01-12-2025,Egypt  ,Out of Home,Always-On Brand,EGP,548525.17,1925138.0,0.0,0.0,0.0
01-12-2025,Egypt,OOH,White Friday Blitz,EGP,205443.36,772895.0,0.0,0.0,0.0
08-12-2025,UAE,Search,Always-On Brand,AED,90375.83,578053.0,34760.0,483.0,1210048.0
08-12-2025,UAE  ,paid_search,White Friday Blitz,AED,200926.26,1209722.0,84491.0,1192.0,3235609.58
08-12-2025,UAE,Meta,Always-On Brand,AED,183156.51,5449778.0,69100.0,403.0,1063001.61
08-12-2025,UAE,Meta,White Friday Blitz,AED,135539.72,4554567.0,48824.0,288.0,711152.21
08-12-2025,UAE,tiktok,Always-On Brand,AED,177231.21,7604089.0,118013.0,369.0,1017733.49
08-12-2025,UAE,tiktok,White Friday Blitz,AED,21505.37,981365.0,13564.0,54.0,139199.42
08-12-2025,UAE,YT,Always-On Brand,AED,14542.32,355353.0,2263.0,8.0,21154.81
08-12-2025,UAE,youtube,White Friday Blitz,AED,230672.72,5216765.0,39548.0,124.0,314398.06
08-12-2025,UAE,Programmatic Display,Always-On Brand,AED,123181.68,9511616.0,8286.0,13.0,35352.75
08-12-2025,UAE,Programmatic Display,White Friday Blitz,AED,39009.46,3376427.0,2624.0,5.0,12349.44
08-12-2025,UAE,Television,Always-On Brand,AED,218816.24,4440942.0,0.0,0.0,0.0
08-12-2025,UAE,tv,White Friday Blitz,AED,119973.25,2412640.0,0.0,0.0,0.0
08-12-2025,UAE,OOH,Always-On Brand,AED,22120.1,1044894.0,0.0,0.0,0.0
08-12-2025,UAE,OOH,White Friday Blitz,AED,54898.45,2586981.0,0.0,0.0,0.0
08-12-2025,KSA,PaidSearch,Always-On Brand,SAR,195237.75,1356868.0,85963.0,1043.0,3002128.72
08-12-2025,KSA,PaidSearch,White Friday Blitz,SAR,205988.78,1201366.0,75798.0,1116.0,3131165.87
08-12-2025,KSA,META,Always-On Brand,SAR,214296.83,6617791.0,73769.0,426.0,1153355.29
08-12-2025,KSA,Meta,White Friday Blitz,SAR,240495.95,8016456.0,90840.0,558.0,1635579.86
08-12-2025,KSA,Tik Tok,Always-On Brand,SAR,105669.4,4865347.0,58441.0,160.0,460388.89
08-12-2025,KSA,Tik Tok,White Friday Blitz,SAR,181636.87,7657873.0,99956.0,432.0,1154253.3
08-12-2025,KSA,YouTube,Always-On Brand,SAR,88822.05,2126530.0,17391.0,53.0,145208.19
08-12-2025,KSA,youtube,White Friday Blitz,SAR,270902.02,6769224.0,50034.0,170.0,455212.69
08-12-2025,KSA,Programmatic Display,Always-On Brand,SAR,179433.6,13880530.0,14192.0,24.0,64744.51
08-12-2025,KSA,Display,White Friday Blitz,SAR,47649.52,3649674.0,3089.0,5.0,13879.99
08-12-2025,KSA,TV,Always-On Brand,SAR,161830.08,3185850.0,0.0,0.0,0.0
08-12-2025,KSA,TV,White Friday Blitz,SAR,280846.03,5213640.0,0.0,0.0,0.0
08-12-2025,KSA,OOH,Always-On Brand,SAR,82775.34,4239010.0,0.0,0.0,0.0
08-12-2025,KSA,OOH,White Friday Blitz,SAR,31919.55,1455304.0,0.0,0.0,0.0
08-12-2025,Egypt,Paid Search,Always-On Brand,EGP,991168.25,451073.0,25837.0,353.0,3599386.8
08-12-2025,Egypt,paid_search,White Friday Blitz,EGP,733639.44,395909.0,22002.0,289.0,3097762.46
08-12-2025,Egypt,meta,Always-On Brand,EGP,1067503.53,2650099.0,29463.0,211.0,2284349.03
08-12-2025,Egypt,Meta,White Friday Blitz,EGP,711634.64,2019606.0,18837.0,123.0,1221762.83
08-12-2025,Egypt,TikTok,Always-On Brand,EGP,771466.93,2697765.0,39663.0,185.0,2025524.82
08-12-2025,Egypt,tiktok,White Friday Blitz,EGP,345474.9,1152286.0,16250.0,79.0,836359.98
08-12-2025,Egypt  ,youtube,Always-On Brand,EGP,708028.56,1351954.0,9272.0,29.0,320760.31
08-12-2025,Egypt,YT,White Friday Blitz,EGP,628406.72,1164236.0,8763.0,29.0,291527.18
08-12-2025,Egypt,Programmatic,Always-On Brand,EGP,120284.18,803765.0,850.0,1.0,10391.37
08-12-2025,Egypt,Programmatic Display,White Friday Blitz,EGP,786425.8,4444319.0,4051.0,9.0,95876.42
08-12-2025,Egypt,tv,Always-On Brand,EGP,814963.51,1171429.0,0.0,0.0,0.0
08-12-2025,Egypt,Television,White Friday Blitz,EGP,1157249.94,1586258.0,0.0,0.0,0.0
08-12-2025,Egypt,OOH,Always-On Brand,EGP,429679.45,1601075.0,0.0,0.0,0.0
08-12-2025,Egypt,ooh,White Friday Blitz,EGP,83451.3,329651.0,0.0,0.0,0.0
15-12-2025,UAE,Paid Search,Always-On Brand,AED,218106.21,1425680.0,88591.0,1459.0,3800014.44
15-12-2025,UAE,PaidSearch,Year End Gifting,AED,227967.12,1521955.0,82934.0,934.0,2343232.02
15-12-2025,UAE,META,Always-On Brand,AED,421329.02,13724506.0,200605.0,1361.0,3577500.25
15-12-2025,UAE,meta,Year End Gifting,AED,55963.45,1717090.0,22135.0,145.0,380162.64
15-12-2025,UAE,TikTok,Always-On Brand,AED,96939.09,4426241.0,63524.0,280.0,742607.57
15-12-2025,UAE,Tik Tok,Year End Gifting,AED,205837.8,9461957.0,117789.0,549.0,1399541.8
15-12-2025,UAE,youtube,Always-On Brand,AED,53445.95,1242532.0,8519.0,20.0,54915.54
15-12-2025,UAE,YT,Year End Gifting,AED,269053.76,6874213.0,60061.0,172.0,424098.28
15-12-2025,UAE,Display,Always-On Brand,AED,79538.17,6136321.0,5801.0,11.0,27485.44
15-12-2025,UAE,Programmatic Display,Year End Gifting,AED,166605.17,13865625.0,9238.0,16.0,40886.99
15-12-2025,UAE,tv,Always-On Brand,AED,172703.97,3294536.0,0.0,0.0,0.0
15-12-2025,UAE,Television,Year End Gifting,AED,317227.22,6186989.0,0.0,0.0,0.0
15-12-2025,UAE,ooh,Always-On Brand,AED,48815.77,2493046.0,0.0,0.0,0.0
15-12-2025,UAE,Out of Home,Year End Gifting,AED,66242.73,3189147.0,0.0,0.0,0.0
15-12-2025,KSA,paid_search,Always-On Brand,SAR,296974.7,1855975.0,123847.0,1784.0,4672833.32
15-12-2025,KSA,paid_search,Year End Gifting,SAR,296525.47,2020869.0,138778.0,1682.0,4881874.46
15-12-2025,KSA,META,Always-On Brand,SAR,190973.55,6394548.0,69117.0,465.0,1276110.94
15-12-2025,KSA,meta,Year End Gifting,SAR,438989.22,13961141.0,179719.0,1392.0,3983922.03
15-12-2025,KSA,tiktok,Always-On Brand,SAR,367267.85,16447374.0,229231.0,1137.0,3112863.73
15-12-2025,KSA,Tik Tok,Year End Gifting,SAR,16260.0,631045.0,7428.0,34.0,89244.34
15-12-2025,KSA,YT,Always-On Brand,SAR,41235.12,1104191.0,7885.0,26.0,70062.18
15-12-2025,KSA,YouTube,Year End Gifting,SAR,442633.68,10921035.0,76046.0,196.0,519462.28
15-12-2025,KSA,Programmatic,Always-On Brand,SAR,127678.94,9905639.0,8276.0,17.0,45142.82
15-12-2025,KSA,Display,Year End Gifting,SAR,198583.55,16520951.0,15453.0,21.0,58492.16
15-12-2025,KSA,tv,Always-On Brand,SAR,523384.55,10388529.0,0.0,0.0,0.0
15-12-2025,KSA,TV,Year End Gifting,SAR,137452.5,2677995.0,0.0,0.0,0.0
15-12-2025,KSA,OOH,Always-On Brand,SAR,102004.09,5198517.0,0.0,0.0,0.0
15-12-2025,KSA,Out of Home,Year End Gifting,SAR,52466.85,2707586.0,0.0,0.0,0.0
15-12-2025,Egypt,PaidSearch,Always-On Brand,EGP,948974.43,453569.0,28356.0,377.0,3783247.9
15-12-2025,Egypt,Search,Year End Gifting,EGP,1501918.14,731072.0,39768.0,549.0,5844148.18
15-12-2025,Egypt,Meta,Always-On Brand,EGP,1091034.45,2634721.0,34040.0,184.0,1927031.62
15-12-2025,Egypt,Facebook/Instagram,Year End Gifting,EGP,1595085.82,4348356.0,53781.0,344.0,3516521.61
15-12-2025,Egypt,Tik Tok,Always-On Brand,EGP,335263.18,1035966.0,13768.0,53.0,543097.91
15-12-2025,Egypt,Tik Tok,Year End Gifting,EGP,1294152.72,4366329.0,64214.0,271.0,2957426.29
15-12-2025,Egypt,youtube,Always-On Brand,EGP,761961.16,1338274.0,10408.0,40.0,434672.7
15-12-2025,Egypt,youtube,Year End Gifting,EGP,1179852.51,2258660.0,14241.0,47.0,499243.96
15-12-2025,Egypt,Programmatic,Always-On Brand,EGP,408599.54,2566574.0,2366.0,4.0,39565.36
15-12-2025,Egypt,Programmatic,Year End Gifting,EGP,876919.23,5314836.0,4974.0,9.0,96141.99
15-12-2025,Egypt,Television,Always-On Brand,EGP,750845.97,1189939.0,0.0,0.0,0.0
15-12-2025,Egypt,tv,Year End Gifting,EGP,2040906.51,3059552.0,0.0,0.0,0.0
15-12-2025,Egypt,OOH,Always-On Brand,EGP,633820.63,2375627.0,0.0,0.0,0.0
15-12-2025,Egypt,ooh,Year End Gifting,EGP,25642.68,93355.0,0.0,0.0,0.0
22-12-2025,UAE,PaidSearch,Always-On Brand,AED,191317.56,1182525.0,83668.0,1136.0,2869437.75
22-12-2025,UAE,Search,Year End Gifting,AED,266923.23,1676148.0,117812.0,1541.0,4087751.01
22-12-2025,UAE,meta,Always-On Brand,AED,151215.22,4794848.0,45187.0,246.0,626177.51
22-12-2025,UAE,META,Year End Gifting,AED,325329.07,10150358.0,111538.0,737.0,1959285.87
22-12-2025,UAE,TikTok,Always-On Brand,AED,224198.39,9552084.0,135320.0,558.0,1407150.67
22-12-2025,UAE,TikTok,Year End Gifting,AED,79400.95,3283567.0,36704.0,135.0,338103.92
22-12-2025,UAE,YT,Always-On Brand,AED,181518.53,4230911.0,33967.0,108.0,284799.15
22-12-2025,UAE,youtube,Year End Gifting,AED,171698.72,4517844.0,32312.0,126.0,338882.18
22-12-2025,UAE,Programmatic Display,Always-On Brand,AED,85845.76,7073784.0,6552.0,12.0,32615.36
22-12-2025,UAE,Display,Year End Gifting,AED,153913.85,12360646.0,10275.0,18.0,44419.78
22-12-2025,UAE,Television,Always-On Brand,AED,443015.98,9256380.0,0.0,0.0,0.0
22-12-2025,UAE,tv,Year End Gifting,AED,51348.03,1050280.0,0.0,0.0,0.0
22-12-2025,UAE,Out of Home,Always-On Brand,AED,86132.91,4424188.0,0.0,0.0,0.0
22-12-2025,UAE,ooh,Year End Gifting,AED,34010.61,1833659.0,0.0,0.0,0.0
22-12-2025,KSA,Paid Search,Always-On Brand,SAR,377161.2,2575356.0,168619.0,2297.0,6730656.44
22-12-2025,KSA,Paid Search,Year End Gifting,SAR,192036.82,1177415.0,79403.0,1170.0,3302924.12
22-12-2025,KSA,meta,Always-On Brand,SAR,383232.29,12140841.0,136017.0,1010.0,2807213.36
22-12-2025,KSA,Facebook/Instagram,Year End Gifting,SAR,236914.71,6797043.0,74204.0,472.0,1334491.24
22-12-2025,KSA,tiktok,Always-On Brand,SAR,147218.62,6745020.0,90581.0,402.0,1164767.33
22-12-2025,KSA,Tik Tok,Year End Gifting,SAR,268008.45,13167736.0,177949.0,805.0,2217526.13
22-12-2025,KSA,YouTube,Always-On Brand,SAR,264521.3,6480612.0,42656.0,132.0,387892.45
22-12-2025,KSA,YouTube,Year End Gifting,SAR,206926.91,5296767.0,39071.0,134.0,381551.94
22-12-2025,KSA,Programmatic Display,Always-On Brand,SAR,97188.64,7568213.0,6068.0,9.0,26142.59
22-12-2025,KSA,Programmatic Display,Year End Gifting,SAR,220629.12,16938745.0,16266.0,32.0,85199.6
22-12-2025,KSA,Television,Always-On Brand,SAR,244477.18,4531242.0,0.0,0.0,0.0
22-12-2025,KSA,TV,Year End Gifting,SAR,342367.47,6683451.0,0.0,0.0,0.0
22-12-2025,KSA,ooh,Always-On Brand,SAR,106793.73,5597605.0,0.0,0.0,0.0
22-12-2025,KSA,ooh,Year End Gifting,SAR,59650.56,2678922.0,0.0,0.0,0.0
22-12-2025,Egypt,Search,Always-On Brand,EGP,431846.52,201670.0,12852.0,191.0,2060281.16
22-12-2025,Egypt,PaidSearch,Year End Gifting,EGP,1865775.48,858990.0,59865.0,883.0,9119244.13
22-12-2025,Egypt,Meta,Always-On Brand,EGP,1624019.95,3836791.0,46946.0,329.0,3570437.17
22-12-2025,Egypt  ,META,Year End Gifting,EGP,1196463.65,2991660.0,35063.0,246.0,2653268.91
22-12-2025,Egypt,TikTok,Always-On Brand,EGP,741745.69,2499872.0,29931.0,98.0,1038211.43
22-12-2025,Egypt,tiktok,Year End Gifting,EGP,751316.66,2170265.0,26716.0,121.0,1257827.26
22-12-2025,Egypt,YT,Always-On Brand,EGP,497739.58,906937.0,7212.0,23.0,241215.15
22-12-2025,Egypt  ,YouTube,Year End Gifting,EGP,1431266.23,2719176.0,20140.0,71.0,741582.23
22-12-2025,Egypt,Programmatic Display,Always-On Brand,EGP,561187.26,3752829.0,3807.0,7.0,75349.29
22-12-2025,Egypt,Display,Year End Gifting,EGP,797549.28,5208489.0,4097.0,7.0,76200.28
22-12-2025,Egypt,TV,Always-On Brand,EGP,791366.99,1152216.0,0.0,0.0,0.0
22-12-2025,Egypt,tv,Year End Gifting,EGP,1934311.87,2711768.0,0.0,0.0,0.0
22-12-2025,Egypt,ooh,Always-On Brand,EGP,146408.35,550465.0,0.0,0.0,0.0
22-12-2025,Egypt,ooh,Year End Gifting,EGP,494645.08,1917899.0,0.0,0.0,0.0
29-12-2025,UAE,Search,Always-On Brand,AED,69508.94,407659.0,25198.0,384.0,960709.8
29-12-2025,UAE,paid_search,Year End Gifting,AED,321906.65,2373882.0,141090.0,1953.0,5363332.53
29-12-2025,UAE,Meta,Always-On Brand,AED,78594.92,2255141.0,26345.0,173.0,469569.59
29-12-2025,UAE,meta,Year End Gifting,AED,402063.14,11969118.0,141446.0,824.0,2044020.62
29-12-2025,UAE  ,Tik Tok,Always-On Brand,AED,116480.01,4849037.0,64662.0,302.0,828115.35
29-12-2025,UAE,tiktok,Year End Gifting,AED,177971.92,8160793.0,110081.0,474.0,1243249.37
29-12-2025,UAE,YT,Always-On Brand,AED,258926.54,6518443.0,43794.0,148.0,391500.11
29-12-2025,UAE,YouTube,Year End Gifting,AED,133410.26,3399815.0,22212.0,67.0,167355.04
29-12-2025,UAE,Programmatic Display,Always-On Brand,AED,107608.51,8342832.0,8866.0,15.0,38826.57
29-12-2025,UAE,Programmatic,Year End Gifting,AED,118413.85,8675015.0,6945.0,13.0,32005.9
29-12-2025,UAE  ,TV,Always-On Brand,AED,312033.03,6514580.0,0.0,0.0,0.0
29-12-2025,UAE,TV,Year End Gifting,AED,176764.29,3639727.0,0.0,0.0,0.0
29-12-2025,UAE,OOH,Always-On Brand,AED,67724.98,3259779.0,0.0,0.0,0.0
29-12-2025,UAE,ooh,Year End Gifting,AED,42714.81,2084532.0,0.0,0.0,0.0
29-12-2025,KSA,paid_search,Always-On Brand,SAR,266892.13,1571789.0,101502.0,1387.0,3948506.6
29-12-2025,KSA,Paid Search,Year End Gifting,SAR,281462.34,1860062.0,107682.0,1299.0,3640235.38
29-12-2025,KSA,Facebook/Instagram,Always-On Brand,SAR,313830.35,8715620.0,107709.0,693.0,1971042.41
29-12-2025,KSA,Facebook/Instagram,Year End Gifting,SAR,295285.67,9427728.0,92632.0,547.0,1510042.19
29-12-2025,KSA,TikTok,Always-On Brand,SAR,211325.94,8496483.0,106468.0,449.0,1259660.39
29-12-2025,KSA,TikTok,Year End Gifting,SAR,165848.36,7383219.0,104149.0,374.0,1050338.46
29-12-2025,KSA,youtube,Always-On Brand,SAR,171214.93,4367829.0,31174.0,93.0,264088.18
29-12-2025,KSA,YT,Year End Gifting,SAR,297085.12,7389607.0,54892.0,193.0,506924.62
29-12-2025,KSA,Programmatic Display,Always-On Brand,SAR,138715.47,11119241.0,10859.0,16.0,43079.38
29-12-2025,KSA,Programmatic,Year End Gifting,SAR,187145.6,15123308.0,12719.0,22.0,63014.96
29-12-2025,KSA,Television,Always-On Brand,SAR,421458.25,8684608.0,0.0,0.0,0.0
29-12-2025,KSA,TV,Year End Gifting,SAR,190156.0,3617812.0,0.0,0.0,0.0
29-12-2025,KSA,Out of Home,Always-On Brand,SAR,65962.34,3467814.0,0.0,0.0,0.0
29-12-2025,KSA,ooh,Year End Gifting,SAR,91924.28,4490406.0,0.0,0.0,0.0
29-12-2025,Egypt,Paid Search,Always-On Brand,EGP,1725052.97,841474.0,44034.0,696.0,7558840.17
29-12-2025,Egypt,Paid Search,Year End Gifting,EGP,677027.24,361506.0,23122.0,340.0,3665882.29
29-12-2025,Egypt,Facebook/Instagram,Always-On Brand,EGP,988559.23,2380406.0,26280.0,147.0,1483099.78
29-12-2025,Egypt,meta,Year End Gifting,EGP,1490809.09,3431426.0,35434.0,216.0,2230963.93
29-12-2025,Egypt,Tik Tok,Always-On Brand,EGP,830717.84,3010629.0,33793.0,163.0,1659420.26
29-12-2025,Egypt,Tik Tok,Year End Gifting,EGP,678358.78,2126822.0,28466.0,150.0,1564300.75
29-12-2025,Egypt,YouTube,Always-On Brand,EGP,1348064.21,2431999.0,15242.0,59.0,644757.01
29-12-2025,Egypt,youtube,Year End Gifting,EGP,497864.02,1020723.0,6919.0,25.0,271008.75
29-12-2025,Egypt,Programmatic,Always-On Brand,EGP,1042777.99,6672213.0,6302.0,9.0,92753.76
29-12-2025,Egypt,Programmatic Display,Year End Gifting,EGP,213474.5,1441706.0,1388.0,3.0,33218.97
29-12-2025,Egypt,tv,Always-On Brand,EGP,1901286.21,2482654.0,0.0,0.0,0.0
29-12-2025,Egypt,Television,Year End Gifting,EGP,622831.75,938857.0,0.0,0.0,0.0
29-12-2025,Egypt,Out of Home,Always-On Brand,EGP,312559.97,1157978.0,0.0,0.0,0.0
29-12-2025,Egypt,Out of Home,Year End Gifting,EGP,287206.55,1019761.0,0.0,0.0,0.0
05-01-2026,UAE,Search,Always-On Brand,AED,221297.35,1333944.0,88013.0,1416.0,3895708.07
05-01-2026,UAE,paid_search,Year End Gifting,AED,40223.27,250499.0,16915.0,273.0,715712.09
05-01-2026,UAE,meta,Always-On Brand,AED,52153.71,1696131.0,20087.0,131.0,335718.91
05-01-2026,UAE,Facebook/Instagram,Year End Gifting,AED,265384.81,8698905.0,104780.0,755.0,1862811.23
05-01-2026,UAE,tiktok,Always-On Brand,AED,160013.1,6490918.0,85119.0,350.0,942048.06
05-01-2026,UAE,TikTok,Year End Gifting,AED,21500.51,885519.0,10679.0,47.0,116268.89
05-01-2026,UAE,YT,Always-On Brand,AED,79386.71,1784118.0,11308.0,34.0,89816.96
05-01-2026,UAE,YouTube,Year End Gifting,AED,171118.75,4317518.0,32235.0,119.0,295521.15
05-01-2026,UAE,Programmatic Display,Always-On Brand,AED,123587.5,10353289.0,10269.0,17.0,43622.64
05-01-2026,UAE,Programmatic Display,Year End Gifting,AED,38538.95,3091219.0,3121.0,5.0,13465.49
05-01-2026,UAE,tv,Always-On Brand,AED,65636.34,1418051.0,0.0,0.0,0.0
05-01-2026,UAE,TV,Year End Gifting,AED,262169.1,5192604.0,0.0,0.0,0.0
05-01-2026,UAE,ooh,Always-On Brand,AED,49538.04,2585442.0,0.0,0.0,0.0
05-01-2026,UAE  ,OOH,Year End Gifting,AED,32688.38,1818789.0,0.0,0.0,0.0
05-01-2026,KSA,paid_search,Always-On Brand,SAR,339745.7,1961834.0,122034.0,1807.0,5106222.79
05-01-2026,KSA  ,Search,Year End Gifting,SAR,32573.93,184065.0,11525.0,181.0,494411.46
05-01-2026,KSA,Meta,Always-On Brand,SAR,302528.41,10239897.0,135094.0,913.0,2640808.45
05-01-2026,KSA,Meta,Year End Gifting,SAR,175274.38,6683719.0,91330.0,588.0,1659757.46
05-01-2026,KSA,Tik Tok,Always-On Brand,SAR,167741.53,6904854.0,110592.0,452.0,1200633.69
05-01-2026,KSA,Tik Tok,Year End Gifting,SAR,78244.65,3527393.0,49512.0,175.0,511651.43
05-01-2026,KSA,YT,Always-On Brand,SAR,232506.2,5819881.0,40389.0,133.0,388036.05
05-01-2026,KSA,YouTube,Year End Gifting,SAR,69245.07,1746992.0,13441.0,42.0,117196.66
05-01-2026,KSA,Display,Always-On Brand,SAR,99095.57,7548454.0,8257.0,16.0,42451.82
05-01-2026,KSA,Programmatic Display,Year End Gifting,SAR,127434.52,10069970.0,9661.0,20.0,54357.94
05-01-2026,KSA,tv,Always-On Brand,SAR,247730.79,4756413.0,0.0,0.0,0.0
05-01-2026,KSA,tv,Year End Gifting,SAR,191118.25,3749255.0,0.0,0.0,0.0
05-01-2026,KSA,OOH,Always-On Brand,SAR,86197.12,4172736.0,0.0,0.0,0.0
05-01-2026,KSA,Out of Home,Year End Gifting,SAR,30108.08,1492618.0,0.0,0.0,0.0
05-01-2026,Egypt,Search,Always-On Brand,EGP,418069.95,212947.0,13476.0,150.0,1640480.62
05-01-2026,Egypt  ,PaidSearch,Year End Gifting,EGP,1301724.59,571588.0,31431.0,413.0,4237765.85
05-01-2026,Egypt,meta,Always-On Brand,EGP,988310.41,2436559.0,28121.0,170.0,1767908.97
05-01-2026,Egypt,META,Year End Gifting,EGP,857529.2,2082674.0,25380.0,163.0,1710991.35
05-01-2026,Egypt,Tik Tok,Always-On Brand,EGP,187578.94,688103.0,8618.0,32.0,322343.22
05-01-2026,Egypt  ,tiktok,Year End Gifting,EGP,732463.9,2665163.0,43080.0,187.0,2013978.18
05-01-2026,Egypt,YT,Always-On Brand,EGP,518212.05,977116.0,7403.0,33.0,343787.3
05-01-2026,Egypt,YT,Year End Gifting,EGP,769693.67,1628109.0,11161.0,33.0,358194.78
05-01-2026,Egypt,Programmatic,Always-On Brand,EGP,521104.29,2826750.0,2496.0,4.0,41876.89
05-01-2026,Egypt,Display,Year End Gifting,EGP,284484.62,1772812.0,1694.0,2.0,21525.92
05-01-2026,Egypt,Television,Always-On Brand,EGP,840157.55,1254083.0,0.0,0.0,0.0
05-01-2026,Egypt,tv,Year End Gifting,EGP,809076.01,1184081.0,0.0,0.0,0.0
05-01-2026,Egypt,Out of Home,Always-On Brand,EGP,250481.81,936322.0,0.0,0.0,0.0
05-01-2026,Egypt,Out of Home,Year End Gifting,EGP,185641.29,781222.0,0.0,0.0,0.0
12-01-2026,UAE,paid_search,Always-On Brand,AED,113717.19,765681.0,52997.0,613.0,1678732.7
12-01-2026,UAE,Search,New Year Upgrade,AED,156073.78,1025339.0,58174.0,590.0,1613983.9
12-01-2026,UAE,Facebook/Instagram,Always-On Brand,AED,139040.85,5205777.0,63425.0,352.0,869393.0
12-01-2026,UAE,meta,New Year Upgrade,AED,186488.72,5498439.0,63408.0,412.0,1074345.23
12-01-2026,UAE,tiktok,Always-On Brand,AED,62557.79,2934969.0,42010.0,207.0,528024.25
12-01-2026,UAE,tiktok,New Year Upgrade,AED,128285.49,5359817.0,74160.0,323.0,891840.17
12-01-2026,UAE,YT,Always-On Brand,AED,165614.31,3700639.0,28562.0,86.0,237499.1
12-01-2026,UAE,YouTube,New Year Upgrade,AED,78209.91,2035658.0,14902.0,42.0,105290.66
12-01-2026,UAE,Programmatic,Always-On Brand,AED,36032.25,3213760.0,2994.0,5.0,13580.96
12-01-2026,UAE,Programmatic,New Year Upgrade,AED,119161.04,9245748.0,9792.0,14.0,34609.12
12-01-2026,UAE,Television,Always-On Brand,AED,100732.96,1867683.0,0.0,0.0,0.0
12-01-2026,UAE,Television,New Year Upgrade,AED,223285.42,4299643.0,0.0,0.0,0.0
12-01-2026,UAE,ooh,Always-On Brand,AED,53716.27,2993066.0,0.0,0.0,0.0
12-01-2026,UAE,OOH,New Year Upgrade,AED,28795.63,1343926.0,0.0,0.0,0.0
12-01-2026,KSA,Paid Search,Always-On Brand,SAR,161960.98,920931.0,61900.0,783.0,2267669.16
12-01-2026,KSA,paid_search,New Year Upgrade,SAR,245981.06,1520617.0,105025.0,1687.0,4813613.8
12-01-2026,KSA,Facebook/Instagram,Always-On Brand,SAR,182061.89,5955245.0,73207.0,401.0,1102358.9
12-01-2026,KSA,Facebook/Instagram,New Year Upgrade,SAR,267004.4,8424300.0,94394.0,571.0,1619985.6
12-01-2026,KSA,Tik Tok,Always-On Brand,SAR,211208.21,8766627.0,123506.0,474.0,1350317.62
12-01-2026,KSA,tiktok,New Year Upgrade,SAR,56247.19,2906360.0,41971.0,202.0,539908.98
12-01-2026,KSA,YT,Always-On Brand,SAR,158666.81,4024442.0,30055.0,100.0,284130.47
12-01-2026,KSA,youtube,New Year Upgrade,SAR,161288.71,3862989.0,26586.0,80.0,219075.42
12-01-2026,KSA,Display,Always-On Brand,SAR,136101.66,10838476.0,9593.0,15.0,41537.5
12-01-2026,KSA,Programmatic Display,New Year Upgrade,SAR,74823.21,6057536.0,6153.0,11.0,29503.7
12-01-2026,KSA  ,TV,Always-On Brand,SAR,343292.29,6538640.0,0.0,0.0,0.0
12-01-2026,KSA,Television,New Year Upgrade,SAR,96343.19,1995016.0,0.0,0.0,0.0
12-01-2026,KSA,ooh,Always-On Brand,SAR,95618.98,4768280.0,0.0,0.0,0.0
12-01-2026,KSA,OOH,New Year Upgrade,SAR,15383.19,778232.0,0.0,0.0,0.0
12-01-2026,Egypt  ,PaidSearch,Always-On Brand,EGP,476454.74,228865.0,15072.0,232.0,2418634.77
12-01-2026,Egypt,paid_search,New Year Upgrade,EGP,1084022.34,499420.0,26295.0,355.0,3902098.11
12-01-2026,Egypt,META,Always-On Brand,EGP,1422958.62,3493250.0,40588.0,234.0,2528524.69
12-01-2026,Egypt,Facebook/Instagram,New Year Upgrade,EGP,403338.01,930028.0,11851.0,92.0,999446.75
12-01-2026,Egypt,Tik Tok,Always-On Brand,EGP,836208.66,2658208.0,41109.0,142.0,1522702.18
12-01-2026,Egypt,Tik Tok,New Year Upgrade,EGP,165376.84,607349.0,8241.0,31.0,314829.44
12-01-2026,Egypt,youtube,Always-On Brand,EGP,111468.29,195902.0,1419.0,4.0,42981.3
12-01-2026,Egypt,youtube,New Year Upgrade,EGP,1155959.33,2270367.0,16642.0,59.0,621710.63
12-01-2026,Egypt,Display,Always-On Brand,EGP,557256.77,3336067.0,2681.0,4.0,43570.22
12-01-2026,Egypt,Display,New Year Upgrade,EGP,399328.56,2554286.0,2007.0,4.0,40649.45
12-01-2026,Egypt,tv,Always-On Brand,EGP,643137.86,876926.0,0.0,0.0,0.0
12-01-2026,Egypt,tv,New Year Upgrade,EGP,1157340.12,1752322.0,0.0,0.0,0.0
12-01-2026,Egypt,OOH,Always-On Brand,EGP,137003.08,495278.0,0.0,0.0,0.0
12-01-2026,Egypt  ,ooh,New Year Upgrade,EGP,263567.9,1022867.0,0.0,0.0,0.0
19-01-2026,UAE,PaidSearch,Always-On Brand,AED,120059.78,860517.0,52114.0,740.0,1841771.15
19-01-2026,UAE  ,Paid Search,New Year Upgrade,AED,46733.52,277712.0,16862.0,269.0,712042.22
19-01-2026,UAE,META,Always-On Brand,AED,61446.67,1905501.0,21826.0,156.0,416800.4
19-01-2026,UAE,meta,New Year Upgrade,AED,137450.98,4455371.0,49856.0,320.0,860909.55
19-01-2026,UAE,Tik Tok,Always-On Brand,AED,34771.91,1608106.0,21828.0,115.0,298812.54
19-01-2026,UAE,tiktok,New Year Upgrade,AED,82855.12,3424896.0,51369.0,222.0,566625.2
19-01-2026,UAE,youtube,Always-On Brand,AED,92689.61,2297737.0,16222.0,51.0,140488.82
19-01-2026,UAE,YT,New Year Upgrade,AED,73210.68,1830794.0,14460.0,43.0,108808.63
19-01-2026,UAE,Programmatic Display,Always-On Brand,AED,68760.5,5261723.0,4640.0,9.0,23533.41
19-01-2026,UAE,Display,New Year Upgrade,AED,22775.87,1815337.0,1634.0,3.0,8016.97
19-01-2026,UAE,TV,Always-On Brand,AED,25389.14,511476.0,0.0,0.0,0.0
19-01-2026,UAE,TV,New Year Upgrade,AED,93733.76,1821018.0,0.0,0.0,0.0
19-01-2026,UAE,ooh,Always-On Brand,AED,6974.63,360666.0,0.0,0.0,0.0
19-01-2026,UAE,Out of Home,New Year Upgrade,AED,19900.69,1011259.0,0.0,0.0,0.0
19-01-2026,KSA,Search,Always-On Brand,SAR,122944.92,741546.0,42091.0,650.0,1782560.55
19-01-2026,KSA,Paid Search,New Year Upgrade,SAR,120298.35,820359.0,44118.0,545.0,1563275.26
19-01-2026,KSA,META,Always-On Brand,SAR,77279.6,2537792.0,28498.0,178.0,486725.46
19-01-2026,KSA,Meta,New Year Upgrade,SAR,181221.49,5356975.0,58544.0,355.0,935534.12
19-01-2026,KSA,tiktok,Always-On Brand,SAR,124497.08,4840677.0,72537.0,270.0,764162.02
19-01-2026,KSA,tiktok,New Year Upgrade,SAR,46574.29,2232677.0,33052.0,154.0,418045.07
19-01-2026,KSA,YouTube,Always-On Brand,SAR,165604.81,3730510.0,27174.0,87.0,239941.14
19-01-2026,KSA,YT,New Year Upgrade,SAR,21554.75,536934.0,3346.0,11.0,30324.87
19-01-2026,KSA,Programmatic Display,Always-On Brand,SAR,106189.07,8598483.0,8249.0,12.0,32468.15
19-01-2026,KSA,Display,New Year Upgrade,SAR,21307.73,1664227.0,1426.0,3.0,8510.9
19-01-2026,KSA,tv,Always-On Brand,SAR,122751.17,2323340.0,0.0,0.0,0.0
19-01-2026,KSA,tv,New Year Upgrade,SAR,20706.36,365070.0,0.0,0.0,0.0
19-01-2026,KSA,OOH,Always-On Brand,SAR,20373.69,977852.0,0.0,0.0,0.0
19-01-2026,KSA,Out of Home,New Year Upgrade,SAR,18797.48,830016.0,0.0,0.0,0.0
19-01-2026,Egypt,Paid Search,Always-On Brand,EGP,769750.49,380346.0,27343.0,445.0,4766089.84
19-01-2026,Egypt,paid_search,New Year Upgrade,EGP,223441.84,101458.0,4935.0,64.0,643413.02
19-01-2026,Egypt,meta,Always-On Brand,EGP,438900.08,1079897.0,11693.0,75.0,781563.24
19-01-2026,Egypt,Meta,New Year Upgrade,EGP,628407.14,1534771.0,16710.0,108.0,1083768.1
19-01-2026,Egypt,TikTok,Always-On Brand,EGP,280930.9,986993.0,12581.0,49.0,526093.4
19-01-2026,Egypt,Tik Tok,New Year Upgrade,EGP,378188.34,1343837.0,19271.0,89.0,934631.72
19-01-2026,Egypt,YT,Always-On Brand,EGP,261023.21,495096.0,3429.0,10.0,104242.56
19-01-2026,Egypt,YouTube,New Year Upgrade,EGP,572474.16,1123436.0,8191.0,24.0,257670.1
19-01-2026,Egypt,Programmatic,Always-On Brand,EGP,189864.09,1140753.0,966.0,1.0,10998.34
19-01-2026,Egypt,Programmatic,New Year Upgrade,EGP,369212.0,2211795.0,1867.0,3.0,31645.14
19-01-2026,Egypt,TV,Always-On Brand,EGP,332613.63,545647.0,0.0,0.0,0.0
19-01-2026,Egypt,tv,New Year Upgrade,EGP,304146.02,460109.0,0.0,0.0,0.0
19-01-2026,Egypt,Out of Home,Always-On Brand,EGP,114657.97,424769.0,0.0,0.0,0.0
19-01-2026,Egypt,OOH,New Year Upgrade,EGP,39697.6,149374.0,0.0,0.0,0.0
26-01-2026,UAE,Paid Search,Always-On Brand,AED,60724.27,371705.0,23246.0,306.0,832246.68
26-01-2026,UAE,PaidSearch,New Year Upgrade,AED,115727.56,727046.0,49217.0,642.0,1684921.26
26-01-2026,UAE,meta,Always-On Brand,AED,70836.7,2343282.0,31426.0,211.0,549635.85
26-01-2026,UAE,Meta,New Year Upgrade,AED,113555.8,3642027.0,48451.0,293.0,780435.9
26-01-2026,UAE,TikTok,Always-On Brand,AED,40442.0,1960623.0,26219.0,125.0,313235.18
26-01-2026,UAE,tiktok,New Year Upgrade,AED,76091.63,3155213.0,44766.0,217.0,594546.66
26-01-2026,UAE,youtube,Always-On Brand,AED,54568.07,1434421.0,10728.0,35.0,89711.71
26-01-2026,UAE,YT,New Year Upgrade,AED,76028.14,1971817.0,13008.0,43.0,108818.54
26-01-2026,UAE,Programmatic Display,Always-On Brand,AED,73279.58,5802453.0,5974.0,12.0,30403.66
26-01-2026,UAE,Programmatic Display,New Year Upgrade,AED,17658.58,1487633.0,1417.0,2.0,5462.97
26-01-2026,UAE,TV,Always-On Brand,AED,93711.42,1846509.0,0.0,0.0,0.0
26-01-2026,UAE,Television,New Year Upgrade,AED,9544.13,170826.0,0.0,0.0,0.0
26-01-2026,UAE,OOH,Always-On Brand,AED,14172.67,720912.0,0.0,0.0,0.0
26-01-2026,UAE,OOH,New Year Upgrade,AED,13555.91,727544.0,0.0,0.0,0.0
26-01-2026,KSA,paid_search,Always-On Brand,SAR,130159.13,815265.0,55306.0,820.0,2196830.86
26-01-2026,KSA,paid_search,New Year Upgrade,SAR,94541.97,665573.0,38330.0,574.0,1528297.19
26-01-2026,KSA  ,Meta,Always-On Brand,SAR,139412.26,4459050.0,56079.0,322.0,941473.15
26-01-2026,KSA,META,New Year Upgrade,SAR,117290.07,3605863.0,45955.0,337.0,991355.31
26-01-2026,KSA,TikTok,Always-On Brand,SAR,35439.33,1448961.0,21526.0,89.0,244932.39
26-01-2026,KSA,TikTok,New Year Upgrade,SAR,112727.14,4472470.0,67912.0,268.0,714564.57
26-01-2026,KSA,youtube,Always-On Brand,SAR,190980.23,4868533.0,37135.0,114.0,326036.73
26-01-2026,KSA,youtube,New Year Upgrade,SAR,10266.21,277868.0,2113.0,6.0,17517.54
26-01-2026,KSA,Programmatic,Always-On Brand,SAR,51361.55,4184445.0,3608.0,5.0,13183.4
26-01-2026,KSA,Programmatic Display,New Year Upgrade,SAR,74581.05,5681010.0,5036.0,9.0,24123.21
26-01-2026,KSA,Television,Always-On Brand,SAR,29251.37,590486.0,0.0,0.0,0.0
26-01-2026,KSA,Television,New Year Upgrade,SAR,106419.91,2234851.0,0.0,0.0,0.0
26-01-2026,KSA,OOH,Always-On Brand,SAR,12410.39,563483.0,0.0,0.0,0.0
26-01-2026,KSA,ooh,New Year Upgrade,SAR,25853.01,1337920.0,0.0,0.0,0.0
26-01-2026,Egypt,Search,Always-On Brand,EGP,325912.85,155379.0,9694.0,138.0,1517038.69
26-01-2026,Egypt,paid_search,New Year Upgrade,EGP,631749.23,320565.0,19131.0,258.0,2705084.85
26-01-2026,Egypt,Facebook/Instagram,Always-On Brand,EGP,275445.73,650332.0,8187.0,47.0,500925.42
26-01-2026,Egypt,Meta,New Year Upgrade,EGP,744087.16,2094912.0,22487.0,152.0,1524163.3
26-01-2026,Egypt,Tik Tok,Always-On Brand,EGP,414303.12,1374702.0,15755.0,76.0,819949.8
26-01-2026,Egypt,tiktok,New Year Upgrade,EGP,238575.3,776899.0,9941.0,47.0,520087.24
26-01-2026,Egypt,YouTube,Always-On Brand,EGP,540680.92,1040350.0,7429.0,29.0,288185.63
26-01-2026,Egypt,YouTube,New Year Upgrade,EGP,276093.3,541429.0,4536.0,18.0,186984.87
26-01-2026,Egypt,Programmatic,Always-On Brand,EGP,276704.97,1602218.0,1604.0,3.0,32400.79
26-01-2026,Egypt,Programmatic Display,New Year Upgrade,EGP,270192.71,1819019.0,1513.0,3.0,33078.5
26-01-2026,Egypt,Television,Always-On Brand,EGP,244144.64,364279.0,0.0,0.0,0.0
26-01-2026,Egypt,Television,New Year Upgrade,EGP,400652.2,632826.0,0.0,0.0,0.0
26-01-2026,Egypt,OOH,Always-On Brand,EGP,46136.68,188005.0,0.0,0.0,0.0
26-01-2026,Egypt,Out of Home,New Year Upgrade,EGP,100426.97,359973.0,0.0,0.0,0.0
02-02-2026,UAE  ,Paid Search,Always-On Brand,AED,148673.39,920758.0,55825.0,913.0,2297122.86
02-02-2026,UAE,paid_search,New Year Upgrade,AED,26815.4,169621.0,12010.0,137.0,354120.88
02-02-2026,UAE,Facebook/Instagram,Always-On Brand,AED,163037.66,5799338.0,69009.0,385.0,1004686.19
02-02-2026,UAE,META,New Year Upgrade,AED,21279.87,709754.0,7915.0,54.0,147645.98
02-02-2026,UAE,Tik Tok,Always-On Brand,AED,56672.98,2483935.0,33436.0,153.0,407923.8
02-02-2026,UAE,tiktok,New Year Upgrade,AED,47261.63,2281558.0,33540.0,155.0,418657.48
02-02-2026,UAE,YT,Always-On Brand,AED,134779.27,3322301.0,24549.0,78.0,202792.16
02-02-2026,UAE,youtube,New Year Upgrade,AED,21928.73,572281.0,4345.0,15.0,37224.36
02-02-2026,UAE  ,Programmatic,Always-On Brand,AED,83835.76,6572737.0,5626.0,9.0,24730.65
02-02-2026,UAE,Programmatic,New Year Upgrade,AED,16823.5,1268282.0,1416.0,3.0,8128.15
02-02-2026,UAE,Television,Always-On Brand,AED,82260.45,1558189.0,0.0,0.0,0.0
02-02-2026,UAE,tv,New Year Upgrade,AED,22696.36,437932.0,0.0,0.0,0.0
02-02-2026,UAE,ooh,Always-On Brand,AED,7506.03,369302.0,0.0,0.0,0.0
02-02-2026,UAE,ooh,New Year Upgrade,AED,17843.7,966470.0,0.0,0.0,0.0
02-02-2026,KSA,PaidSearch,Always-On Brand,SAR,150916.31,836790.0,60515.0,890.0,2356141.42
02-02-2026,KSA,Search,New Year Upgrade,SAR,92055.2,596793.0,40784.0,537.0,1550358.34
02-02-2026,KSA,META,Always-On Brand,SAR,96071.35,3095502.0,32071.0,201.0,580289.88
02-02-2026,KSA,META,New Year Upgrade,SAR,171865.08,5507745.0,68467.0,375.0,996783.7
02-02-2026,KSA,Tik Tok,Always-On Brand,SAR,62945.02,2518884.0,30184.0,132.0,374974.63
02-02-2026,KSA,tiktok,New Year Upgrade,SAR,80011.46,3718871.0,44571.0,181.0,491347.82
02-02-2026,KSA,YT,Always-On Brand,SAR,117285.7,2577644.0,19551.0,62.0,177292.76
02-02-2026,KSA,YT,New Year Upgrade,SAR,68347.0,1691322.0,9603.0,34.0,95423.6
02-02-2026,KSA,Display,Always-On Brand,SAR,40741.41,3030759.0,2668.0,5.0,13549.61
02-02-2026,KSA,Display,New Year Upgrade,SAR,89398.24,7141487.0,5725.0,11.0,30718.57
02-02-2026,KSA,Television,Always-On Brand,SAR,89601.54,1847711.0,0.0,0.0,0.0
02-02-2026,KSA,tv,New Year Upgrade,SAR,59618.49,1196825.0,0.0,0.0,0.0
02-02-2026,KSA,Out of Home,Always-On Brand,SAR,18165.68,762777.0,0.0,0.0,0.0
02-02-2026,KSA,Out of Home,New Year Upgrade,SAR,14961.49,718166.0,0.0,0.0,0.0
02-02-2026,Egypt,Search,Always-On Brand,EGP,517353.37,256209.0,19072.0,229.0,2335121.06
02-02-2026,Egypt,Paid Search,New Year Upgrade,EGP,410330.09,184404.0,12322.0,202.0,2102244.53
02-02-2026,Egypt,Meta,Always-On Brand,EGP,369871.37,879087.0,9188.0,63.0,696050.28
02-02-2026,Egypt,Facebook/Instagram,New Year Upgrade,EGP,698163.02,1744031.0,21707.0,136.0,1404317.91
02-02-2026,Egypt,tiktok,Always-On Brand,EGP,368068.05,1212366.0,15146.0,57.0,597150.1
02-02-2026,Egypt  ,Tik Tok,New Year Upgrade,EGP,239137.09,801084.0,9996.0,34.0,344207.27
02-02-2026,Egypt,youtube,Always-On Brand,EGP,402205.95,765230.0,5805.0,18.0,181373.74
02-02-2026,Egypt,youtube,New Year Upgrade,EGP,351029.97,768556.0,5114.0,16.0,171179.06
02-02-2026,Egypt,Programmatic,Always-On Brand,EGP,183488.66,1217594.0,966.0,1.0,10302.75
02-02-2026,Egypt,Display,New Year Upgrade,EGP,313644.56,2000576.0,1949.0,3.0,29724.72
02-02-2026,Egypt,Television,Always-On Brand,EGP,56016.52,89336.0,0.0,0.0,0.0
02-02-2026,Egypt  ,Television,New Year Upgrade,EGP,591294.46,941684.0,0.0,0.0,0.0
02-02-2026,Egypt,ooh,Always-On Brand,EGP,25324.72,94865.0,0.0,0.0,0.0
02-02-2026,Egypt,ooh,New Year Upgrade,EGP,120449.42,453468.0,0.0,0.0,0.0
09-02-2026,UAE,Search,Always-On Brand,AED,34718.34,206752.0,12999.0,184.0,484655.09
09-02-2026,UAE,Search,New Year Upgrade,AED,138203.73,915445.0,67097.0,952.0,2434164.57
09-02-2026,UAE  ,meta,Always-On Brand,AED,48956.06,1555908.0,19308.0,119.0,299878.61
09-02-2026,UAE,Facebook/Instagram,New Year Upgrade,AED,154202.94,4947390.0,53606.0,293.0,754747.45
09-02-2026,UAE,tiktok,Always-On Brand,AED,56441.82,2480382.0,36168.0,157.0,408579.99
09-02-2026,UAE,Tik Tok,New Year Upgrade,AED,59136.98,2268758.0,29858.0,140.0,376703.77
09-02-2026,UAE  ,YouTube,Always-On Brand,AED,32974.29,778876.0,5782.0,21.0,55042.56
09-02-2026,UAE,YouTube,New Year Upgrade,AED,104742.22,2510588.0,19995.0,75.0,197271.8
09-02-2026,UAE,Programmatic Display,Always-On Brand,AED,19719.77,1481584.0,1266.0,2.0,5449.38
09-02-2026,UAE,Programmatic,New Year Upgrade,AED,66225.69,5307282.0,4670.0,6.0,16415.34
09-02-2026,UAE,TV,Always-On Brand,AED,73972.49,1474252.0,0.0,0.0,0.0
09-02-2026,UAE,tv,New Year Upgrade,AED,27400.89,490011.0,0.0,0.0,0.0
09-02-2026,UAE,OOH,Always-On Brand,AED,12040.58,641244.0,0.0,0.0,0.0
09-02-2026,UAE,ooh,New Year Upgrade,AED,11591.16,507627.0,0.0,0.0,0.0
09-02-2026,KSA,PaidSearch,Always-On Brand,SAR,121619.73,823324.0,50290.0,934.0,2571489.41
09-02-2026,KSA,paid_search,New Year Upgrade,SAR,114410.14,651567.0,40322.0,559.0,1508432.53
09-02-2026,KSA,Meta,Always-On Brand,SAR,193245.07,6362730.0,69535.0,407.0,1116682.51
09-02-2026,KSA,Facebook/Instagram,New Year Upgrade,SAR,76795.94,2286103.0,23581.0,149.0,432072.59
09-02-2026,KSA,tiktok,Always-On Brand,SAR,69678.49,2928659.0,37290.0,169.0,472398.03
09-02-2026,KSA,tiktok,New Year Upgrade,SAR,96289.73,3846945.0,51819.0,269.0,744665.71
09-02-2026,KSA,youtube,Always-On Brand,SAR,99898.31,2735098.0,17846.0,62.0,167747.84
09-02-2026,KSA,youtube,New Year Upgrade,SAR,97403.38,2096755.0,13591.0,47.0,130672.43
09-02-2026,KSA,Programmatic Display,Always-On Brand,SAR,33361.6,2797124.0,2413.0,4.0,11768.19
09-02-2026,KSA,Programmatic Display,New Year Upgrade,SAR,96708.54,8043529.0,6802.0,12.0,31685.01
09-02-2026,KSA,Television,Always-On Brand,SAR,53354.54,1017328.0,0.0,0.0,0.0
09-02-2026,KSA,TV,New Year Upgrade,SAR,90680.16,1719527.0,0.0,0.0,0.0
09-02-2026,KSA,Out of Home,Always-On Brand,SAR,10284.55,496540.0,0.0,0.0,0.0
09-02-2026,KSA,ooh,New Year Upgrade,SAR,24694.33,1221380.0,0.0,0.0,0.0
09-02-2026,Egypt,PaidSearch,Always-On Brand,EGP,787092.41,383733.0,23879.0,270.0,2940292.13
09-02-2026,Egypt,PaidSearch,New Year Upgrade,EGP,239726.37,116449.0,7587.0,118.0,1182440.5
09-02-2026,Egypt,meta,Always-On Brand,EGP,939889.75,2533210.0,32859.0,209.0,2151187.03
09-02-2026,Egypt,Meta,New Year Upgrade,EGP,123061.33,306164.0,3660.0,22.0,223395.21
09-02-2026,Egypt,TikTok,Always-On Brand,EGP,48049.73,166269.0,2221.0,10.0,102969.62
09-02-2026,Egypt,tiktok,New Year Upgrade,EGP,521801.87,1712871.0,23208.0,76.0,815872.2
09-02-2026,Egypt,YouTube,Always-On Brand,EGP,148449.83,271494.0,2213.0,7.0,70544.61
09-02-2026,Egypt,YouTube,New Year Upgrade,EGP,603499.55,1222579.0,8606.0,30.0,310162.6
09-02-2026,Egypt,Programmatic,Always-On Brand,EGP,406765.95,2210567.0,1933.0,3.0,32482.6
09-02-2026,Egypt,Display,New Year Upgrade,EGP,132446.95,772870.0,771.0,1.0,10728.07
09-02-2026,Egypt,Television,Always-On Brand,EGP,102036.77,160197.0,0.0,0.0,0.0
09-02-2026,Egypt,Television,New Year Upgrade,EGP,484010.25,799109.0,0.0,0.0,0.0
09-02-2026,Egypt,Out of Home,Always-On Brand,EGP,35462.48,140373.0,0.0,0.0,0.0
09-02-2026,Egypt,ooh,New Year Upgrade,EGP,98851.19,372282.0,0.0,0.0,0.0
16-02-2026,UAE,PaidSearch,Always-On Brand,AED,136167.05,856150.0,57562.0,812.0,2231793.9
16-02-2026,UAE,paid_search,New Year Upgrade,AED,30822.78,196771.0,11936.0,167.0,443014.71
16-02-2026,UAE,Meta,Always-On Brand,AED,124647.64,4923374.0,57696.0,334.0,857698.24
16-02-2026,UAE,Facebook/Instagram,New Year Upgrade,AED,54761.76,1604887.0,17220.0,113.0,280628.84
16-02-2026,UAE,tiktok,Always-On Brand,AED,6536.18,303567.0,4973.0,19.0,49727.89
16-02-2026,UAE,Tik Tok,New Year Upgrade,AED,101701.6,4499483.0,63905.0,267.0,671204.57
16-02-2026,UAE,YT,Always-On Brand,AED,73345.08,1951149.0,15365.0,53.0,138453.23
16-02-2026,UAE,YouTube,New Year Upgrade,AED,62382.68,1510911.0,9948.0,33.0,81190.41
16-02-2026,UAE,Programmatic Display,Always-On Brand,AED,61159.83,5536702.0,4969.0,9.0,24274.0
16-02-2026,UAE,Display,New Year Upgrade,AED,35408.29,2798019.0,2079.0,4.0,10461.45
16-02-2026,UAE,Television,Always-On Brand,AED,90686.98,1715891.0,0.0,0.0,0.0
16-02-2026,UAE,TV,New Year Upgrade,AED,12053.13,229062.0,0.0,0.0,0.0
16-02-2026,UAE,OOH,Always-On Brand,AED,8427.58,442260.0,0.0,0.0,0.0
16-02-2026,UAE,ooh,New Year Upgrade,AED,18454.5,874749.0,0.0,0.0,0.0
16-02-2026,KSA,Search,Always-On Brand,SAR,105989.76,702010.0,48271.0,693.0,1957195.59
16-02-2026,KSA,PaidSearch,New Year Upgrade,SAR,124683.92,861692.0,53584.0,936.0,2455124.29
16-02-2026,KSA,Facebook/Instagram,Always-On Brand,SAR,145553.83,4417278.0,49504.0,319.0,840490.12
16-02-2026,KSA,meta,New Year Upgrade,SAR,124644.16,3951748.0,43611.0,304.0,820168.32
16-02-2026,KSA,TikTok,Always-On Brand,SAR,92368.79,4345624.0,62262.0,281.0,747975.17
16-02-2026,KSA,TikTok,New Year Upgrade,SAR,71281.57,2757688.0,34314.0,172.0,451625.42
16-02-2026,KSA,YouTube,Always-On Brand,SAR,63577.06,1865178.0,14276.0,49.0,135482.9
16-02-2026,KSA,YouTube,New Year Upgrade,SAR,124728.22,3204930.0,21932.0,68.0,198609.22
16-02-2026,KSA,Display,Always-On Brand,SAR,115196.59,9078517.0,8651.0,15.0,43972.49
16-02-2026,KSA,Display,New Year Upgrade,SAR,17390.6,1322275.0,1227.0,2.0,5688.08
16-02-2026,KSA,TV,Always-On Brand,SAR,104144.79,1736434.0,0.0,0.0,0.0
16-02-2026,KSA,TV,New Year Upgrade,SAR,41940.57,745367.0,0.0,0.0,0.0
16-02-2026,KSA,Out of Home,Always-On Brand,SAR,15011.58,686873.0,0.0,0.0,0.0
16-02-2026,KSA,ooh,New Year Upgrade,SAR,17562.2,841222.0,0.0,0.0,0.0
16-02-2026,Egypt,PaidSearch,Always-On Brand,EGP,501920.98,257087.0,15102.0,178.0,1893955.28
16-02-2026,Egypt,Paid Search,New Year Upgrade,EGP,422985.08,220009.0,12384.0,171.0,1694179.79
16-02-2026,Egypt,META,Always-On Brand,EGP,614631.18,1440334.0,17838.0,124.0,1298004.25
16-02-2026,Egypt,Meta,New Year Upgrade,EGP,360070.99,877152.0,10404.0,70.0,749515.02
16-02-2026,Egypt,Tik Tok,Always-On Brand,EGP,103073.48,396659.0,5439.0,25.0,263205.93
16-02-2026,Egypt,tiktok,New Year Upgrade,EGP,496044.13,1904826.0,24832.0,123.0,1239504.81
16-02-2026,Egypt,YouTube,Always-On Brand,EGP,561489.22,1185158.0,8441.0,31.0,309908.06
16-02-2026,Egypt,YouTube,New Year Upgrade,EGP,228484.16,416442.0,2873.0,9.0,94345.41
16-02-2026,Egypt  ,Programmatic Display,Always-On Brand,EGP,303832.34,1864166.0,1815.0,3.0,32603.97
16-02-2026,Egypt,Programmatic,New Year Upgrade,EGP,227340.62,1432986.0,1448.0,3.0,31947.7
16-02-2026,Egypt,TV,Always-On Brand,EGP,290979.76,433286.0,0.0,0.0,0.0
16-02-2026,Egypt,tv,New Year Upgrade,EGP,249067.36,347430.0,0.0,0.0,0.0
16-02-2026,Egypt,OOH,Always-On Brand,EGP,30931.3,116069.0,0.0,0.0,0.0
16-02-2026,Egypt,OOH,New Year Upgrade,EGP,110802.33,406145.0,0.0,0.0,0.0
23-02-2026,UAE,paid_search,Always-On Brand,AED,138347.99,924645.0,55386.0,855.0,2104552.32
23-02-2026,UAE,Search,Galaxy Flagship Launch,AED,72748.39,469764.0,27948.0,369.0,967710.11
23-02-2026,UAE  ,Search,Ramadan Together,AED,35663.7,217549.0,12405.0,182.0,470468.85
23-02-2026,UAE,META,Always-On Brand,AED,32370.08,1108261.0,13856.0,72.0,195153.74
23-02-2026,UAE,Meta,Galaxy Flagship Launch,AED,14757.5,463798.0,5266.0,31.0,77320.17
23-02-2026,UAE,Facebook/Instagram,Ramadan Together,AED,228988.81,7132216.0,85172.0,575.0,1436599.14
23-02-2026,UAE,Tik Tok,Always-On Brand,AED,109673.49,4638071.0,75825.0,321.0,792778.48
23-02-2026,UAE,TikTok,Galaxy Flagship Launch,AED,33274.29,1470030.0,21565.0,80.0,212003.41
23-02-2026,UAE,TikTok,Ramadan Together,AED,28942.85,1320027.0,17784.0,72.0,189704.71
23-02-2026,UAE,YT,Always-On Brand,AED,28111.32,712387.0,4125.0,12.0,31297.94
23-02-2026,UAE,YT,Galaxy Flagship Launch,AED,133161.39,3043412.0,20232.0,68.0,169284.94
23-02-2026,UAE,YouTube,Ramadan Together,AED,55385.46,1341480.0,9297.0,35.0,88840.48
23-02-2026,UAE  ,Programmatic Display,Always-On Brand,AED,84986.8,6546712.0,5892.0,10.0,26274.31
23-02-2026,UAE,Programmatic Display,Galaxy Flagship Launch,AED,22911.89,1735476.0,1520.0,3.0,8044.33
23-02-2026,UAE,Programmatic Display,Ramadan Together,AED,28351.62,2215515.0,1945.0,4.0,9856.94
23-02-2026,UAE,tv,Always-On Brand,AED,69219.49,1262254.0,0.0,0.0,0.0
23-02-2026,UAE,tv,Galaxy Flagship Launch,AED,42519.35,862483.0,0.0,0.0,0.0
23-02-2026,UAE,TV,Ramadan Together,AED,36265.13,712337.0,0.0,0.0,0.0
23-02-2026,UAE,Out of Home,Always-On Brand,AED,5057.55,265240.0,0.0,0.0,0.0
23-02-2026,UAE,OOH,Galaxy Flagship Launch,AED,13910.0,678232.0,0.0,0.0,0.0
23-02-2026,UAE,OOH,Ramadan Together,AED,16633.37,890644.0,0.0,0.0,0.0
23-02-2026,KSA,Search,Always-On Brand,SAR,106306.23,609870.0,34888.0,488.0,1387332.25
23-02-2026,KSA,Paid Search,Galaxy Flagship Launch,SAR,205932.45,1325673.0,81513.0,1199.0,3168516.73
23-02-2026,KSA,PaidSearch,Ramadan Together,SAR,32147.42,201569.0,12799.0,213.0,606102.04
23-02-2026,KSA,META,Always-On Brand,SAR,67457.63,2203596.0,20389.0,123.0,344372.0
23-02-2026,KSA,META,Galaxy Flagship Launch,SAR,122834.64,3660415.0,43537.0,309.0,840834.02
23-02-2026,KSA,Meta,Ramadan Together,SAR,166548.97,5167810.0,54192.0,307.0,856595.62
23-02-2026,KSA  ,tiktok,Always-On Brand,SAR,44164.74,1793247.0,24651.0,90.0,254261.08
23-02-2026,KSA  ,TikTok,Galaxy Flagship Launch,SAR,109611.28,4820746.0,65112.0,296.0,816112.37
23-02-2026,KSA,Tik Tok,Ramadan Together,SAR,71215.36,3241098.0,40583.0,132.0,371739.92
23-02-2026,KSA,YT,Always-On Brand,SAR,116391.6,3088893.0,24812.0,73.0,203077.07
23-02-2026,KSA,YouTube,Galaxy Flagship Launch,SAR,64194.78,1733718.0,11235.0,35.0,95269.99
23-02-2026,KSA,YouTube,Ramadan Together,SAR,81590.48,2045221.0,17124.0,66.0,182755.67
23-02-2026,KSA,Programmatic,Always-On Brand,SAR,65258.39,5155029.0,4488.0,10.0,26674.3
23-02-2026,KSA,Programmatic,Galaxy Flagship Launch,SAR,91934.6,7188585.0,7958.0,13.0,37664.31
23-02-2026,KSA,Programmatic,Ramadan Together,SAR,18152.02,1310083.0,1115.0,2.0,5766.6
23-02-2026,KSA,TV,Always-On Brand,SAR,83033.7,1624335.0,0.0,0.0,0.0
23-02-2026,KSA,Television,Galaxy Flagship Launch,SAR,58376.03,1189201.0,0.0,0.0,0.0
23-02-2026,KSA,TV,Ramadan Together,SAR,47572.38,910123.0,0.0,0.0,0.0
23-02-2026,KSA,OOH,Always-On Brand,SAR,13489.94,667848.0,0.0,0.0,0.0
23-02-2026,KSA,OOH,Galaxy Flagship Launch,SAR,14992.09,748613.0,0.0,0.0,0.0
23-02-2026,KSA,OOH,Ramadan Together,SAR,21546.21,1110951.0,0.0,0.0,0.0
23-02-2026,Egypt,paid_search,Always-On Brand,EGP,270351.78,131069.0,7572.0,104.0,1041615.79
23-02-2026,Egypt,PaidSearch,Galaxy Flagship Launch,EGP,802776.99,417878.0,27964.0,388.0,3892701.89
23-02-2026,Egypt,paid_search,Ramadan Together,EGP,106863.68,51517.0,2477.0,39.0,395868.19
23-02-2026,Egypt,meta,Always-On Brand,EGP,234895.63,515238.0,6004.0,22.0,242610.22
23-02-2026,Egypt,meta,Galaxy Flagship Launch,EGP,789384.89,1920708.0,24122.0,168.0,1824928.25
23-02-2026,Egypt,META,Ramadan Together,EGP,378502.83,933910.0,9301.0,47.0,512128.35
23-02-2026,Egypt,Tik Tok,Always-On Brand,EGP,479005.71,1547738.0,22022.0,88.0,940909.33
23-02-2026,Egypt,Tik Tok,Galaxy Flagship Launch,EGP,217947.21,753479.0,9372.0,41.0,434768.8
23-02-2026,Egypt,tiktok,Ramadan Together,EGP,149973.72,515693.0,6745.0,24.0,261444.82
23-02-2026,Egypt,youtube,Always-On Brand,EGP,279928.39,551793.0,3123.0,9.0,96415.51
23-02-2026,Egypt,YT,Galaxy Flagship Launch,EGP,468078.6,888404.0,6467.0,22.0,225968.46
23-02-2026,Egypt,youtube,Ramadan Together,EGP,313931.3,562717.0,4075.0,16.0,176431.38
23-02-2026,Egypt,Programmatic,Always-On Brand,EGP,317523.76,2159082.0,2069.0,4.0,40440.79
23-02-2026,Egypt,Programmatic,Galaxy Flagship Launch,EGP,147310.63,886209.0,935.0,1.0,10593.83
23-02-2026,Egypt,Display,Ramadan Together,EGP,226598.84,1402001.0,1282.0,2.0,20787.26
23-02-2026,Egypt,tv,Always-On Brand,EGP,122281.65,186551.0,0.0,0.0,0.0
23-02-2026,Egypt,TV,Galaxy Flagship Launch,EGP,341069.54,477624.0,0.0,0.0,0.0
23-02-2026,Egypt,Television,Ramadan Together,EGP,341370.19,566098.0,0.0,0.0,0.0
23-02-2026,Egypt  ,Out of Home,Always-On Brand,EGP,78104.77,329764.0,0.0,0.0,0.0
23-02-2026,Egypt,OOH,Galaxy Flagship Launch,EGP,27559.23,96296.0,0.0,0.0,0.0
23-02-2026,Egypt,Out of Home,Ramadan Together,EGP,89871.55,374880.0,0.0,0.0,0.0
02-03-2026,UAE,Paid Search,Always-On Brand,AED,75601.48,525377.0,35052.0,502.0,1254043.96
02-03-2026,UAE,PaidSearch,Galaxy Flagship Launch,AED,99626.87,693832.0,41250.0,502.0,1290603.47
02-03-2026,UAE,PaidSearch,Ramadan Together,AED,269098.97,1868156.0,114098.0,1546.0,4096009.59
02-03-2026,UAE,meta,Always-On Brand,AED,33345.52,982638.0,10300.0,56.0,143770.96
02-03-2026,UAE,Facebook/Instagram,Galaxy Flagship Launch,AED,278641.79,8250575.0,99787.0,654.0,1738761.36
02-03-2026,UAE,Meta,Ramadan Together,AED,213316.36,6945510.0,86638.0,471.0,1169385.95
02-03-2026,UAE,TikTok,Always-On Brand,AED,122795.95,5705747.0,78071.0,306.0,787213.71
02-03-2026,UAE,tiktok,Galaxy Flagship Launch,AED,44396.46,1852660.0,28366.0,137.0,365211.12
02-03-2026,UAE,TikTok,Ramadan Together,AED,154159.78,6636136.0,68832.0,344.0,938523.41
02-03-2026,UAE,YT,Always-On Brand,AED,116061.0,2831437.0,18339.0,64.0,168570.53
02-03-2026,UAE,youtube,Galaxy Flagship Launch,AED,207685.95,5139935.0,26429.0,79.0,216309.27
02-03-2026,UAE,YouTube,Ramadan Together,AED,55620.55,1489363.0,10799.0,32.0,85441.87
02-03-2026,UAE,Display,Always-On Brand,AED,89214.91,7260064.0,6947.0,11.0,29514.4
02-03-2026,UAE,Programmatic,Galaxy Flagship Launch,AED,128671.14,11789813.0,11742.0,17.0,45253.46
02-03-2026,UAE,Programmatic Display,Ramadan Together,AED,34457.04,2695029.0,2290.0,4.0,9852.78
02-03-2026,UAE  ,TV,Always-On Brand,AED,210061.85,4587142.0,0.0,0.0,0.0
02-03-2026,UAE,Television,Galaxy Flagship Launch,AED,142483.06,3100449.0,0.0,0.0,0.0
02-03-2026,UAE,Television,Ramadan Together,AED,195061.25,3719055.0,0.0,0.0,0.0
02-03-2026,UAE,ooh,Always-On Brand,AED,60569.75,2817295.0,0.0,0.0,0.0
02-03-2026,UAE,Out of Home,Galaxy Flagship Launch,AED,20421.2,985115.0,0.0,0.0,0.0
02-03-2026,UAE,ooh,Ramadan Together,AED,51346.23,2445448.0,0.0,0.0,0.0
02-03-2026,KSA,PaidSearch,Always-On Brand,SAR,138938.37,851175.0,54638.0,826.0,2166255.03
02-03-2026,KSA,Search,Galaxy Flagship Launch,SAR,313810.45,2056412.0,127208.0,1857.0,5132444.64
02-03-2026,KSA,paid_search,Ramadan Together,SAR,171771.05,982738.0,56256.0,834.0,2427491.24
02-03-2026,KSA,meta,Always-On Brand,SAR,197741.41,5476871.0,57214.0,298.0,873833.49
02-03-2026,KSA,META,Galaxy Flagship Launch,SAR,163358.67,5429788.0,61996.0,399.0,1058585.63
02-03-2026,KSA,Facebook/Instagram,Ramadan Together,SAR,274530.91,8241497.0,95719.0,726.0,1958249.89
02-03-2026,KSA,tiktok,Always-On Brand,SAR,186034.67,8072392.0,109451.0,529.0,1484143.41
02-03-2026,KSA,tiktok,Galaxy Flagship Launch,SAR,38508.0,1653462.0,22880.0,113.0,330196.64
02-03-2026,KSA,tiktok,Ramadan Together,SAR,205768.3,8895205.0,127366.0,515.0,1350542.49
02-03-2026,KSA,YouTube,Always-On Brand,SAR,180215.37,4498599.0,34235.0,99.0,267547.35
02-03-2026,KSA,YT,Galaxy Flagship Launch,SAR,125976.55,2983005.0,22676.0,62.0,167176.42
02-03-2026,KSA,youtube,Ramadan Together,SAR,211538.09,5548038.0,39574.0,145.0,411610.62
02-03-2026,KSA,Programmatic Display,Always-On Brand,SAR,131051.83,10423937.0,9285.0,18.0,47297.16
02-03-2026,KSA,Programmatic Display,Galaxy Flagship Launch,SAR,121861.22,9260106.0,8768.0,14.0,37184.7
02-03-2026,KSA,Programmatic,Ramadan Together,SAR,132876.12,10297390.0,9458.0,18.0,51466.85
02-03-2026,KSA  ,Television,Always-On Brand,SAR,100811.03,2000329.0,0.0,0.0,0.0
02-03-2026,KSA,tv,Galaxy Flagship Launch,SAR,441116.45,8600318.0,0.0,0.0,0.0
02-03-2026,KSA,TV,Ramadan Together,SAR,131832.62,2333287.0,0.0,0.0,0.0
02-03-2026,KSA,ooh,Always-On Brand,SAR,32181.82,1442977.0,0.0,0.0,0.0
02-03-2026,KSA,ooh,Galaxy Flagship Launch,SAR,40218.72,2012800.0,0.0,0.0,0.0
02-03-2026,KSA,OOH,Ramadan Together,SAR,110205.55,5501830.0,0.0,0.0,0.0
02-03-2026,Egypt,PaidSearch,Always-On Brand,EGP,772603.06,364452.0,20372.0,257.0,2598172.36
02-03-2026,Egypt,Search,Galaxy Flagship Launch,EGP,1582912.26,817284.0,51826.0,719.0,7845409.51
02-03-2026,Egypt,PaidSearch,Ramadan Together,EGP,335545.38,155355.0,10156.0,147.0,1585243.38
02-03-2026,Egypt,Facebook/Instagram,Always-On Brand,EGP,451520.01,1174349.0,13676.0,93.0,1003974.73
02-03-2026,Egypt,META,Galaxy Flagship Launch,EGP,1512221.03,3409195.0,36868.0,235.0,2531996.6
02-03-2026,Egypt,meta,Ramadan Together,EGP,1199357.79,2774388.0,33568.0,233.0,2375238.75
02-03-2026,Egypt,TikTok,Always-On Brand,EGP,570737.16,2023188.0,28615.0,138.0,1413395.55
02-03-2026,Egypt,tiktok,Galaxy Flagship Launch,EGP,974007.17,3733143.0,55981.0,219.0,2267265.7
02-03-2026,Egypt,Tik Tok,Ramadan Together,EGP,172739.34,521259.0,6004.0,23.0,254517.1
02-03-2026,Egypt,youtube,Always-On Brand,EGP,249846.36,462528.0,3608.0,13.0,136336.79
02-03-2026,Egypt,YT,Galaxy Flagship Launch,EGP,450851.53,840381.0,6090.0,18.0,186297.67
02-03-2026,Egypt,YT,Ramadan Together,EGP,1419561.54,2626291.0,21431.0,68.0,730661.18
02-03-2026,Egypt,Programmatic Display,Always-On Brand,EGP,1189756.09,6927706.0,5845.0,8.0,82090.19
02-03-2026,Egypt,Programmatic,Galaxy Flagship Launch,EGP,149827.34,884990.0,788.0,1.0,9917.25
02-03-2026,Egypt  ,Programmatic,Ramadan Together,EGP,215879.51,1388328.0,1362.0,2.0,21525.3
02-03-2026,Egypt,TV,Always-On Brand,EGP,1647429.24,2469385.0,0.0,0.0,0.0
02-03-2026,Egypt,tv,Galaxy Flagship Launch,EGP,474384.37,710976.0,0.0,0.0,0.0
02-03-2026,Egypt,Television,Ramadan Together,EGP,585790.14,806712.0,0.0,0.0,0.0
02-03-2026,Egypt,Out of Home,Always-On Brand,EGP,368836.96,1322887.0,0.0,0.0,0.0
02-03-2026,Egypt,Out of Home,Galaxy Flagship Launch,EGP,43382.4,161518.0,0.0,0.0,0.0
02-03-2026,Egypt,OOH,Ramadan Together,EGP,283370.05,975042.0,0.0,0.0,0.0
09-03-2026,UAE,PaidSearch,Always-On Brand,AED,51257.88,361031.0,21521.0,295.0,739596.74
09-03-2026,UAE,PaidSearch,Galaxy Flagship Launch,AED,187554.79,1243230.0,79410.0,888.0,2349636.77
09-03-2026,UAE,Paid Search,Ramadan Together,AED,118419.01,930782.0,67893.0,788.0,2014267.42
09-03-2026,UAE,META,Always-On Brand,AED,66850.11,2060484.0,26854.0,203.0,551447.18
09-03-2026,UAE,meta,Galaxy Flagship Launch,AED,151205.47,4425390.0,55976.0,372.0,955192.42
09-03-2026,UAE,META,Ramadan Together,AED,199666.66,6057855.0,65710.0,508.0,1339586.24
09-03-2026,UAE,tiktok,Always-On Brand,AED,102362.8,4814012.0,62749.0,223.0,573026.97
09-03-2026,UAE,tiktok,Galaxy Flagship Launch,AED,74142.8,3303364.0,49331.0,225.0,619817.08
09-03-2026,UAE,tiktok,Ramadan Together,AED,68869.19,2802770.0,40523.0,154.0,390291.46
09-03-2026,UAE,YT,Always-On Brand,AED,29800.42,678445.0,4229.0,15.0,38494.14
09-03-2026,UAE,YT,Galaxy Flagship Launch,AED,80273.42,2052347.0,11554.0,38.0,98002.31
09-03-2026,UAE,youtube,Ramadan Together,AED,212741.19,5698388.0,48659.0,159.0,420993.3
09-03-2026,UAE,Display,Always-On Brand,AED,56160.36,4814623.0,4393.0,7.0,18930.08
09-03-2026,UAE,Programmatic,Galaxy Flagship Launch,AED,11698.81,925829.0,837.0,1.0,2684.04
09-03-2026,UAE,Display,Ramadan Together,AED,144070.51,10823921.0,10449.0,15.0,41088.74
09-03-2026,UAE,tv,Always-On Brand,AED,237171.74,4630131.0,0.0,0.0,0.0
09-03-2026,UAE,TV,Galaxy Flagship Launch,AED,42512.51,819726.0,0.0,0.0,0.0
09-03-2026,UAE,Television,Ramadan Together,AED,185284.41,3646385.0,0.0,0.0,0.0
09-03-2026,UAE,Out of Home,Always-On Brand,AED,58360.17,2839648.0,0.0,0.0,0.0
09-03-2026,UAE  ,Out of Home,Galaxy Flagship Launch,AED,17655.72,849994.0,0.0,0.0,0.0
09-03-2026,UAE,ooh,Ramadan Together,AED,20025.92,1037842.0,0.0,0.0,0.0
09-03-2026,KSA,Paid Search,Always-On Brand,SAR,102767.25,622343.0,35080.0,465.0,1227900.07
09-03-2026,KSA  ,PaidSearch,Galaxy Flagship Launch,SAR,119412.75,692758.0,41917.0,385.0,1069703.36
09-03-2026,KSA,paid_search,Ramadan Together,SAR,245545.3,1502182.0,84421.0,1156.0,3087816.18
09-03-2026,KSA,Facebook/Instagram,Always-On Brand,SAR,220609.64,7881614.0,86647.0,539.0,1515246.18
09-03-2026,KSA,Meta,Galaxy Flagship Launch,SAR,171224.15,5527041.0,59173.0,339.0,975894.48
09-03-2026,KSA,META,Ramadan Together,SAR,190005.76,6100076.0,79118.0,563.0,1612944.94
09-03-2026,KSA,TikTok,Always-On Brand,SAR,54433.35,2306880.0,31404.0,125.0,336443.84
09-03-2026,KSA,TikTok,Galaxy Flagship Launch,SAR,127600.58,5985634.0,78845.0,403.0,1175603.45
09-03-2026,KSA,tiktok,Ramadan Together,SAR,129273.35,5655976.0,78070.0,324.0,852139.97
09-03-2026,KSA,YT,Always-On Brand,SAR,320224.04,8043192.0,68108.0,239.0,653274.31
09-03-2026,KSA,youtube,Galaxy Flagship Launch,SAR,96090.46,2409525.0,15991.0,48.0,140932.9
09-03-2026,KSA,youtube,Ramadan Together,SAR,23002.22,557465.0,4244.0,11.0,31062.27
09-03-2026,KSA,Programmatic,Always-On Brand,SAR,57653.77,4690089.0,4063.0,7.0,19201.61
09-03-2026,KSA,Programmatic Display,Galaxy Flagship Launch,SAR,183364.58,14521873.0,12614.0,19.0,51786.56
09-03-2026,KSA,Programmatic,Ramadan Together,SAR,41235.44,3137095.0,3008.0,6.0,16315.53
09-03-2026,KSA,TV,Always-On Brand,SAR,137116.3,2764779.0,0.0,0.0,0.0
09-03-2026,KSA,TV,Galaxy Flagship Launch,SAR,283780.96,4779969.0,0.0,0.0,0.0
09-03-2026,KSA,TV,Ramadan Together,SAR,118068.62,2504050.0,0.0,0.0,0.0
09-03-2026,KSA,OOH,Always-On Brand,SAR,77334.59,3617520.0,0.0,0.0,0.0
09-03-2026,KSA,Out of Home,Galaxy Flagship Launch,SAR,45150.58,1917144.0,0.0,0.0,0.0
09-03-2026,KSA,Out of Home,Ramadan Together,SAR,20001.47,908194.0,0.0,0.0,0.0
09-03-2026,Egypt,Search,Always-On Brand,EGP,400782.29,189805.0,13106.0,189.0,1968698.28
09-03-2026,Egypt,PaidSearch,Galaxy Flagship Launch,EGP,1037367.69,545427.0,37336.0,454.0,4665350.67
09-03-2026,Egypt,Search,Ramadan Together,EGP,649783.55,307305.0,17616.0,215.0,2333811.98
09-03-2026,Egypt,Meta,Always-On Brand,EGP,358036.63,850837.0,9763.0,68.0,711883.59
09-03-2026,Egypt,Meta,Galaxy Flagship Launch,EGP,572049.48,1488485.0,17724.0,120.0,1260413.47
09-03-2026,Egypt,meta,Ramadan Together,EGP,1322375.47,2998756.0,36617.0,224.0,2260088.41
09-03-2026,Egypt,TikTok,Always-On Brand,EGP,851820.15,2900992.0,40849.0,155.0,1654222.4
09-03-2026,Egypt,TikTok,Galaxy Flagship Launch,EGP,270576.16,854245.0,12440.0,48.0,514564.22
09-03-2026,Egypt,tiktok,Ramadan Together,EGP,327244.9,1081701.0,17313.0,70.0,748670.8
09-03-2026,Egypt,YT,Always-On Brand,EGP,291677.78,577019.0,4076.0,15.0,149362.35
09-03-2026,Egypt,YouTube,Galaxy Flagship Launch,EGP,369258.64,635371.0,4584.0,16.0,165748.07
09-03-2026,Egypt,YT,Ramadan Together,EGP,948867.84,1667501.0,11564.0,39.0,401779.73
09-03-2026,Egypt,Display,Always-On Brand,EGP,123427.77,793408.0,777.0,1.0,11067.12
09-03-2026,Egypt,Programmatic Display,Galaxy Flagship Launch,EGP,346184.51,1832709.0,1714.0,3.0,30716.41
09-03-2026,Egypt,Programmatic Display,Ramadan Together,EGP,684532.01,3977971.0,4434.0,7.0,69431.52
09-03-2026,Egypt,Television,Always-On Brand,EGP,1137264.68,1728764.0,0.0,0.0,0.0
09-03-2026,Egypt,Television,Galaxy Flagship Launch,EGP,160655.15,249150.0,0.0,0.0,0.0
09-03-2026,Egypt,TV,Ramadan Together,EGP,1072571.0,1638188.0,0.0,0.0,0.0
09-03-2026,Egypt,Out of Home,Always-On Brand,EGP,124595.09,451163.0,0.0,0.0,0.0
09-03-2026,Egypt,OOH,Galaxy Flagship Launch,EGP,159811.51,597656.0,0.0,0.0,0.0
09-03-2026,Egypt,ooh,Ramadan Together,EGP,291900.3,1036150.0,0.0,0.0,0.0
16-03-2026,UAE,PaidSearch,Always-On Brand,AED,222838.31,1434389.0,87330.0,1313.0,3243132.19
16-03-2026,UAE,Paid Search,Galaxy Flagship Launch,AED,63877.59,375352.0,24665.0,372.0,922168.1
16-03-2026,UAE,Search,Ramadan Together,AED,101172.1,639408.0,40088.0,564.0,1457597.05
16-03-2026,UAE,Facebook/Instagram,Always-On Brand,AED,120117.87,3549170.0,38045.0,211.0,563022.33
16-03-2026,UAE,META,Galaxy Flagship Launch,AED,195206.61,6813321.0,72156.0,466.0,1259160.65
16-03-2026,UAE,Meta,Ramadan Together,AED,110802.16,3571777.0,44533.0,263.0,705715.69
16-03-2026,UAE,Tik Tok,Always-On Brand,AED,79694.37,3167925.0,52094.0,223.0,551804.38
16-03-2026,UAE,Tik Tok,Galaxy Flagship Launch,AED,47135.36,2168514.0,27886.0,134.0,364347.48
16-03-2026,UAE,Tik Tok,Ramadan Together,AED,115562.28,4677570.0,68359.0,327.0,854430.24
16-03-2026,UAE,YouTube,Always-On Brand,AED,100579.0,2434481.0,14112.0,46.0,123104.93
16-03-2026,UAE,YT,Galaxy Flagship Launch,AED,106449.39,2435978.0,16418.0,47.0,118135.92
16-03-2026,UAE,YT,Ramadan Together,AED,109229.15,2953949.0,21876.0,73.0,182010.53
16-03-2026,UAE,Display,Always-On Brand,AED,78050.27,5938371.0,5548.0,10.0,26044.36
16-03-2026,UAE  ,Programmatic,Galaxy Flagship Launch,AED,81552.82,7082755.0,5947.0,12.0,30126.9
16-03-2026,UAE  ,Programmatic,Ramadan Together,AED,38541.01,2758827.0,2832.0,5.0,13719.11
16-03-2026,UAE,Television,Always-On Brand,AED,169822.97,3554271.0,0.0,0.0,0.0
16-03-2026,UAE  ,TV,Galaxy Flagship Launch,AED,164680.39,3075908.0,0.0,0.0,0.0
16-03-2026,UAE,Television,Ramadan Together,AED,69622.39,1331584.0,0.0,0.0,0.0
16-03-2026,UAE,ooh,Always-On Brand,AED,29364.71,1432128.0,0.0,0.0,0.0
16-03-2026,UAE,ooh,Galaxy Flagship Launch,AED,33721.58,1721985.0,0.0,0.0,0.0
16-03-2026,UAE,OOH,Ramadan Together,AED,31671.7,1552605.0,0.0,0.0,0.0
16-03-2026,KSA,PaidSearch,Always-On Brand,SAR,293910.48,1855821.0,116590.0,1569.0,4408814.95
16-03-2026,KSA,PaidSearch,Galaxy Flagship Launch,SAR,168024.64,1046252.0,53753.0,795.0,2229927.13
16-03-2026,KSA,Search,Ramadan Together,SAR,10531.8,68183.0,4681.0,70.0,183970.18
16-03-2026,KSA  ,meta,Always-On Brand,SAR,244963.45,7953126.0,97167.0,611.0,1721802.57
16-03-2026,KSA,META,Galaxy Flagship Launch,SAR,248271.43,7355424.0,84503.0,615.0,1748176.81
16-03-2026,KSA,META,Ramadan Together,SAR,85358.35,2772510.0,27960.0,162.0,457100.66
16-03-2026,KSA  ,tiktok,Always-On Brand,SAR,100688.42,4090747.0,46849.0,193.0,513338.07
16-03-2026,KSA,tiktok,Galaxy Flagship Launch,SAR,68972.9,3270909.0,39821.0,146.0,426234.14
16-03-2026,KSA,Tik Tok,Ramadan Together,SAR,146589.23,6659698.0,92806.0,395.0,1074682.48
16-03-2026,KSA  ,YouTube,Always-On Brand,SAR,192869.2,4482719.0,32523.0,106.0,284264.67
16-03-2026,KSA,YT,Galaxy Flagship Launch,SAR,118590.91,2825470.0,18219.0,62.0,177094.64
16-03-2026,KSA,youtube,Ramadan Together,SAR,134393.86,3259878.0,24361.0,99.0,290627.51
16-03-2026,KSA  ,Programmatic Display,Always-On Brand,SAR,73742.71,5511896.0,4347.0,7.0,20072.55
16-03-2026,KSA,Programmatic Display,Galaxy Flagship Launch,SAR,172755.58,13099673.0,12374.0,23.0,64624.36
16-03-2026,KSA,Programmatic Display,Ramadan Together,SAR,25781.81,2095217.0,1934.0,4.0,11112.03
16-03-2026,KSA  ,TV,Always-On Brand,SAR,256379.98,5055848.0,0.0,0.0,0.0
16-03-2026,KSA,Television,Galaxy Flagship Launch,SAR,228266.08,4252761.0,0.0,0.0,0.0
16-03-2026,KSA,tv,Ramadan Together,SAR,59936.7,1049294.0,0.0,0.0,0.0
16-03-2026,KSA,ooh,Always-On Brand,SAR,44054.64,2041195.0,0.0,0.0,0.0
16-03-2026,KSA,Out of Home,Galaxy Flagship Launch,SAR,47300.22,2416725.0,0.0,0.0,0.0
16-03-2026,KSA,OOH,Ramadan Together,SAR,42264.1,1842994.0,0.0,0.0,0.0
16-03-2026,Egypt,PaidSearch,Always-On Brand,EGP,902220.82,493085.0,29944.0,552.0,5478616.47
16-03-2026,Egypt,Search,Galaxy Flagship Launch,EGP,191173.09,90063.0,5396.0,72.0,759211.99
16-03-2026,Egypt,paid_search,Ramadan Together,EGP,927219.75,466437.0,31323.0,463.0,4622234.69
16-03-2026,Egypt,Meta,Always-On Brand,EGP,754831.2,2036845.0,24077.0,175.0,1863697.55
16-03-2026,Egypt,Meta,Galaxy Flagship Launch,EGP,827917.11,1938755.0,19982.0,136.0,1509236.99
16-03-2026,Egypt,META,Ramadan Together,EGP,678222.03,1739771.0,21879.0,104.0,1030817.7
16-03-2026,Egypt,TikTok,Always-On Brand,EGP,799333.79,2460896.0,27872.0,115.0,1276586.58
16-03-2026,Egypt,tiktok,Galaxy Flagship Launch,EGP,217473.34,725427.0,10447.0,48.0,484997.66
16-03-2026,Egypt,Tik Tok,Ramadan Together,EGP,376355.33,1312846.0,15470.0,54.0,581848.03
16-03-2026,Egypt,youtube,Always-On Brand,EGP,742084.28,1307631.0,9084.0,30.0,321032.52
16-03-2026,Egypt,YouTube,Galaxy Flagship Launch,EGP,308288.63,579872.0,4417.0,12.0,121398.67
16-03-2026,Egypt,YouTube,Ramadan Together,EGP,596198.31,1180142.0,9164.0,29.0,294802.03
16-03-2026,Egypt,Programmatic Display,Always-On Brand,EGP,233598.2,1475971.0,1268.0,2.0,21287.81
16-03-2026,Egypt,Display,Galaxy Flagship Launch,EGP,444046.69,3133388.0,2867.0,5.0,52529.1
16-03-2026,Egypt,Programmatic,Ramadan Together,EGP,424759.43,2493926.0,2263.0,3.0,31947.83
16-03-2026,Egypt,TV,Always-On Brand,EGP,284175.32,398989.0,0.0,0.0,0.0
16-03-2026,Egypt,tv,Galaxy Flagship Launch,EGP,567684.39,867896.0,0.0,0.0,0.0
16-03-2026,Egypt,tv,Ramadan Together,EGP,1095104.16,1558080.0,0.0,0.0,0.0
16-03-2026,Egypt,Out of Home,Always-On Brand,EGP,88691.89,315584.0,0.0,0.0,0.0
16-03-2026,Egypt,Out of Home,Galaxy Flagship Launch,EGP,343230.4,1384292.0,0.0,0.0,0.0
16-03-2026,Egypt,OOH,Ramadan Together,EGP,149349.6,553053.0,0.0,0.0,0.0
23-03-2026,UAE  ,Paid Search,Always-On Brand,AED,54974.11,379512.0,23326.0,311.0,785454.7
23-03-2026,UAE,Paid Search,Galaxy Flagship Launch,AED,229959.13,1426090.0,93713.0,1550.0,4124559.08
23-03-2026,UAE,PaidSearch,Ramadan Together,AED,71412.68,450331.0,27463.0,372.0,990979.55
23-03-2026,UAE,META,Always-On Brand,AED,42750.16,1361845.0,18054.0,124.0,313447.26
23-03-2026,UAE,META,Galaxy Flagship Launch,AED,262071.11,7629534.0,90119.0,669.0,1656482.56
23-03-2026,UAE,META,Ramadan Together,AED,121384.47,3753939.0,44809.0,218.0,554767.3
23-03-2026,UAE,TikTok,Always-On Brand,AED,127011.57,5192697.0,72436.0,331.0,836837.96
23-03-2026,UAE  ,tiktok,Galaxy Flagship Launch,AED,78773.65,3361514.0,40828.0,182.0,472164.02
23-03-2026,UAE,Tik Tok,Ramadan Together,AED,42894.0,1885860.0,28329.0,96.0,262191.59
23-03-2026,UAE,YT,Always-On Brand,AED,58543.38,1371886.0,8932.0,30.0,81928.01
23-03-2026,UAE,youtube,Galaxy Flagship Launch,AED,124625.83,2905975.0,22373.0,77.0,191523.72
23-03-2026,UAE,YT,Ramadan Together,AED,108069.0,2880010.0,22332.0,71.0,180247.15
23-03-2026,UAE,Programmatic,Always-On Brand,AED,41152.46,3352015.0,2978.0,4.0,11033.58
23-03-2026,UAE,Programmatic Display,Galaxy Flagship Launch,AED,99751.13,8089585.0,8325.0,15.0,40895.29
23-03-2026,UAE,Display,Ramadan Together,AED,51073.26,4410332.0,4766.0,8.0,22085.28
23-03-2026,UAE,TV,Always-On Brand,AED,217924.87,3836659.0,0.0,0.0,0.0
23-03-2026,UAE,TV,Galaxy Flagship Launch,AED,42638.0,767432.0,0.0,0.0,0.0
23-03-2026,UAE,tv,Ramadan Together,AED,148105.22,3151688.0,0.0,0.0,0.0
23-03-2026,UAE,ooh,Always-On Brand,AED,47963.92,2235813.0,0.0,0.0,0.0
23-03-2026,UAE,OOH,Galaxy Flagship Launch,AED,37471.86,1668449.0,0.0,0.0,0.0
23-03-2026,UAE,Out of Home,Ramadan Together,AED,18683.14,994745.0,0.0,0.0,0.0
23-03-2026,KSA,paid_search,Always-On Brand,SAR,226979.44,1438456.0,98507.0,1404.0,3980383.21
23-03-2026,KSA,Paid Search,Galaxy Flagship Launch,SAR,164828.55,962034.0,62568.0,1024.0,2716881.91
23-03-2026,KSA,paid_search,Ramadan Together,SAR,108925.52,771649.0,51427.0,646.0,1768955.36
23-03-2026,KSA,meta,Always-On Brand,SAR,241644.89,7142477.0,78809.0,486.0,1340568.4
23-03-2026,KSA,Facebook/Instagram,Galaxy Flagship Launch,SAR,177580.8,5318966.0,61439.0,384.0,1025497.47
23-03-2026,KSA,META,Ramadan Together,SAR,134985.34,4212759.0,47028.0,282.0,812143.33
23-03-2026,KSA,TikTok,Always-On Brand,SAR,98840.8,4139183.0,58081.0,242.0,636973.61
23-03-2026,KSA,Tik Tok,Galaxy Flagship Launch,SAR,188819.09,8569737.0,113250.0,502.0,1364306.4
23-03-2026,KSA,TikTok,Ramadan Together,SAR,59652.92,2671691.0,39379.0,158.0,421437.74
23-03-2026,KSA,YT,Always-On Brand,SAR,61680.31,1445708.0,9485.0,36.0,105502.66
23-03-2026,KSA,YT,Galaxy Flagship Launch,SAR,214040.69,5065427.0,33892.0,112.0,316090.11
23-03-2026,KSA,YouTube,Ramadan Together,SAR,141463.21,3378461.0,25181.0,82.0,219763.11
23-03-2026,KSA,Programmatic,Always-On Brand,SAR,94954.9,7840215.0,6456.0,12.0,33827.53
23-03-2026,KSA,Programmatic,Galaxy Flagship Launch,SAR,75620.05,6526210.0,5900.0,9.0,24361.67
23-03-2026,KSA,Programmatic,Ramadan Together,SAR,109970.09,9107751.0,7948.0,14.0,38005.87
23-03-2026,KSA,TV,Always-On Brand,SAR,167758.64,3011657.0,0.0,0.0,0.0
23-03-2026,KSA,tv,Galaxy Flagship Launch,SAR,278981.14,5365158.0,0.0,0.0,0.0
23-03-2026,KSA,TV,Ramadan Together,SAR,88684.34,1766634.0,0.0,0.0,0.0
23-03-2026,KSA,Out of Home,Always-On Brand,SAR,36925.09,1818515.0,0.0,0.0,0.0
23-03-2026,KSA,Out of Home,Galaxy Flagship Launch,SAR,33888.63,1593960.0,0.0,0.0,0.0
23-03-2026,KSA,ooh,Ramadan Together,SAR,66816.97,3200144.0,0.0,0.0,0.0
23-03-2026,Egypt,paid_search,Always-On Brand,EGP,897803.66,415098.0,27135.0,412.0,4431289.9
23-03-2026,Egypt,PaidSearch,Galaxy Flagship Launch,EGP,867843.18,433583.0,27074.0,369.0,4003959.68
23-03-2026,Egypt,Search,Ramadan Together,EGP,271509.37,125784.0,6771.0,103.0,1113946.51
23-03-2026,Egypt,meta,Always-On Brand,EGP,826619.94,1963951.0,22641.0,132.0,1362660.92
23-03-2026,Egypt,META,Galaxy Flagship Launch,EGP,948919.6,2056103.0,20990.0,151.0,1552984.31
23-03-2026,Egypt,meta,Ramadan Together,EGP,353449.03,973376.0,11924.0,85.0,905528.93
23-03-2026,Egypt,TikTok,Always-On Brand,EGP,396660.08,1304398.0,17949.0,84.0,839564.62
23-03-2026,Egypt,Tik Tok,Galaxy Flagship Launch,EGP,352189.97,1076097.0,12701.0,57.0,583367.87
23-03-2026,Egypt,Tik Tok,Ramadan Together,EGP,650332.49,2205701.0,28098.0,111.0,1152194.38
23-03-2026,Egypt,youtube,Always-On Brand,EGP,710111.21,1352979.0,9182.0,29.0,299860.59
23-03-2026,Egypt  ,YT,Galaxy Flagship Launch,EGP,548051.11,996470.0,7274.0,22.0,240627.05
23-03-2026,Egypt,youtube,Ramadan Together,EGP,365127.96,717423.0,5092.0,16.0,172439.01
23-03-2026,Egypt,Programmatic Display,Always-On Brand,EGP,343392.02,2133031.0,1799.0,3.0,31001.53
23-03-2026,Egypt,Programmatic,Galaxy Flagship Launch,EGP,465700.52,2602543.0,2741.0,5.0,52690.16
23-03-2026,Egypt,Programmatic,Ramadan Together,EGP,351287.64,2293907.0,1977.0,3.0,31227.34
23-03-2026,Egypt,TV,Always-On Brand,EGP,979278.88,1635460.0,0.0,0.0,0.0
23-03-2026,Egypt,TV,Galaxy Flagship Launch,EGP,877276.39,1280155.0,0.0,0.0,0.0
23-03-2026,Egypt,Television,Ramadan Together,EGP,404908.53,600225.0,0.0,0.0,0.0
23-03-2026,Egypt,Out of Home,Always-On Brand,EGP,218182.3,823413.0,0.0,0.0,0.0
23-03-2026,Egypt,OOH,Galaxy Flagship Launch,EGP,145875.9,530567.0,0.0,0.0,0.0
23-03-2026,Egypt,OOH,Ramadan Together,EGP,220137.9,812486.0,0.0,0.0,0.0
30-03-2026,UAE,Paid Search,Always-On Brand,AED,122888.51,845743.0,51492.0,762.0,1993555.44
30-03-2026,UAE,Paid Search,Galaxy Flagship Launch,AED,42007.28,257382.0,15993.0,206.0,532058.16
30-03-2026,UAE,paid_search,Ramadan Together,AED,102496.38,673560.0,48666.0,637.0,1707297.45
30-03-2026,UAE,meta,Always-On Brand,AED,10677.74,368363.0,3909.0,25.0,64389.2
30-03-2026,UAE,Meta,Galaxy Flagship Launch,AED,73117.7,2159733.0,21286.0,125.0,307742.1
30-03-2026,UAE,Meta,Ramadan Together,AED,189013.42,6586081.0,72527.0,511.0,1317693.95
30-03-2026,UAE,TikTok,Always-On Brand,AED,41435.21,1770500.0,24121.0,109.0,285643.42
30-03-2026,UAE,tiktok,Galaxy Flagship Launch,AED,41392.97,1848466.0,22994.0,87.0,232242.35
30-03-2026,UAE,Tik Tok,Ramadan Together,AED,79340.6,3432536.0,49958.0,225.0,591244.34
30-03-2026,UAE,youtube,Always-On Brand,AED,61882.11,1526608.0,11536.0,34.0,85450.81
30-03-2026,UAE,youtube,Galaxy Flagship Launch,AED,78565.94,1887374.0,14266.0,43.0,112101.24
30-03-2026,UAE,youtube,Ramadan Together,AED,85990.54,2255537.0,14799.0,43.0,109611.68
30-03-2026,UAE  ,Display,Always-On Brand,AED,36615.4,2723328.0,2346.0,4.0,9859.51
30-03-2026,UAE,Display,Galaxy Flagship Launch,AED,78064.59,6250702.0,6357.0,10.0,25330.88
30-03-2026,UAE,Display,Ramadan Together,AED,27220.99,2159894.0,1731.0,3.0,7982.49
30-03-2026,UAE,tv,Always-On Brand,AED,83010.42,1705701.0,0.0,0.0,0.0
30-03-2026,UAE,TV,Galaxy Flagship Launch,AED,176661.85,3297391.0,0.0,0.0,0.0
30-03-2026,UAE,TV,Ramadan Together,AED,39053.75,797224.0,0.0,0.0,0.0
30-03-2026,UAE,ooh,Always-On Brand,AED,12226.42,555941.0,0.0,0.0,0.0
30-03-2026,UAE,Out of Home,Galaxy Flagship Launch,AED,19321.63,985835.0,0.0,0.0,0.0
30-03-2026,UAE,ooh,Ramadan Together,AED,38208.15,2055894.0,0.0,0.0,0.0
30-03-2026,KSA,Paid Search,Always-On Brand,SAR,142234.12,789247.0,49856.0,624.0,1733332.66
30-03-2026,KSA,Search,Galaxy Flagship Launch,SAR,111792.59,676122.0,36808.0,472.0,1388639.96
30-03-2026,KSA,Paid Search,Ramadan Together,SAR,114214.62,689728.0,50571.0,711.0,1940870.69
30-03-2026,KSA,Facebook/Instagram,Always-On Brand,SAR,87141.58,2728970.0,33247.0,230.0,658373.88
30-03-2026,KSA,Meta,Galaxy Flagship Launch,SAR,131224.69,4645825.0,61346.0,341.0,962240.65
30-03-2026,KSA,Facebook/Instagram,Ramadan Together,SAR,129551.28,4109222.0,47204.0,321.0,915569.83
30-03-2026,KSA,TikTok,Always-On Brand,SAR,138227.05,6473867.0,102987.0,386.0,1132997.47
30-03-2026,KSA,Tik Tok,Galaxy Flagship Launch,SAR,82151.48,3633526.0,44116.0,174.0,485162.8
30-03-2026,KSA,TikTok,Ramadan Together,SAR,27937.97,1344295.0,20742.0,93.0,264290.96
30-03-2026,KSA,youtube,Always-On Brand,SAR,21996.3,539311.0,3918.0,11.0,30853.07
30-03-2026,KSA,youtube,Galaxy Flagship Launch,SAR,140444.08,3394643.0,24033.0,79.0,212649.92
30-03-2026,KSA,youtube,Ramadan Together,SAR,120647.1,2872200.0,22911.0,70.0,187981.96
30-03-2026,KSA,Programmatic,Always-On Brand,SAR,99684.37,8161756.0,8011.0,11.0,30783.09
30-03-2026,KSA,Display,Galaxy Flagship Launch,SAR,25236.62,2270226.0,1802.0,3.0,7899.55
30-03-2026,KSA,Programmatic,Ramadan Together,SAR,68723.06,5053289.0,4862.0,9.0,26169.0
30-03-2026,KSA,TV,Always-On Brand,SAR,48286.55,1008533.0,0.0,0.0,0.0
30-03-2026,KSA,TV,Galaxy Flagship Launch,SAR,106758.06,2070245.0,0.0,0.0,0.0
30-03-2026,KSA,Television,Ramadan Together,SAR,234430.9,4440614.0,0.0,0.0,0.0
30-03-2026,KSA,ooh,Always-On Brand,SAR,21822.78,1132889.0,0.0,0.0,0.0
30-03-2026,KSA,ooh,Galaxy Flagship Launch,SAR,23477.57,1297443.0,0.0,0.0,0.0
30-03-2026,KSA,OOH,Ramadan Together,SAR,51911.87,2298428.0,0.0,0.0,0.0
30-03-2026,Egypt,PaidSearch,Always-On Brand,EGP,329856.83,167896.0,9270.0,148.0,1563075.26
30-03-2026,Egypt,PaidSearch,Galaxy Flagship Launch,EGP,260316.22,119870.0,6229.0,81.0,853935.53
30-03-2026,Egypt,PaidSearch,Ramadan Together,EGP,862830.03,398218.0,23320.0,340.0,3669684.94
30-03-2026,Egypt,Meta,Always-On Brand,EGP,760625.56,1938984.0,24020.0,142.0,1477585.6
30-03-2026,Egypt,meta,Galaxy Flagship Launch,EGP,261900.03,706450.0,7867.0,55.0,545494.97
30-03-2026,Egypt,Meta,Ramadan Together,EGP,473018.46,1129873.0,12272.0,66.0,729355.85
30-03-2026,Egypt,Tik Tok,Always-On Brand,EGP,356117.31,1178055.0,18333.0,77.0,781457.56
30-03-2026,Egypt,tiktok,Galaxy Flagship Launch,EGP,232838.2,860821.0,11748.0,41.0,430797.05
30-03-2026,Egypt,TikTok,Ramadan Together,EGP,264929.1,917506.0,13430.0,55.0,595762.87
30-03-2026,Egypt,YT,Always-On Brand,EGP,478622.76,942536.0,6043.0,20.0,215559.5
30-03-2026,Egypt,YouTube,Galaxy Flagship Launch,EGP,187009.71,335027.0,2777.0,9.0,99456.96
30-03-2026,Egypt,YT,Ramadan Together,EGP,443241.53,881469.0,6355.0,21.0,226281.1
30-03-2026,Egypt,Programmatic Display,Always-On Brand,EGP,302827.91,1819443.0,1757.0,3.0,30347.21
30-03-2026,Egypt,Programmatic Display,Galaxy Flagship Launch,EGP,263294.56,1604237.0,1650.0,3.0,32353.89
30-03-2026,Egypt,Programmatic,Ramadan Together,EGP,254158.28,1477958.0,1222.0,2.0,21042.83
30-03-2026,Egypt,Television,Always-On Brand,EGP,212621.93,304180.0,0.0,0.0,0.0
30-03-2026,Egypt,tv,Galaxy Flagship Launch,EGP,807141.78,1279840.0,0.0,0.0,0.0
30-03-2026,Egypt,Television,Ramadan Together,EGP,661349.16,1108304.0,0.0,0.0,0.0
30-03-2026,Egypt,Out of Home,Always-On Brand,EGP,100969.93,367723.0,0.0,0.0,0.0
30-03-2026,Egypt,ooh,Galaxy Flagship Launch,EGP,223287.38,828325.0,0.0,0.0,0.0
30-03-2026,Egypt  ,Out of Home,Ramadan Together,EGP,86938.18,314588.0,0.0,0.0,0.0
06-04-2026,UAE,paid_search,Always-On Brand,AED,88915.37,571285.0,32454.0,421.0,1099002.58
06-04-2026,UAE,PaidSearch,Galaxy Flagship Launch,AED,163591.17,1017659.0,63208.0,782.0,2088364.71
06-04-2026,UAE,meta,Always-On Brand,AED,125358.93,4107506.0,51107.0,323.0,809571.73
06-04-2026,UAE,meta,Galaxy Flagship Launch,AED,154557.22,4986902.0,56254.0,316.0,849790.0
06-04-2026,UAE,TikTok,Always-On Brand,AED,113582.59,5298163.0,70581.0,274.0,721260.77
06-04-2026,UAE,TikTok,Galaxy Flagship Launch,AED,65849.91,2834287.0,32119.0,145.0,393163.5
06-04-2026,UAE,YT,Always-On Brand,AED,24975.12,612526.0,4159.0,13.0,32749.93
06-04-2026,UAE,YouTube,Galaxy Flagship Launch,AED,195133.06,4475402.0,30936.0,84.0,224790.33
06-04-2026,UAE,Programmatic Display,Always-On Brand,AED,69247.11,5597131.0,5422.0,11.0,27343.72
06-04-2026,UAE,Programmatic Display,Galaxy Flagship Launch,AED,76386.65,5690327.0,4342.0,7.0,18238.59
06-04-2026,UAE,tv,Always-On Brand,AED,106667.93,1911373.0,0.0,0.0,0.0
06-04-2026,UAE,tv,Galaxy Flagship Launch,AED,177067.82,3282129.0,0.0,0.0,0.0
06-04-2026,UAE,ooh,Always-On Brand,AED,28661.68,1448227.0,0.0,0.0,0.0
06-04-2026,UAE,ooh,Galaxy Flagship Launch,AED,39308.43,1805041.0,0.0,0.0,0.0
06-04-2026,KSA,Search,Always-On Brand,SAR,173706.95,1017175.0,56825.0,826.0,2227143.38
06-04-2026,KSA,Search,Galaxy Flagship Launch,SAR,186294.41,1079896.0,70009.0,909.0,2614407.26
06-04-2026,KSA,META,Always-On Brand,SAR,163541.01,5012595.0,58768.0,394.0,1143679.41
06-04-2026,KSA,Meta,Galaxy Flagship Launch,SAR,242415.4,6783390.0,87278.0,559.0,1566609.97
06-04-2026,KSA,TikTok,Always-On Brand,SAR,193801.0,7909674.0,100707.0,470.0,1347529.91
06-04-2026,KSA,TikTok,Galaxy Flagship Launch,SAR,29730.36,1390778.0,18927.0,91.0,267557.76
06-04-2026,KSA,YouTube,Always-On Brand,SAR,78608.89,1885734.0,14055.0,38.0,107117.95
06-04-2026,KSA,youtube,Galaxy Flagship Launch,SAR,210403.1,4729448.0,30682.0,107.0,300962.42
06-04-2026,KSA,Programmatic Display,Always-On Brand,SAR,112877.84,8474622.0,7383.0,13.0,38217.33
06-04-2026,KSA,Programmatic Display,Galaxy Flagship Launch,SAR,75258.85,5559846.0,4344.0,7.0,19077.78
06-04-2026,KSA,TV,Always-On Brand,SAR,294502.25,5571878.0,0.0,0.0,0.0
06-04-2026,KSA,TV,Galaxy Flagship Launch,SAR,79727.83,1442602.0,0.0,0.0,0.0
06-04-2026,KSA,OOH,Always-On Brand,SAR,52355.35,2817089.0,0.0,0.0,0.0
06-04-2026,KSA,Out of Home,Galaxy Flagship Launch,SAR,46277.03,2449341.0,0.0,0.0,0.0
06-04-2026,Egypt,Paid Search,Always-On Brand,EGP,922479.56,412677.0,29073.0,410.0,4137603.76
06-04-2026,Egypt,Paid Search,Galaxy Flagship Launch,EGP,580200.61,257856.0,14120.0,165.0,1648570.96
06-04-2026,Egypt,META,Always-On Brand,EGP,397315.13,930932.0,10977.0,77.0,802182.92
06-04-2026,Egypt,META,Galaxy Flagship Launch,EGP,1229052.36,2964660.0,28809.0,215.0,2340496.9
06-04-2026,Egypt,TikTok,Always-On Brand,EGP,343697.05,1168979.0,18045.0,79.0,846494.71
06-04-2026,Egypt,TikTok,Galaxy Flagship Launch,EGP,600134.03,1976340.0,27249.0,110.0,1107132.08
06-04-2026,Egypt,YT,Always-On Brand,EGP,670895.06,1302029.0,9813.0,31.0,333724.5
06-04-2026,Egypt,YouTube,Galaxy Flagship Launch,EGP,475187.28,936557.0,6740.0,21.0,226487.23
06-04-2026,Egypt,Programmatic,Always-On Brand,EGP,355247.4,2179607.0,2088.0,4.0,39581.95
06-04-2026,Egypt,Programmatic Display,Galaxy Flagship Launch,EGP,405505.29,2438895.0,2157.0,4.0,43336.69
06-04-2026,Egypt,tv,Always-On Brand,EGP,954980.47,1367578.0,0.0,0.0,0.0
06-04-2026,Egypt,tv,Galaxy Flagship Launch,EGP,577055.86,844084.0,0.0,0.0,0.0
06-04-2026,Egypt,ooh,Always-On Brand,EGP,43762.66,155891.0,0.0,0.0,0.0
06-04-2026,Egypt,Out of Home,Galaxy Flagship Launch,EGP,334578.19,1197522.0,0.0,0.0,0.0
13-04-2026,UAE,Paid Search,Always-On Brand,AED,169547.75,1108544.0,64937.0,1024.0,2696060.28
13-04-2026,UAE,Search,Galaxy Flagship Launch,AED,95285.45,558437.0,37876.0,381.0,994008.58
13-04-2026,UAE,meta,Always-On Brand,AED,197970.25,5677442.0,68837.0,450.0,1201155.15
13-04-2026,UAE  ,Meta,Galaxy Flagship Launch,AED,78362.71,2672813.0,31349.0,182.0,464459.17
13-04-2026,UAE,TikTok,Always-On Brand,AED,83550.2,3578498.0,52450.0,204.0,552511.89
13-04-2026,UAE,tiktok,Galaxy Flagship Launch,AED,77901.44,3242181.0,45438.0,194.0,510475.44
13-04-2026,UAE,youtube,Always-On Brand,AED,49536.74,1331509.0,9158.0,29.0,75856.86
13-04-2026,UAE,YouTube,Galaxy Flagship Launch,AED,166321.13,3980074.0,23422.0,87.0,227073.08
13-04-2026,UAE,Programmatic Display,Always-On Brand,AED,77276.72,6091400.0,5812.0,11.0,28439.46
13-04-2026,UAE,Programmatic,Galaxy Flagship Launch,AED,65601.79,5434424.0,4933.0,7.0,17464.33
13-04-2026,UAE,Television,Always-On Brand,AED,29699.62,621354.0,0.0,0.0,0.0
13-04-2026,UAE,tv,Galaxy Flagship Launch,AED,241392.02,5182818.0,0.0,0.0,0.0
13-04-2026,UAE,Out of Home,Always-On Brand,AED,35783.03,1774088.0,0.0,0.0,0.0
13-04-2026,UAE,Out of Home,Galaxy Flagship Launch,AED,37521.57,1887447.0,0.0,0.0,0.0
13-04-2026,KSA,Search,Always-On Brand,SAR,310604.76,1868566.0,106514.0,1490.0,4293461.18
13-04-2026,KSA  ,Paid Search,Galaxy Flagship Launch,SAR,61321.64,387457.0,26521.0,391.0,1134663.01
13-04-2026,KSA,META,Always-On Brand,SAR,78637.82,2328709.0,29829.0,189.0,534199.67
13-04-2026,KSA,meta,Galaxy Flagship Launch,SAR,281193.89,7840766.0,87622.0,482.0,1341421.56
13-04-2026,KSA,Tik Tok,Always-On Brand,SAR,160785.75,6760369.0,87608.0,355.0,962210.01
13-04-2026,KSA,tiktok,Galaxy Flagship Launch,SAR,82044.31,3459974.0,48103.0,161.0,449893.66
13-04-2026,KSA,YouTube,Always-On Brand,SAR,147977.72,3160401.0,24743.0,64.0,187779.97
13-04-2026,KSA  ,youtube,Galaxy Flagship Launch,SAR,137867.98,3088427.0,23465.0,64.0,178463.85
13-04-2026,KSA,Display,Always-On Brand,SAR,16344.0,1338831.0,1326.0,2.0,5409.1
13-04-2026,KSA,Display,Galaxy Flagship Launch,SAR,164400.78,11704223.0,9811.0,16.0,43427.2
13-04-2026,KSA,tv,Always-On Brand,SAR,243380.69,4700956.0,0.0,0.0,0.0
13-04-2026,KSA,Television,Galaxy Flagship Launch,SAR,148721.3,2632943.0,0.0,0.0,0.0
13-04-2026,KSA,ooh,Always-On Brand,SAR,63285.13,2779035.0,0.0,0.0,0.0
13-04-2026,KSA,OOH,Galaxy Flagship Launch,SAR,32522.0,1495402.0,0.0,0.0,0.0
13-04-2026,Egypt,Paid Search,Always-On Brand,EGP,868982.31,409611.0,27509.0,338.0,3483203.72
13-04-2026,Egypt,Search,Galaxy Flagship Launch,EGP,628039.44,297712.0,17838.0,244.0,2605271.72
13-04-2026,Egypt,META,Always-On Brand,EGP,1131470.75,2563964.0,28607.0,173.0,1913645.75
13-04-2026,Egypt,Facebook/Instagram,Galaxy Flagship Launch,EGP,364270.02,840029.0,9461.0,55.0,558085.89
13-04-2026,Egypt  ,TikTok,Always-On Brand,EGP,320273.75,1060397.0,13747.0,59.0,604920.99
13-04-2026,Egypt,tiktok,Galaxy Flagship Launch,EGP,639814.49,1974767.0,26660.0,118.0,1218660.37
13-04-2026,Egypt,YouTube,Always-On Brand,EGP,801587.0,1406425.0,9275.0,28.0,308908.55
13-04-2026,Egypt,YT,Galaxy Flagship Launch,EGP,432245.59,855742.0,5734.0,19.0,196481.52
13-04-2026,Egypt,Programmatic Display,Always-On Brand,EGP,356901.34,2203842.0,2042.0,3.0,31919.19
13-04-2026,Egypt,Programmatic,Galaxy Flagship Launch,EGP,443311.63,2572180.0,2323.0,4.0,42838.69
13-04-2026,Egypt,tv,Always-On Brand,EGP,1612865.01,2161405.0,0.0,0.0,0.0
13-04-2026,Egypt,tv,Galaxy Flagship Launch,EGP,108120.66,145897.0,0.0,0.0,0.0
13-04-2026,Egypt,OOH,Always-On Brand,EGP,259772.04,953718.0,0.0,0.0,0.0
13-04-2026,Egypt,Out of Home,Galaxy Flagship Launch,EGP,132174.4,482940.0,0.0,0.0,0.0
20-04-2026,UAE,Paid Search,Always-On Brand,AED,250372.51,1511365.0,97610.0,1461.0,3870198.45
20-04-2026,UAE,META,Always-On Brand,AED,275476.77,7690385.0,86170.0,530.0,1440841.51
20-04-2026,UAE,Tik Tok,Always-On Brand,AED,167881.71,8753603.0,116225.0,507.0,1306666.2
20-04-2026,UAE,YT,Always-On Brand,AED,207276.52,5102831.0,35674.0,98.0,260940.79
20-04-2026,UAE,Programmatic Display,Always-On Brand,AED,139197.44,10173012.0,8588.0,14.0,36823.32
20-04-2026,UAE,Television,Always-On Brand,AED,284102.49,4993961.0,0.0,0.0,0.0
20-04-2026,UAE,ooh,Always-On Brand,AED,69292.26,3316777.0,0.0,0.0,0.0
20-04-2026,KSA,Paid Search,Always-On Brand,SAR,366145.84,2217949.0,154402.0,2125.0,6088398.28
20-04-2026,KSA,meta,Always-On Brand,SAR,437746.51,12395065.0,158491.0,1022.0,2870311.77
20-04-2026,KSA,tiktok,Always-On Brand,SAR,241575.68,10357871.0,150710.0,621.0,1647994.18
20-04-2026,KSA,youtube,Always-On Brand,SAR,284087.22,7348528.0,53755.0,147.0,425023.81
20-04-2026,KSA,Programmatic,Always-On Brand,SAR,194758.83,16325473.0,15397.0,23.0,63947.41
20-04-2026,KSA,TV,Always-On Brand,SAR,379677.06,7840178.0,0.0,0.0,0.0
20-04-2026,KSA,Out of Home,Always-On Brand,SAR,94260.27,5002862.0,0.0,0.0,0.0
20-04-2026,Egypt,Search,Always-On Brand,EGP,1387510.44,632785.0,38585.0,502.0,5402553.43
20-04-2026,Egypt,Facebook/Instagram,Always-On Brand,EGP,1474573.04,3244272.0,34156.0,214.0,2229089.07
20-04-2026,Egypt,tiktok,Always-On Brand,EGP,1009955.37,3141758.0,43327.0,196.0,1997207.72
20-04-2026,Egypt,YT,Always-On Brand,EGP,1244268.05,2355707.0,19452.0,65.0,694040.61
20-04-2026,Egypt,Display,Always-On Brand,EGP,817472.07,5088095.0,4505.0,8.0,85732.72
20-04-2026,Egypt,Television,Always-On Brand,EGP,1410516.38,2081361.0,0.0,0.0,0.0
20-04-2026,Egypt,OOH,Always-On Brand,EGP,412160.9,1550669.0,0.0,0.0,0.0
27-04-2026,UAE,paid_search,Always-On Brand,AED,255775.82,1420022.0,92813.0,1378.0,3557921.5
27-04-2026,UAE,Meta,Always-On Brand,AED,293279.37,8178526.0,86438.0,554.0,1362855.44
27-04-2026,UAE  ,Tik Tok,Always-On Brand,AED,174812.19,7626021.0,99363.0,403.0,1109171.08
27-04-2026,UAE,YT,Always-On Brand,AED,205988.44,5430414.0,38777.0,107.0,286481.26
27-04-2026,UAE,Programmatic,Always-On Brand,AED,133832.94,11151322.0,10984.0,19.0,47191.47
27-04-2026,UAE,tv,Always-On Brand,AED,272179.19,5357332.0,0.0,0.0,0.0
27-04-2026,UAE,OOH,Always-On Brand,AED,71272.14,3390349.0,0.0,0.0,0.0
27-04-2026,KSA,Search,Always-On Brand,SAR,313936.74,1483315.0,89377.0,1185.0,3129269.1
27-04-2026,KSA,Meta,Always-On Brand,SAR,383078.08,10485710.0,122649.0,855.0,2316774.98
27-04-2026,KSA,Tik Tok,Always-On Brand,SAR,236690.2,10620573.0,138005.0,618.0,1651610.86
27-04-2026,KSA,YT,Always-On Brand,SAR,305736.56,8065945.0,47912.0,182.0,487157.84
27-04-2026,KSA,Programmatic,Always-On Brand,SAR,194633.18,15756723.0,13287.0,23.0,67406.23
27-04-2026,KSA  ,tv,Always-On Brand,SAR,376895.35,7465520.0,0.0,0.0,0.0
27-04-2026,KSA,Out of Home,Always-On Brand,SAR,95342.99,4342270.0,0.0,0.0,0.0
27-04-2026,Egypt,Search,Always-On Brand,EGP,1306576.69,535141.0,38324.0,590.0,6171179.28
27-04-2026,Egypt,META,Always-On Brand,EGP,1373850.83,2751649.0,31055.0,218.0,2246357.44
27-04-2026,Egypt,Tik Tok,Always-On Brand,EGP,904178.82,3018079.0,44355.0,208.0,2118842.87
27-04-2026,Egypt  ,YouTube,Always-On Brand,EGP,1184379.97,2391307.0,14702.0,55.0,576085.23
27-04-2026,Egypt,Display,Always-On Brand,EGP,770804.56,4431261.0,3666.0,6.0,62719.42
27-04-2026,Egypt,Television,Always-On Brand,EGP,1581616.52,2374814.0,0.0,0.0,0.0
27-04-2026,Egypt,Out of Home,Always-On Brand,EGP,397883.36,1626440.0,0.0,0.0,0.0
04-05-2026,UAE,paid_search,Always-On Brand,AED,248767.16,1337071.0,84093.0,1222.0,3082838.96
04-05-2026,UAE,meta,Always-On Brand,AED,299540.38,7433644.0,87357.0,519.0,1419524.68
04-05-2026,UAE,TikTok,Always-On Brand,AED,173432.0,7862524.0,112490.0,545.0,1356602.51
04-05-2026,UAE,youtube,Always-On Brand,AED,224823.8,5408078.0,38546.0,136.0,351407.55
04-05-2026,UAE  ,Programmatic Display,Always-On Brand,AED,140564.63,11113261.0,9496.0,13.0,32336.29
04-05-2026,UAE,TV,Always-On Brand,AED,278332.06,5212069.0,0.0,0.0,0.0
04-05-2026,UAE,ooh,Always-On Brand,AED,69775.68,3911677.0,0.0,0.0,0.0
04-05-2026,KSA,PaidSearch,Always-On Brand,SAR,317507.67,1628643.0,107989.0,1377.0,3789934.78
04-05-2026,KSA,Meta,Always-On Brand,SAR,390085.2,10312815.0,112099.0,614.0,1773353.95
04-05-2026,KSA,tiktok,Always-On Brand,SAR,208404.91,8595823.0,133865.0,606.0,1701452.84
04-05-2026,KSA,YT,Always-On Brand,SAR,296709.39,7990876.0,65767.0,189.0,531146.66
04-05-2026,KSA,Display,Always-On Brand,SAR,194228.07,15437133.0,15045.0,23.0,60257.86
04-05-2026,KSA,Television,Always-On Brand,SAR,377399.63,6771026.0,0.0,0.0,0.0
04-05-2026,KSA,OOH,Always-On Brand,SAR,100430.73,5266596.0,0.0,0.0,0.0
04-05-2026,Egypt,Paid Search,Always-On Brand,EGP,1472529.72,640448.0,38484.0,515.0,5425275.71
04-05-2026,Egypt  ,meta,Always-On Brand,EGP,1561215.46,2961945.0,30796.0,188.0,1926845.97
04-05-2026,Egypt,TikTok,Always-On Brand,EGP,893100.87,3026691.0,42110.0,162.0,1712483.34
04-05-2026,Egypt,YT,Always-On Brand,EGP,1147258.45,2278450.0,18310.0,60.0,655491.28
04-05-2026,Egypt,Programmatic Display,Always-On Brand,EGP,805868.66,5077206.0,5272.0,10.0,99601.59
04-05-2026,Egypt,tv,Always-On Brand,EGP,1594087.06,2301954.0,0.0,0.0,0.0
04-05-2026,Egypt,Out of Home,Always-On Brand,EGP,360271.23,1368090.0,0.0,0.0,0.0
11-05-2026,UAE,Search,Always-On Brand,AED,241256.36,1407426.0,86481.0,970.0,2529716.19
11-05-2026,UAE,meta,Always-On Brand,AED,267270.2,7328790.0,88877.0,563.0,1472527.35
11-05-2026,UAE,tiktok,Always-On Brand,AED,170576.33,7124672.0,92485.0,381.0,987999.28
11-05-2026,UAE,youtube,Always-On Brand,AED,207090.25,5103151.0,35046.0,112.0,284230.99
11-05-2026,UAE,Programmatic,Always-On Brand,AED,129998.93,9748276.0,9024.0,14.0,36844.89
11-05-2026,UAE,TV,Always-On Brand,AED,266210.33,4666609.0,0.0,0.0,0.0
11-05-2026,UAE,OOH,Always-On Brand,AED,73131.27,3947587.0,0.0,0.0,0.0
11-05-2026,KSA,paid_search,Always-On Brand,SAR,327611.9,1638925.0,108426.0,1321.0,3686451.64
11-05-2026,KSA  ,Meta,Always-On Brand,SAR,392891.61,9537229.0,100981.0,585.0,1595302.0
11-05-2026,KSA,Tik Tok,Always-On Brand,SAR,215469.93,8762694.0,126380.0,565.0,1615047.89
11-05-2026,KSA,YouTube,Always-On Brand,SAR,300855.78,7679158.0,53035.0,170.0,459183.16
11-05-2026,KSA,Programmatic Display,Always-On Brand,SAR,202025.03,14509558.0,11896.0,20.0,54017.85
11-05-2026,KSA,Television,Always-On Brand,SAR,409137.61,7063923.0,0.0,0.0,0.0
11-05-2026,KSA,Out of Home,Always-On Brand,SAR,98053.92,5164264.0,0.0,0.0,0.0
11-05-2026,Egypt,paid_search,Always-On Brand,EGP,1393538.03,529059.0,30011.0,371.0,4015942.87
11-05-2026,Egypt,META,Always-On Brand,EGP,1580325.32,3122964.0,33695.0,159.0,1727679.13
11-05-2026,Egypt,TikTok,Always-On Brand,EGP,902066.56,3132650.0,38630.0,148.0,1550838.38
11-05-2026,Egypt,youtube,Always-On Brand,EGP,1116285.59,2160905.0,15187.0,62.0,670695.95
11-05-2026,Egypt,Display,Always-On Brand,EGP,741735.06,4523600.0,3948.0,6.0,63582.61
11-05-2026,Egypt,TV,Always-On Brand,EGP,1578954.46,2423714.0,0.0,0.0,0.0
11-05-2026,Egypt,Out of Home,Always-On Brand,EGP,389313.9,1409929.0,0.0,0.0,0.0
18-05-2026,UAE,Search,Always-On Brand,AED,246573.28,1134487.0,72166.0,1105.0,2899757.78
18-05-2026,UAE,Facebook/Instagram,Always-On Brand,AED,304053.21,7387931.0,97027.0,549.0,1397649.8
18-05-2026,UAE,TikTok,Always-On Brand,AED,165853.52,6884065.0,82524.0,333.0,872681.73
18-05-2026,UAE,YouTube,Always-On Brand,AED,215785.4,5347491.0,40671.0,136.0,352952.83
18-05-2026,UAE,Display,Always-On Brand,AED,151147.23,11025335.0,9356.0,14.0,36883.9
18-05-2026,UAE,TV,Always-On Brand,AED,298513.9,5790365.0,0.0,0.0,0.0
18-05-2026,UAE,ooh,Always-On Brand,AED,72517.79,3892319.0,0.0,0.0,0.0
18-05-2026,KSA,paid_search,Always-On Brand,SAR,341964.62,1563101.0,79284.0,1334.0,3906657.76
18-05-2026,KSA,Facebook/Instagram,Always-On Brand,SAR,398587.61,9779855.0,114624.0,782.0,2210262.12
18-05-2026,KSA,tiktok,Always-On Brand,SAR,245646.49,10034919.0,129360.0,639.0,1850872.44
18-05-2026,KSA,YouTube,Always-On Brand,SAR,297348.43,7646613.0,56426.0,179.0,490037.4
18-05-2026,KSA,Programmatic Display,Always-On Brand,SAR,209400.74,15439036.0,13387.0,25.0,72408.44
18-05-2026,KSA,tv,Always-On Brand,SAR,378633.92,7316937.0,0.0,0.0,0.0
18-05-2026,KSA,ooh,Always-On Brand,SAR,93620.62,4697971.0,0.0,0.0,0.0
18-05-2026,Egypt,Search,Always-On Brand,EGP,1446150.48,553524.0,35463.0,385.0,4072050.8
18-05-2026,Egypt,Facebook/Instagram,Always-On Brand,EGP,1481192.18,3094363.0,40334.0,232.0,2296753.44
18-05-2026,Egypt,tiktok,Always-On Brand,EGP,955770.88,3269779.0,39237.0,160.0,1719351.04
18-05-2026,Egypt,YouTube,Always-On Brand,EGP,1081146.5,2023330.0,13615.0,42.0,447479.52
18-05-2026,Egypt,Programmatic Display,Always-On Brand,EGP,818730.74,4728289.0,4569.0,8.0,83825.54
18-05-2026,Egypt,TV,Always-On Brand,EGP,1576595.26,2395574.0,0.0,0.0,0.0
18-05-2026,Egypt,ooh,Always-On Brand,EGP,370426.72,1489766.0,0.0,0.0,0.0
25-05-2026,UAE,Search,Always-On Brand,AED,260394.57,1327995.0,96375.0,1516.0,3906443.95
25-05-2026,UAE,Meta,Always-On Brand,AED,270044.53,6447978.0,75856.0,399.0,1005004.96
25-05-2026,UAE,tiktok,Always-On Brand,AED,167163.95,7978723.0,122863.0,578.0,1510180.37
25-05-2026,UAE,YouTube,Always-On Brand,AED,219644.32,5266867.0,37496.0,135.0,370647.36
25-05-2026,UAE,Display,Always-On Brand,AED,129660.14,10899037.0,9481.0,18.0,44612.35
25-05-2026,UAE,Television,Always-On Brand,AED,270227.74,5292362.0,0.0,0.0,0.0
25-05-2026,UAE,Out of Home,Always-On Brand,AED,74404.62,3742609.0,0.0,0.0,0.0
25-05-2026,KSA,Paid Search,Always-On Brand,SAR,356088.5,1701330.0,89022.0,1296.0,3481698.0
25-05-2026,KSA,Meta,Always-On Brand,SAR,403402.31,10374218.0,131176.0,890.0,2376186.29
25-05-2026,KSA,tiktok,Always-On Brand,SAR,221720.05,9219299.0,141070.0,552.0,1488599.34
25-05-2026,KSA,YouTube,Always-On Brand,SAR,299934.37,7493782.0,50873.0,178.0,519661.42
25-05-2026,KSA,Programmatic Display,Always-On Brand,SAR,205338.91,15620693.0,12082.0,22.0,58637.76
25-05-2026,KSA,TV,Always-On Brand,SAR,385007.27,7239365.0,0.0,0.0,0.0
25-05-2026,KSA,Out of Home,Always-On Brand,SAR,90950.8,4555507.0,0.0,0.0,0.0
25-05-2026,Egypt,paid_search,Always-On Brand,EGP,1273181.77,491993.0,32798.0,570.0,5785467.04
25-05-2026,Egypt,Facebook/Instagram,Always-On Brand,EGP,1620891.6,3072359.0,42921.0,256.0,2635853.2
25-05-2026,Egypt,TikTok,Always-On Brand,EGP,980704.11,3293354.0,46010.0,149.0,1500032.65
25-05-2026,Egypt  ,YT,Always-On Brand,EGP,1207691.06,2298784.0,16861.0,56.0,610138.13
25-05-2026,Egypt,Programmatic Display,Always-On Brand,EGP,770587.65,4999468.0,4449.0,6.0,65571.67
25-05-2026,Egypt,TV,Always-On Brand,EGP,1507882.0,2393135.0,0.0,0.0,0.0
25-05-2026,Egypt,ooh,Always-On Brand,EGP,388602.78,1488980.0,0.0,0.0,0.0
01-06-2026,UAE,PaidSearch,Always-On Brand,AED,257390.17,1185636.0,75482.0,918.0,2290203.97
01-06-2026,UAE,Facebook/Instagram,Always-On Brand,AED,281498.75,6921366.0,86078.0,501.0,1262570.69
01-06-2026,UAE,TikTok,Always-On Brand,AED,167897.87,7328754.0,90048.0,376.0,1037991.56
01-06-2026,UAE,YT,Always-On Brand,AED,221187.58,5243229.0,38401.0,126.0,322532.0
01-06-2026,UAE,Programmatic Display,Always-On Brand,AED,144734.64,12155850.0,11142.0,20.0,50387.29
01-06-2026,UAE,tv,Always-On Brand,AED,282142.97,5472506.0,0.0,0.0,0.0
01-06-2026,UAE  ,Out of Home,Always-On Brand,AED,74098.81,3562150.0,0.0,0.0,0.0
01-06-2026,KSA,Paid Search,Always-On Brand,SAR,335024.69,1627169.0,102866.0,1486.0,4300112.8
01-06-2026,KSA,Facebook/Instagram,Always-On Brand,SAR,399345.12,9232061.0,107880.0,813.0,2360347.66
01-06-2026,KSA,TikTok,Always-On Brand,SAR,213029.88,9738437.0,135128.0,676.0,1775895.03
01-06-2026,KSA,YT,Always-On Brand,SAR,282823.27,6359266.0,45098.0,150.0,430024.91
01-06-2026,KSA  ,Programmatic,Always-On Brand,SAR,199136.47,15500522.0,14535.0,25.0,68949.97
01-06-2026,KSA,tv,Always-On Brand,SAR,387880.27,7026817.0,0.0,0.0,0.0
01-06-2026,KSA,Out of Home,Always-On Brand,SAR,94743.14,4557148.0,0.0,0.0,0.0
01-06-2026,Egypt,PaidSearch,Always-On Brand,EGP,1516800.27,520733.0,28589.0,409.0,4427550.57
01-06-2026,Egypt,Meta,Always-On Brand,EGP,1611222.0,2762547.0,26858.0,167.0,1686928.87
01-06-2026,Egypt,tiktok,Always-On Brand,EGP,795830.42,2541116.0,30142.0,114.0,1241669.92
01-06-2026,Egypt,youtube,Always-On Brand,EGP,1208524.19,2325139.0,16980.0,62.0,613074.0
01-06-2026,Egypt  ,Programmatic Display,Always-On Brand,EGP,804976.32,4406962.0,3828.0,6.0,61714.24
01-06-2026,Egypt,Television,Always-On Brand,EGP,1419299.52,1966464.0,0.0,0.0,0.0
01-06-2026,Egypt,OOH,Always-On Brand,EGP,403282.91,1501193.0,0.0,0.0,0.0
08-06-2026,UAE,Paid Search,Always-On Brand,AED,104157.1,500127.0,31668.0,520.0,1310624.28
08-06-2026,UAE,paid_search,Summer Cooling Push,AED,151902.5,727913.0,44098.0,722.0,1784603.97
08-06-2026,UAE,Facebook/Instagram,Always-On Brand,AED,112045.44,2610209.0,26966.0,141.0,359358.61
08-06-2026,UAE,Facebook/Instagram,Summer Cooling Push,AED,173474.92,3891870.0,47468.0,277.0,725913.07
08-06-2026,UAE,Tik Tok,Always-On Brand,AED,140269.28,6113695.0,87139.0,388.0,965770.33
08-06-2026,UAE,Tik Tok,Summer Cooling Push,AED,26576.96,1159065.0,15353.0,67.0,185051.59
08-06-2026,UAE  ,YT,Always-On Brand,AED,49975.43,1210122.0,10016.0,30.0,79461.29
08-06-2026,UAE,YT,Summer Cooling Push,AED,174762.3,4945799.0,36691.0,134.0,350337.71
08-06-2026,UAE,Display,Always-On Brand,AED,62298.8,4338246.0,3930.0,6.0,14944.32
08-06-2026,UAE,Programmatic,Summer Cooling Push,AED,70603.97,6253705.0,5643.0,9.0,23242.98
08-06-2026,UAE,TV,Always-On Brand,AED,69816.75,1357539.0,0.0,0.0,0.0
08-06-2026,UAE,TV,Summer Cooling Push,AED,223458.64,4571352.0,0.0,0.0,0.0
08-06-2026,UAE,OOH,Always-On Brand,AED,50885.02,2913283.0,0.0,0.0,0.0
08-06-2026,UAE,ooh,Summer Cooling Push,AED,24953.87,1215489.0,0.0,0.0,0.0
08-06-2026,KSA,PaidSearch,Always-On Brand,SAR,59862.55,248788.0,14145.0,171.0,471210.0
08-06-2026,KSA,Paid Search,Summer Cooling Push,SAR,293345.03,1252284.0,76728.0,1143.0,3284618.16
08-06-2026,KSA,Meta,Always-On Brand,SAR,285790.91,5879348.0,67705.0,313.0,913463.47
08-06-2026,KSA,Facebook/Instagram,Summer Cooling Push,SAR,92991.3,2053847.0,21674.0,139.0,406307.08
08-06-2026,KSA,tiktok,Always-On Brand,SAR,165719.91,6716326.0,102505.0,510.0,1483756.54
08-06-2026,KSA,Tik Tok,Summer Cooling Push,SAR,39687.25,1631742.0,25375.0,106.0,282463.13
08-06-2026,KSA,YT,Always-On Brand,SAR,66773.71,1749736.0,13669.0,50.0,139712.24
08-06-2026,KSA,YT,Summer Cooling Push,SAR,225296.47,5751111.0,36522.0,138.0,383185.32
08-06-2026,KSA,Programmatic Display,Always-On Brand,SAR,88977.11,6751449.0,6614.0,10.0,28332.91
08-06-2026,KSA,Programmatic,Summer Cooling Push,SAR,99751.25,8104568.0,7278.0,13.0,37224.03
08-06-2026,KSA,TV,Always-On Brand,SAR,8363.75,173432.0,0.0,0.0,0.0
08-06-2026,KSA,tv,Summer Cooling Push,SAR,352251.7,6454728.0,0.0,0.0,0.0
08-06-2026,KSA,Out of Home,Always-On Brand,SAR,37401.21,1835283.0,0.0,0.0,0.0
08-06-2026,KSA,OOH,Summer Cooling Push,SAR,58548.07,2551454.0,0.0,0.0,0.0
08-06-2026,Egypt,Paid Search,Always-On Brand,EGP,1064900.03,415743.0,27799.0,453.0,4589098.7
08-06-2026,Egypt,PaidSearch,Summer Cooling Push,EGP,761590.45,264098.0,15236.0,165.0,1777036.76
08-06-2026,Egypt,META,Always-On Brand,EGP,1169931.7,1986497.0,24087.0,154.0,1590230.67
08-06-2026,Egypt,meta,Summer Cooling Push,EGP,812895.84,1395951.0,15513.0,107.0,1130700.99
08-06-2026,Egypt,TikTok,Always-On Brand,EGP,591746.83,1752492.0,25299.0,109.0,1170955.43
08-06-2026,Egypt,Tik Tok,Summer Cooling Push,EGP,665921.58,2275842.0,28882.0,119.0,1271375.86
08-06-2026,Egypt,YouTube,Always-On Brand,EGP,1160477.65,2266078.0,16105.0,57.0,592255.78
08-06-2026,Egypt,YT,Summer Cooling Push,EGP,455886.7,897827.0,7200.0,20.0,201193.65
08-06-2026,Egypt,Programmatic Display,Always-On Brand,EGP,877503.51,5741761.0,4997.0,9.0,97644.1
08-06-2026,Egypt,Programmatic Display,Summer Cooling Push,EGP,193532.72,1172692.0,1101.0,2.0,21021.11
08-06-2026,Egypt,TV,Always-On Brand,EGP,805391.7,1243609.0,0.0,0.0,0.0
08-06-2026,Egypt,TV,Summer Cooling Push,EGP,1237092.95,1867777.0,0.0,0.0,0.0
08-06-2026,Egypt,ooh,Always-On Brand,EGP,240129.51,871256.0,0.0,0.0,0.0
08-06-2026,Egypt,Out of Home,Summer Cooling Push,EGP,257277.46,933749.0,0.0,0.0,0.0
15-06-2026,UAE,paid_search,Always-On Brand,AED,177350.2,828460.0,45843.0,695.0,1860993.08
15-06-2026,UAE,PaidSearch,Summer Cooling Push,AED,85302.58,378664.0,23077.0,349.0,961204.83
15-06-2026,UAE,meta,Always-On Brand,AED,106963.33,2344053.0,27600.0,169.0,415846.85
15-06-2026,UAE,Facebook/Instagram,Summer Cooling Push,AED,174880.77,3654622.0,40639.0,247.0,640178.7
15-06-2026,UAE,Tik Tok,Always-On Brand,AED,123140.91,5712706.0,71792.0,295.0,782495.35
15-06-2026,UAE,TikTok,Summer Cooling Push,AED,67616.41,3107447.0,41207.0,154.0,397263.27
15-06-2026,UAE,youtube,Always-On Brand,AED,171889.12,4434006.0,31925.0,111.0,283001.89
15-06-2026,UAE,YouTube,Summer Cooling Push,AED,40551.72,952067.0,7563.0,29.0,77972.18
15-06-2026,UAE,Display,Always-On Brand,AED,53897.56,3979295.0,3856.0,7.0,17433.94
15-06-2026,UAE,Display,Summer Cooling Push,AED,97256.72,7403542.0,6057.0,13.0,34005.13
15-06-2026,UAE,TV,Always-On Brand,AED,69746.83,1377277.0,0.0,0.0,0.0
15-06-2026,UAE,Television,Summer Cooling Push,AED,208237.07,4368076.0,0.0,0.0,0.0
15-06-2026,UAE,Out of Home,Always-On Brand,AED,52094.15,2489264.0,0.0,0.0,0.0
15-06-2026,UAE,Out of Home,Summer Cooling Push,AED,13836.72,682615.0,0.0,0.0,0.0
15-06-2026,KSA  ,paid_search,Always-On Brand,SAR,177842.03,744733.0,43713.0,654.0,1883583.9
15-06-2026,KSA,paid_search,Summer Cooling Push,SAR,196569.52,822284.0,54093.0,628.0,1649513.49
15-06-2026,KSA,Meta,Always-On Brand,SAR,224668.15,5009703.0,57785.0,308.0,861538.08
15-06-2026,KSA,Meta,Summer Cooling Push,SAR,166174.39,4070540.0,46320.0,279.0,803792.79
15-06-2026,KSA,tiktok,Always-On Brand,SAR,92877.66,4048106.0,56294.0,251.0,715174.99
15-06-2026,KSA,Tik Tok,Summer Cooling Push,SAR,144049.94,5828437.0,80609.0,339.0,996409.1
15-06-2026,KSA,YT,Always-On Brand,SAR,173356.71,4445629.0,38617.0,96.0,279199.43
15-06-2026,KSA,youtube,Summer Cooling Push,SAR,117763.0,3007725.0,21146.0,70.0,197149.82
15-06-2026,KSA,Programmatic,Always-On Brand,SAR,120542.99,8421557.0,7859.0,15.0,40646.36
15-06-2026,KSA,Programmatic,Summer Cooling Push,SAR,60059.21,4293947.0,3766.0,6.0,16892.09
15-06-2026,KSA,Television,Always-On Brand,SAR,77437.98,1516575.0,0.0,0.0,0.0
15-06-2026,KSA,tv,Summer Cooling Push,SAR,335993.78,6170400.0,0.0,0.0,0.0
15-06-2026,KSA,Out of Home,Always-On Brand,SAR,25157.76,1191214.0,0.0,0.0,0.0
15-06-2026,KSA,OOH,Summer Cooling Push,SAR,70469.97,3464386.0,0.0,0.0,0.0
15-06-2026,Egypt,Paid Search,Always-On Brand,EGP,1333075.0,473841.0,26617.0,334.0,3435277.84
15-06-2026,Egypt,paid_search,Summer Cooling Push,EGP,487265.19,171678.0,10768.0,136.0,1395364.49
15-06-2026,Egypt,meta,Always-On Brand,EGP,1123283.85,1923383.0,26577.0,181.0,1967139.34
15-06-2026,Egypt,META,Summer Cooling Push,EGP,894864.96,1521382.0,16249.0,78.0,840218.86
15-06-2026,Egypt,TikTok,Always-On Brand,EGP,733819.13,2417951.0,34945.0,135.0,1381633.78
15-06-2026,Egypt,tiktok,Summer Cooling Push,EGP,505920.4,1627171.0,19697.0,71.0,750635.26
15-06-2026,Egypt,YT,Always-On Brand,EGP,1046097.42,2027764.0,14533.0,54.0,534112.65
15-06-2026,Egypt,YouTube,Summer Cooling Push,EGP,441351.51,821125.0,5731.0,22.0,222392.97
15-06-2026,Egypt,Programmatic Display,Always-On Brand,EGP,222513.98,1282769.0,1145.0,3.0,29880.36
15-06-2026,Egypt,Display,Summer Cooling Push,EGP,911673.21,5040451.0,4697.0,8.0,80654.81
15-06-2026,Egypt,TV,Always-On Brand,EGP,630135.81,984169.0,0.0,0.0,0.0
15-06-2026,Egypt,TV,Summer Cooling Push,EGP,1481601.03,1938256.0,0.0,0.0,0.0
15-06-2026,Egypt,OOH,Always-On Brand,EGP,135497.59,512072.0,0.0,0.0,0.0
15-06-2026,Egypt,ooh,Summer Cooling Push,EGP,371105.81,1469927.0,0.0,0.0,0.0
22-06-2026,UAE,Search,Always-On Brand,AED,179126.63,773911.0,51897.0,714.0,1936070.07
22-06-2026,UAE,paid_search,Summer Cooling Push,AED,77165.58,400468.0,24853.0,353.0,944220.24
22-06-2026,UAE,meta,Always-On Brand,AED,110529.33,2475424.0,29217.0,201.0,536303.25
22-06-2026,UAE,Meta,Summer Cooling Push,AED,177245.15,4337518.0,51449.0,319.0,795944.93
22-06-2026,UAE,Tik Tok,Always-On Brand,AED,113718.38,5410725.0,56777.0,244.0,621474.09
22-06-2026,UAE,tiktok,Summer Cooling Push,AED,83974.12,3687642.0,56945.0,261.0,665092.21
22-06-2026,UAE,youtube,Always-On Brand,AED,188766.14,4316831.0,31953.0,91.0,235825.36
22-06-2026,UAE,youtube,Summer Cooling Push,AED,34725.04,877862.0,6919.0,21.0,52342.63
22-06-2026,UAE,Programmatic Display,Always-On Brand,AED,93473.2,6452095.0,6378.0,10.0,26365.13
22-06-2026,UAE,Programmatic Display,Summer Cooling Push,AED,57582.0,4772925.0,4445.0,7.0,17399.34
22-06-2026,UAE,TV,Always-On Brand,AED,138427.47,2845814.0,0.0,0.0,0.0
22-06-2026,UAE  ,Television,Summer Cooling Push,AED,150187.6,2733482.0,0.0,0.0,0.0
22-06-2026,UAE  ,OOH,Always-On Brand,AED,26933.39,1449851.0,0.0,0.0,0.0
22-06-2026,UAE,ooh,Summer Cooling Push,AED,49574.54,2299321.0,0.0,0.0,0.0
22-06-2026,KSA,PaidSearch,Always-On Brand,SAR,195803.1,899562.0,41815.0,630.0,1712146.25
22-06-2026,KSA,PaidSearch,Summer Cooling Push,SAR,151946.6,700655.0,35650.0,567.0,1658855.77
22-06-2026,KSA,meta,Always-On Brand,SAR,103654.39,2449659.0,34943.0,215.0,596628.72
22-06-2026,KSA,Meta,Summer Cooling Push,SAR,265259.55,5315249.0,60812.0,450.0,1303098.53
22-06-2026,KSA,tiktok,Always-On Brand,SAR,127614.87,5923772.0,88141.0,426.0,1164278.34
22-06-2026,KSA,tiktok,Summer Cooling Push,SAR,102058.43,4387908.0,63000.0,254.0,671269.23
22-06-2026,KSA,YT,Always-On Brand,SAR,224666.48,5952221.0,45010.0,173.0,463688.1
22-06-2026,KSA,YT,Summer Cooling Push,SAR,52744.96,1236079.0,9993.0,32.0,91034.76
22-06-2026,KSA,Display,Always-On Brand,SAR,116924.68,9002485.0,8008.0,14.0,38410.33
22-06-2026,KSA,Display,Summer Cooling Push,SAR,99522.4,7907493.0,7415.0,14.0,40642.94
22-06-2026,KSA,TV,Always-On Brand,SAR,167339.14,3151953.0,0.0,0.0,0.0
22-06-2026,KSA,TV,Summer Cooling Push,SAR,231622.47,4112295.0,0.0,0.0,0.0
22-06-2026,KSA,OOH,Always-On Brand,SAR,37306.88,1800479.0,0.0,0.0,0.0
22-06-2026,KSA,Out of Home,Summer Cooling Push,SAR,57928.68,2745450.0,0.0,0.0,0.0
22-06-2026,Egypt,PaidSearch,Always-On Brand,EGP,738620.3,256636.0,15057.0,239.0,2408469.68
22-06-2026,Egypt,Search,Summer Cooling Push,EGP,1166016.47,430691.0,27259.0,349.0,3828108.91
22-06-2026,Egypt,meta,Always-On Brand,EGP,162918.11,278246.0,3261.0,20.0,198636.27
22-06-2026,Egypt,meta,Summer Cooling Push,EGP,1879474.26,3082521.0,31031.0,191.0,2056593.31
22-06-2026,Egypt,Tik Tok,Always-On Brand,EGP,678490.43,2356702.0,34955.0,148.0,1615201.9
22-06-2026,Egypt,tiktok,Summer Cooling Push,EGP,591255.67,1990060.0,28985.0,128.0,1287150.8
22-06-2026,Egypt,YouTube,Always-On Brand,EGP,188296.07,325000.0,2339.0,8.0,79458.63
22-06-2026,Egypt,YouTube,Summer Cooling Push,EGP,1512574.94,2963329.0,23411.0,78.0,830656.28
22-06-2026,Egypt,Display,Always-On Brand,EGP,246478.8,1369805.0,1248.0,2.0,19851.04
22-06-2026,Egypt,Display,Summer Cooling Push,EGP,848492.15,5383206.0,4949.0,10.0,102836.09
22-06-2026,Egypt,TV,Always-On Brand,EGP,948346.11,1431390.0,0.0,0.0,0.0
22-06-2026,Egypt,tv,Summer Cooling Push,EGP,1101021.94,1629110.0,0.0,0.0,0.0
22-06-2026,Egypt,ooh,Always-On Brand,EGP,294939.6,1125690.0,0.0,0.0,0.0
22-06-2026,Egypt,ooh,Summer Cooling Push,EGP,215944.32,721212.0,0.0,0.0,0.0
29-06-2026,UAE,Search,Always-On Brand,AED,154746.78,735470.0,39499.0,614.0,1642051.33
29-06-2026,UAE,paid_search,Summer Cooling Push,AED,110759.62,546765.0,30795.0,332.0,856156.19
29-06-2026,UAE,META,Always-On Brand,AED,209983.74,4534793.0,47828.0,259.0,673799.99
29-06-2026,UAE,META,Summer Cooling Push,AED,84843.06,1896784.0,22522.0,159.0,433123.67
29-06-2026,UAE,tiktok,Always-On Brand,AED,31438.69,1362400.0,19407.0,74.0,195854.97
29-06-2026,UAE,Tik Tok,Summer Cooling Push,AED,147079.07,6410092.0,92258.0,374.0,985555.85
29-06-2026,UAE,YT,Always-On Brand,AED,119734.2,2845719.0,18414.0,64.0,176162.09
29-06-2026,UAE,youtube,Summer Cooling Push,AED,116059.65,2671396.0,21237.0,72.0,192838.12
29-06-2026,UAE,Display,Always-On Brand,AED,28924.74,2160640.0,2018.0,3.0,7385.23
29-06-2026,UAE,Programmatic Display,Summer Cooling Push,AED,115927.12,9731439.0,9893.0,19.0,48372.57
29-06-2026,UAE,Television,Always-On Brand,AED,157665.71,2984210.0,0.0,0.0,0.0
29-06-2026,UAE,tv,Summer Cooling Push,AED,161155.8,3016176.0,0.0,0.0,0.0
29-06-2026,UAE,Out of Home,Always-On Brand,AED,39707.99,2022113.0,0.0,0.0,0.0
29-06-2026,UAE,ooh,Summer Cooling Push,AED,33439.17,1741418.0,0.0,0.0,0.0
29-06-2026,KSA,Paid Search,Always-On Brand,SAR,91395.54,399654.0,24659.0,377.0,1083606.61
29-06-2026,KSA,Paid Search,Summer Cooling Push,SAR,264286.67,1218590.0,78890.0,956.0,2761758.11
29-06-2026,KSA,meta,Always-On Brand,SAR,80552.31,1799275.0,20263.0,131.0,373128.97
29-06-2026,KSA,META,Summer Cooling Push,SAR,263506.64,6074763.0,71109.0,471.0,1372200.42
29-06-2026,KSA  ,TikTok,Always-On Brand,SAR,197521.63,9397838.0,138383.0,732.0,2037219.22
29-06-2026,KSA,tiktok,Summer Cooling Push,SAR,60312.09,2446555.0,33937.0,149.0,427285.52
29-06-2026,KSA,youtube,Always-On Brand,SAR,154909.92,4202437.0,31328.0,98.0,271225.78
29-06-2026,KSA,YT,Summer Cooling Push,SAR,127604.48,2725617.0,21019.0,62.0,171817.67
29-06-2026,KSA,Display,Always-On Brand,SAR,97896.91,7546734.0,6875.0,11.0,30966.52
29-06-2026,KSA  ,Programmatic Display,Summer Cooling Push,SAR,105707.58,8340667.0,6574.0,10.0,28350.49
29-06-2026,KSA,tv,Always-On Brand,SAR,132923.12,2624386.0,0.0,0.0,0.0
29-06-2026,KSA,TV,Summer Cooling Push,SAR,278134.93,5457869.0,0.0,0.0,0.0
29-06-2026,KSA,Out of Home,Always-On Brand,SAR,62644.73,3076880.0,0.0,0.0,0.0
29-06-2026,KSA,Out of Home,Summer Cooling Push,SAR,34176.67,1537920.0,0.0,0.0,0.0
29-06-2026,Egypt,Paid Search,Always-On Brand,EGP,989229.7,370381.0,22569.0,379.0,3935361.35
29-06-2026,Egypt,PaidSearch,Summer Cooling Push,EGP,894264.96,327806.0,18821.0,230.0,2545766.13
29-06-2026,Egypt,meta,Always-On Brand,EGP,1142100.48,1739145.0,18599.0,102.0,1018976.94
29-06-2026,Egypt,Facebook/Instagram,Summer Cooling Push,EGP,1071297.38,1933940.0,21448.0,113.0,1244878.45
29-06-2026,Egypt,Tik Tok,Always-On Brand,EGP,314570.47,1140849.0,15219.0,68.0,710105.04
29-06-2026,Egypt,Tik Tok,Summer Cooling Push,EGP,977025.99,3380795.0,47030.0,162.0,1624585.82
29-06-2026,Egypt,YouTube,Always-On Brand,EGP,739556.21,1478412.0,9094.0,27.0,279046.67
29-06-2026,Egypt,youtube,Summer Cooling Push,EGP,797994.48,1626591.0,11210.0,32.0,336601.97
29-06-2026,Egypt,Programmatic,Always-On Brand,EGP,695977.39,4089778.0,3677.0,7.0,74185.76
29-06-2026,Egypt,Programmatic,Summer Cooling Push,EGP,421462.46,2492050.0,2108.0,4.0,42259.89
29-06-2026,Egypt,Television,Always-On Brand,EGP,881133.9,1272247.0,0.0,0.0,0.0
29-06-2026,Egypt,tv,Summer Cooling Push,EGP,1200641.16,1852065.0,0.0,0.0,0.0
29-06-2026,Egypt,OOH,Always-On Brand,EGP,329216.55,1123166.0,0.0,0.0,0.0
29-06-2026,Egypt,Out of Home,Summer Cooling Push,EGP,216911.33,767044.0,0.0,0.0,0.0
06-07-2026,UAE,PaidSearch,Always-On Brand,AED,154637.97,720531.0,47983.0,670.0,1731728.76
06-07-2026,UAE,paid_search,Summer Cooling Push,AED,100149.33,445800.0,27259.0,373.0,945693.07
06-07-2026,UAE,meta,Always-On Brand,AED,143302.51,2923821.0,30268.0,189.0,510870.18
06-07-2026,UAE,Facebook/Instagram,Summer Cooling Push,AED,144070.78,3592321.0,40202.0,244.0,623309.92
06-07-2026,UAE,Tik Tok,Always-On Brand,AED,132027.14,5491457.0,85616.0,411.0,1018799.08
06-07-2026,UAE,Tik Tok,Summer Cooling Push,AED,47376.14,2007766.0,29033.0,124.0,310267.62
06-07-2026,UAE,youtube,Always-On Brand,AED,86071.87,1953008.0,16655.0,53.0,145837.15
06-07-2026,UAE,youtube,Summer Cooling Push,AED,122469.52,3010117.0,20967.0,66.0,176251.32
06-07-2026,UAE,Programmatic Display,Always-On Brand,AED,90194.26,7834379.0,7421.0,13.0,35660.61
06-07-2026,UAE,Programmatic,Summer Cooling Push,AED,53069.97,4041758.0,3601.0,5.0,13640.05
06-07-2026,UAE,TV,Always-On Brand,AED,158455.99,3254881.0,0.0,0.0,0.0
06-07-2026,UAE,Television,Summer Cooling Push,AED,145759.96,2839075.0,0.0,0.0,0.0
06-07-2026,UAE,OOH,Always-On Brand,AED,24321.02,1392364.0,0.0,0.0,0.0
06-07-2026,UAE,OOH,Summer Cooling Push,AED,54419.32,2876801.0,0.0,0.0,0.0
06-07-2026,KSA,paid_search,Always-On Brand,SAR,175862.27,788391.0,49113.0,589.0,1710772.31
06-07-2026,KSA,Search,Summer Cooling Push,SAR,167621.68,773857.0,55579.0,760.0,2013961.66
06-07-2026,KSA,Meta,Always-On Brand,SAR,351127.53,8437043.0,102672.0,545.0,1579300.15
06-07-2026,KSA,Facebook/Instagram,Summer Cooling Push,SAR,39580.84,853868.0,8995.0,55.0,147059.14
06-07-2026,KSA,tiktok,Always-On Brand,SAR,227821.62,9528438.0,126490.0,533.0,1514398.36
06-07-2026,KSA,TikTok,Summer Cooling Push,SAR,10561.65,435870.0,5977.0,30.0,84277.63
06-07-2026,KSA,YT,Always-On Brand,SAR,189867.3,4652957.0,30708.0,123.0,360746.34
06-07-2026,KSA,YT,Summer Cooling Push,SAR,105956.3,2615921.0,21158.0,68.0,192698.84
06-07-2026,KSA,Programmatic,Always-On Brand,SAR,47486.04,3392008.0,2773.0,5.0,14683.19
06-07-2026,KSA,Display,Summer Cooling Push,SAR,152596.84,12608490.0,12071.0,16.0,43094.25
06-07-2026,KSA  ,Television,Always-On Brand,SAR,20890.14,406361.0,0.0,0.0,0.0
06-07-2026,KSA,TV,Summer Cooling Push,SAR,375612.73,7999683.0,0.0,0.0,0.0
06-07-2026,KSA,OOH,Always-On Brand,SAR,21342.78,1053437.0,0.0,0.0,0.0
06-07-2026,KSA,OOH,Summer Cooling Push,SAR,73384.78,3592335.0,0.0,0.0,0.0
06-07-2026,Egypt,Search,Always-On Brand,EGP,446161.98,157888.0,10883.0,132.0,1414262.34
06-07-2026,Egypt,Search,Summer Cooling Push,EGP,1504632.39,519481.0,30008.0,311.0,3120122.42
06-07-2026,Egypt,Meta,Always-On Brand,EGP,731975.56,1154150.0,12953.0,80.0,837665.24
06-07-2026,Egypt,META,Summer Cooling Push,EGP,1438983.37,2823347.0,35162.0,220.0,2183665.87
06-07-2026,Egypt,TikTok,Always-On Brand,EGP,301955.06,953840.0,14986.0,65.0,674968.03
06-07-2026,Egypt,Tik Tok,Summer Cooling Push,EGP,980277.04,3057395.0,40378.0,180.0,1921836.52
06-07-2026,Egypt,youtube,Always-On Brand,EGP,708105.91,1211092.0,8533.0,30.0,324183.17
06-07-2026,Egypt  ,YT,Summer Cooling Push,EGP,903754.26,1639605.0,13073.0,44.0,474736.27
06-07-2026,Egypt,Display,Always-On Brand,EGP,578303.14,3002266.0,2704.0,4.0,41778.83
06-07-2026,Egypt,Programmatic,Summer Cooling Push,EGP,480443.56,2948347.0,2919.0,5.0,49720.27
06-07-2026,Egypt,Television,Always-On Brand,EGP,1350966.13,2182616.0,0.0,0.0,0.0
06-07-2026,Egypt,Television,Summer Cooling Push,EGP,784873.03,1094018.0,0.0,0.0,0.0
06-07-2026,Egypt,Out of Home,Always-On Brand,EGP,88519.91,318728.0,0.0,0.0,0.0
06-07-2026,Egypt,OOH,Summer Cooling Push,EGP,441685.15,1700474.0,0.0,0.0,0.0
13-07-2026,UAE,PaidSearch,Always-On Brand,AED,53779.43,234178.0,16045.0,210.0,568849.18
13-07-2026,UAE,paid_search,Summer Cooling Push,AED,228103.04,1075619.0,69327.0,1120.0,2917626.95
13-07-2026,UAE,META,Always-On Brand,AED,202271.24,4273045.0,52577.0,344.0,906854.47
13-07-2026,UAE,META,Summer Cooling Push,AED,93521.12,2117555.0,22543.0,135.0,371279.45
13-07-2026,UAE,Tik Tok,Always-On Brand,AED,54473.92,2582944.0,35957.0,190.0,477951.01
13-07-2026,UAE,tiktok,Summer Cooling Push,AED,119147.53,5220596.0,64302.0,249.0,673527.9
13-07-2026,UAE,YT,Always-On Brand,AED,172152.61,4283440.0,32761.0,134.0,356714.01
13-07-2026,UAE,YT,Summer Cooling Push,AED,56455.68,1591600.0,10967.0,42.0,107466.49
13-07-2026,UAE,Programmatic,Always-On Brand,AED,89186.06,7135602.0,6193.0,11.0,29433.66
13-07-2026,UAE,Programmatic Display,Summer Cooling Push,AED,73079.01,5838523.0,5455.0,9.0,23424.16
13-07-2026,UAE,TV,Always-On Brand,AED,181717.7,3760373.0,0.0,0.0,0.0
13-07-2026,UAE,Television,Summer Cooling Push,AED,122648.24,2369247.0,0.0,0.0,0.0
13-07-2026,UAE,ooh,Always-On Brand,AED,31527.09,1506993.0,0.0,0.0,0.0
13-07-2026,UAE,Out of Home,Summer Cooling Push,AED,38480.98,1997622.0,0.0,0.0,0.0
13-07-2026,KSA,Search,Always-On Brand,SAR,358678.8,1617320.0,92690.0,1376.0,4028425.1
13-07-2026,KSA,paid_search,Summer Cooling Push,SAR,40588.6,177845.0,9838.0,117.0,343035.17
13-07-2026,KSA,META,Always-On Brand,SAR,290777.89,6370091.0,75805.0,437.0,1247006.87
13-07-2026,KSA,meta,Summer Cooling Push,SAR,118334.68,2752958.0,34256.0,203.0,539006.91
13-07-2026,KSA  ,Tik Tok,Always-On Brand,SAR,66829.84,2853313.0,33319.0,154.0,444487.68
13-07-2026,KSA,TikTok,Summer Cooling Push,SAR,157419.19,6363812.0,88981.0,421.0,1222902.06
13-07-2026,KSA,YT,Always-On Brand,SAR,197530.55,4860327.0,32019.0,98.0,262643.78
13-07-2026,KSA,youtube,Summer Cooling Push,SAR,121399.82,2807959.0,20457.0,64.0,178532.71
13-07-2026,KSA,Display,Always-On Brand,SAR,112224.57,8927608.0,8456.0,12.0,32925.74
13-07-2026,KSA,Programmatic Display,Summer Cooling Push,SAR,105251.53,7723972.0,6791.0,9.0,24685.12
13-07-2026,KSA,TV,Always-On Brand,SAR,252031.26,4389333.0,0.0,0.0,0.0
13-07-2026,KSA,tv,Summer Cooling Push,SAR,148089.64,2593499.0,0.0,0.0,0.0
13-07-2026,KSA,OOH,Always-On Brand,SAR,82145.79,4104451.0,0.0,0.0,0.0
13-07-2026,KSA,ooh,Summer Cooling Push,SAR,23280.59,1099103.0,0.0,0.0,0.0
13-07-2026,Egypt,Paid Search,Always-On Brand,EGP,584553.67,225321.0,14826.0,225.0,2412308.9
13-07-2026,Egypt,Search,Summer Cooling Push,EGP,1441136.93,474537.0,30529.0,475.0,5044557.63
13-07-2026,Egypt,META,Always-On Brand,EGP,1366919.5,2177745.0,25775.0,129.0,1358979.56
13-07-2026,Egypt,META,Summer Cooling Push,EGP,655090.51,1180617.0,13139.0,79.0,787479.31
13-07-2026,Egypt,Tik Tok,Always-On Brand,EGP,665839.55,2150986.0,32310.0,142.0,1574390.76
13-07-2026,Egypt,Tik Tok,Summer Cooling Push,EGP,627019.8,2038807.0,28140.0,107.0,1088272.26
13-07-2026,Egypt,YT,Always-On Brand,EGP,856972.31,1675370.0,14504.0,53.0,530193.32
13-07-2026,Egypt,YouTube,Summer Cooling Push,EGP,735632.54,1404048.0,10162.0,42.0,440689.94
13-07-2026,Egypt,Programmatic,Always-On Brand,EGP,338923.78,2288913.0,2145.0,3.0,30040.71
13-07-2026,Egypt,Display,Summer Cooling Push,EGP,765589.07,4598241.0,4058.0,7.0,75093.52
13-07-2026,Egypt,TV,Always-On Brand,EGP,1725206.23,2698132.0,0.0,0.0,0.0
13-07-2026,Egypt,Television,Summer Cooling Push,EGP,530947.33,735588.0,0.0,0.0,0.0
13-07-2026,Egypt,Out of Home,Always-On Brand,EGP,26147.31,95681.0,0.0,0.0,0.0
13-07-2026,Egypt,OOH,Summer Cooling Push,EGP,552419.8,2103488.0,0.0,0.0,0.0
20-07-2026,UAE,PaidSearch,Always-On Brand,AED,46046.57,199405.0,11388.0,139.0,348386.83
20-07-2026,UAE,PaidSearch,Summer Cooling Push,AED,224689.21,997489.0,58139.0,748.0,1908043.74
20-07-2026,UAE,Facebook/Instagram,Always-On Brand,AED,162458.53,3553601.0,38675.0,232.0,610917.06
20-07-2026,UAE,Meta,Summer Cooling Push,AED,123295.45,2869997.0,36012.0,242.0,640782.98
20-07-2026,UAE,TikTok,Always-On Brand,AED,35387.02,1576373.0,16087.0,68.0,181046.35
20-07-2026,UAE,tiktok,Summer Cooling Push,AED,143472.33,7074542.0,104777.0,378.0,976550.53
20-07-2026,UAE,YouTube,Always-On Brand,AED,167791.16,4017202.0,26964.0,85.0,224508.17
20-07-2026,UAE,YouTube,Summer Cooling Push,AED,55879.06,1294949.0,8892.0,29.0,72679.38
20-07-2026,UAE,Programmatic Display,Always-On Brand,AED,66390.28,5389226.0,4482.0,8.0,20293.32
20-07-2026,UAE,Display,Summer Cooling Push,AED,90827.19,6938992.0,7417.0,10.0,26187.85
20-07-2026,UAE,TV,Always-On Brand,AED,143887.7,2894090.0,0.0,0.0,0.0
20-07-2026,UAE,TV,Summer Cooling Push,AED,187554.21,3425459.0,0.0,0.0,0.0
20-07-2026,UAE  ,Out of Home,Always-On Brand,AED,62819.27,2965933.0,0.0,0.0,0.0
20-07-2026,UAE,OOH,Summer Cooling Push,AED,11748.2,573549.0,0.0,0.0,0.0
20-07-2026,KSA,paid_search,Always-On Brand,SAR,129603.91,526762.0,31559.0,445.0,1230867.53
20-07-2026,KSA,PaidSearch,Summer Cooling Push,SAR,208758.98,986245.0,63936.0,965.0,2748126.13
20-07-2026,KSA,Facebook/Instagram,Always-On Brand,SAR,177039.33,3758626.0,45575.0,243.0,654493.32
20-07-2026,KSA,meta,Summer Cooling Push,SAR,261738.34,6113044.0,81925.0,434.0,1143991.75
20-07-2026,KSA,Tik Tok,Always-On Brand,SAR,219551.96,8857611.0,124934.0,539.0,1558147.56
20-07-2026,KSA,TikTok,Summer Cooling Push,SAR,39330.12,1604323.0,22176.0,95.0,250061.87
20-07-2026,KSA,YT,Always-On Brand,SAR,210936.53,5026324.0,32000.0,110.0,318441.07
20-07-2026,KSA,YT,Summer Cooling Push,SAR,79176.22,1872723.0,14749.0,47.0,124331.43
20-07-2026,KSA,Programmatic,Always-On Brand,SAR,73466.02,5374086.0,5350.0,9.0,24427.9
20-07-2026,KSA,Programmatic,Summer Cooling Push,SAR,124542.23,9226264.0,8942.0,16.0,42553.21
20-07-2026,KSA,tv,Always-On Brand,SAR,227366.27,4314581.0,0.0,0.0,0.0
20-07-2026,KSA,tv,Summer Cooling Push,SAR,189769.38,3508015.0,0.0,0.0,0.0
20-07-2026,KSA  ,Out of Home,Always-On Brand,SAR,51306.51,2547164.0,0.0,0.0,0.0
20-07-2026,KSA,Out of Home,Summer Cooling Push,SAR,53435.25,2724482.0,0.0,0.0,0.0
20-07-2026,Egypt,PaidSearch,Always-On Brand,EGP,358487.85,130264.0,6995.0,106.0,1144393.41
20-07-2026,Egypt,paid_search,Summer Cooling Push,EGP,1192205.56,422012.0,26165.0,386.0,3844508.25
20-07-2026,Egypt,Meta,Always-On Brand,EGP,1197274.87,2099225.0,21670.0,137.0,1392821.75
20-07-2026,Egypt,meta,Summer Cooling Push,EGP,506783.55,871575.0,9686.0,63.0,692304.31
20-07-2026,Egypt,Tik Tok,Always-On Brand,EGP,220632.74,724866.0,9625.0,39.0,425457.64
20-07-2026,Egypt,TikTok,Summer Cooling Push,EGP,830109.91,2884086.0,36503.0,159.0,1637961.07
20-07-2026,Egypt,youtube,Always-On Brand,EGP,939667.33,1778471.0,13304.0,37.0,375665.51
20-07-2026,Egypt,youtube,Summer Cooling Push,EGP,300020.45,619180.0,4222.0,15.0,165750.23
20-07-2026,Egypt,Programmatic Display,Always-On Brand,EGP,324639.23,1915278.0,1717.0,3.0,31709.33
20-07-2026,Egypt,Programmatic Display,Summer Cooling Push,EGP,499276.24,3055306.0,2818.0,5.0,52682.64
20-07-2026,Egypt,tv,Always-On Brand,EGP,598373.28,970850.0,0.0,0.0,0.0
20-07-2026,Egypt,TV,Summer Cooling Push,EGP,1297251.97,1820097.0,0.0,0.0,0.0
20-07-2026,Egypt,ooh,Always-On Brand,EGP,358503.51,1271867.0,0.0,0.0,0.0
20-07-2026,Egypt,Out of Home,Summer Cooling Push,EGP,72431.53,280844.0,0.0,0.0,0.0
27-07-2026,UAE,Paid Search,Always-On Brand,AED,89920.19,372401.0,24355.0,360.0,892847.79
27-07-2026,UAE,paid_search,Summer Cooling Push,AED,198520.88,950284.0,53813.0,674.0,1685389.12
27-07-2026,UAE,META,Always-On Brand,AED,88068.26,2011244.0,23301.0,143.0,356937.87
27-07-2026,UAE,META,Summer Cooling Push,AED,186756.46,3927832.0,42315.0,237.0,612956.18
27-07-2026,UAE,tiktok,Always-On Brand,AED,95065.25,4028958.0,55869.0,215.0,567630.3
27-07-2026,UAE,TikTok,Summer Cooling Push,AED,101163.01,4682591.0,68105.0,228.0,617775.54
27-07-2026,UAE,youtube,Always-On Brand,AED,124257.61,3426489.0,25989.0,85.0,232886.88
27-07-2026,UAE,youtube,Summer Cooling Push,AED,112132.24,2949005.0,20783.0,61.0,159836.26
27-07-2026,UAE,Programmatic,Always-On Brand,AED,66399.32,5508159.0,4839.0,7.0,19033.86
27-07-2026,UAE,Programmatic Display,Summer Cooling Push,AED,97222.36,7428147.0,6587.0,8.0,21305.79
27-07-2026,UAE,Television,Always-On Brand,AED,199023.14,3396851.0,0.0,0.0,0.0
27-07-2026,UAE,TV,Summer Cooling Push,AED,91057.57,1829236.0,0.0,0.0,0.0
27-07-2026,UAE,ooh,Always-On Brand,AED,23721.09,1170220.0,0.0,0.0,0.0
27-07-2026,UAE,Out of Home,Summer Cooling Push,AED,50904.56,2441403.0,0.0,0.0,0.0
27-07-2026,KSA  ,Paid Search,Always-On Brand,SAR,166316.42,818317.0,47608.0,716.0,1896331.12
27-07-2026,KSA,PaidSearch,Summer Cooling Push,SAR,233817.6,1070278.0,58223.0,702.0,2013537.57
27-07-2026,KSA,META,Always-On Brand,SAR,133839.33,2749086.0,31724.0,238.0,691624.57
27-07-2026,KSA,Meta,Summer Cooling Push,SAR,291474.27,7092687.0,80972.0,441.0,1234432.2
27-07-2026,KSA,tiktok,Always-On Brand,SAR,106439.21,4626803.0,70530.0,330.0,929144.03
27-07-2026,KSA,TikTok,Summer Cooling Push,SAR,140413.95,6053127.0,90540.0,424.0,1147053.21
27-07-2026,KSA,YouTube,Always-On Brand,SAR,128749.59,3110000.0,21813.0,59.0,160789.15
27-07-2026,KSA,youtube,Summer Cooling Push,SAR,168702.45,3983068.0,30783.0,93.0,266173.32
27-07-2026,KSA  ,Display,Always-On Brand,SAR,47864.64,3476415.0,2957.0,5.0,14199.73
27-07-2026,KSA,Programmatic Display,Summer Cooling Push,SAR,177933.95,12943802.0,11730.0,20.0,55892.54
27-07-2026,KSA,tv,Always-On Brand,SAR,364671.01,7110775.0,0.0,0.0,0.0
27-07-2026,KSA,tv,Summer Cooling Push,SAR,85945.39,1584859.0,0.0,0.0,0.0
27-07-2026,KSA,Out of Home,Always-On Brand,SAR,47341.0,2383458.0,0.0,0.0,0.0
27-07-2026,KSA,OOH,Summer Cooling Push,SAR,56656.41,2744981.0,0.0,0.0,0.0
27-07-2026,Egypt,paid_search,Always-On Brand,EGP,343375.1,121460.0,6013.0,76.0,757929.72
27-07-2026,Egypt,Search,Summer Cooling Push,EGP,1154585.88,381818.0,26633.0,427.0,4376635.5
27-07-2026,Egypt,Meta,Always-On Brand,EGP,1221983.43,1995949.0,24921.0,130.0,1297589.79
27-07-2026,Egypt,Facebook/Instagram,Summer Cooling Push,EGP,584920.94,1009270.0,12541.0,79.0,808807.32
27-07-2026,Egypt,tiktok,Always-On Brand,EGP,549324.4,1659217.0,24047.0,98.0,988313.56
27-07-2026,Egypt,Tik Tok,Summer Cooling Push,EGP,350371.58,1153636.0,15405.0,55.0,558005.64
27-07-2026,Egypt,YouTube,Always-On Brand,EGP,1000873.38,1889606.0,12788.0,41.0,414112.45
27-07-2026,Egypt,YouTube,Summer Cooling Push,EGP,270170.72,510181.0,3749.0,11.0,113005.35
27-07-2026,Egypt,Display,Always-On Brand,EGP,329176.87,1938539.0,1971.0,3.0,30435.68
27-07-2026,Egypt,Programmatic,Summer Cooling Push,EGP,534175.6,3319007.0,2784.0,5.0,54479.2
27-07-2026,Egypt,TV,Always-On Brand,EGP,227836.35,327936.0,0.0,0.0,0.0
27-07-2026,Egypt,TV,Summer Cooling Push,EGP,1446322.36,1980248.0,0.0,0.0,0.0
27-07-2026,Egypt,ooh,Always-On Brand,EGP,282257.42,1065083.0,0.0,0.0,0.0
27-07-2026,Egypt,ooh,Summer Cooling Push,EGP,130459.8,561755.0,0.0,0.0,0.0
23-03-2026,Egypt,Tik Tok,Galaxy Flagship Launch,EGP,-52828.5,0.0,0.0,0.0,0.0
02-02-2026,Egypt,ooh,Always-On Brand,EGP,-3798.71,0.0,0.0,0.0,0.0
09-03-2026,KSA,Facebook/Instagram,Always-On Brand,SAR,-33091.45,0.0,0.0,0.0,0.0
23-02-2026,UAE,OOH,Galaxy Flagship Launch,AED,-2086.5,0.0,0.0,0.0,0.0
15-12-2025,Egypt,OOH,Always-On Brand,EGP,-95073.09,0.0,0.0,0.0,0.0
23-02-2026,UAE,YouTube,Ramadan Together,AED,-8307.82,0.0,0.0,0.0,0.0
17-11-2025,Egypt,Programmatic,Always-On Brand,EGP,-166834.82,0.0,0.0,0.0,0.0
15-09-2025,UAE,meta,Always-On Brand,AED,-58518.64,0.0,0.0,0.0,0.0
08-12-2025,UAE,OOH,Always-On Brand,AED,-3318.02,0.0,0.0,0.0,0.0
22-06-2026,UAE,youtube,Summer Cooling Push,AED,-5208.76,0.0,0.0,0.0,0.0
01-12-2025,UAE,youtube,Always-On Brand,AED,-19819.72,0.0,0.0,0.0,0.0
09-03-2026,Egypt  ,YouTube,Galaxy Flagship Launch,EGP,-55388.8,0.0,0.0,0.0,0.0
02-03-2026,KSA  ,tiktok,Galaxy Flagship Launch,SAR,-5776.2,0.0,0.0,0.0,0.0
01-12-2025,UAE,Meta,White Friday Blitz,AED,-9333.93,0.0,0.0,0.0,0.0
20-10-2025,KSA,meta,Always-On Brand,SAR,442400.47,14962893.0,159996.0,1177.0,3131167.73
27-04-2026,KSA,Tik Tok,Always-On Brand,SAR,236690.2,10620573.0,138005.0,618.0,1651610.86
02-03-2026,KSA,TV,Ramadan Together,SAR,131832.62,2333287.0,0.0,0.0,0.0
20-10-2025,Egypt,Display,Always-On Brand,EGP,791706.82,4683833.0,3712.0,5.0,52375.85
09-03-2026,Egypt,tiktok,Ramadan Together,EGP,327244.9,1081701.0,17313.0,70.0,748670.8
19-01-2026,Egypt,Programmatic,New Year Upgrade,EGP,369212.0,2211795.0,1867.0,3.0,31645.14
22-06-2026,KSA,meta,Always-On Brand,SAR,103654.39,2449659.0,34943.0,215.0,596628.72
06-04-2026,KSA,Out of Home,Galaxy Flagship Launch,SAR,46277.03,2449341.0,0.0,0.0,0.0
18-08-2025,KSA,Programmatic Display,Always-On Brand,SAR,213277.74,17322944.0,17677.0,29.0,78163.62
12-01-2026,KSA,Display,Always-On Brand,SAR,136101.66,10838476.0,9593.0,15.0,41537.5
02-03-2026,KSA  ,YouTube,Always-On Brand,SAR,180215.37,4498599.0,34235.0,99.0,267547.35
13-07-2026,Egypt  ,Display,Summer Cooling Push,EGP,765589.07,4598241.0,4058.0,7.0,75093.52
16-02-2026,KSA,TV,New Year Upgrade,SAR,41940.57,745367.0,0.0,0.0,0.0
23-02-2026,UAE,Tik Tok,Always-On Brand,AED,109673.49,4638071.0,75825.0,321.0,792778.48
03-11-2025,UAE,Facebook/Instagram,Always-On Brand,AED,343352.43,10137791.0,131405.0,881.0,2192775.03
27-07-2026,UAE,Out of Home,Summer Cooling Push,AED,50904.56,2441403.0,0.0,0.0,0.0
18-05-2026,Egypt,Search,Always-On Brand,EGP,1446150.48,553524.0,35463.0,385.0,4072050.8
20-10-2025,KSA,tv,Always-On Brand,SAR,450016.46,7983069.0,0.0,0.0,0.0
16-03-2026,UAE,YouTube,Always-On Brand,AED,100579.0,2434481.0,14112.0,46.0,123104.93
16-03-2026,Egypt,Programmatic,Ramadan Together,EGP,424759.43,2493926.0,2263.0,3.0,31947.83
15-09-2025,UAE,TV,Always-On Brand,AED,336147.91,6873593.0,0.0,0.0,0.0
03-11-2025,UAE  ,youtube,Always-On Brand,AED,239573.84,5823286.0,43324.0,165.0,413525.2
06-07-2026,Egypt,Display,Always-On Brand,EGP,578303.14,3002266.0,2704.0,4.0,41778.83
