Week,Market,Channel,Product,Impressions,Clicks,Spend_AED,Conversions,Sales_AED,Engagement_Rate,Brand_Awareness_Score,Purchase_Intent_Score,Influencer_Name,Follower_Count,Influencer_Engagement_Rate,TV_GRP,PR_Mentions,PR_Share_of_Voice,Website_Sessions,Bounce_Rate,Avg_Session_Duration_Sec,Page_Views_Per_Session,Competitor_SOV,Sentiment_Score
1,SGE,Paid Social,Galaxy Z Fold8,1200660,10540,30204,628,116107,0.87,58.7,42.6,N/A,N/A,N/A,N/A,N/A,N/A,N/A,N/A,N/A,N/A,14.6,0.71
1,SGE,Influencer,Galaxy Z Fold8,N/A,N/A,11399,7,1817,3.31,50.8,37.3,Influencer_1,429258,3.31,N/A,N/A,N/A,N/A,N/A,N/A,N/A,9.9,0.87
1,SGE,TV,Galaxy Z Fold8,N/A,N/A,43734,N/A,N/A,N/A,67.1,54.0,N/A,N/A,N/A,1132,N/A,N/A,N/A,N/A,N/A,N/A,13.5,0.75
1,SGE,Search,Galaxy Z Fold8,684928,8919,32269,799,402894,1.3,56.5,51.3,N/A,N/A,N/A,N/A,N/A,N/A,N/A,N/A,N/A,N/A,13.2,0.87
1,SGE,Website,Galaxy Z Fold8,N/A,N/A,N/A,1258,343804,N/A,53.8,27.1,N/A,N/A,N/A,N/A,N/A,N/A,143195,37.6,242,3.37,9.8,0.8
1,SGE,PR,Galaxy Z Fold8,N/A,N/A,0,N/A,N/A,N/A,73.2,50.7,N/A,N/A,N/A,N/A,43,42.7,N/A,N/A,N/A,N/A,9.3,0.93
1,SGE,Paid Social,Galaxy Z Flip8,100960,1069,3254,100,32545,1.28,38.6,45.2,N/A,N/A,N/A,N/A,N/A,N/A,N/A,N/A,N/A,N/A,13.9,0.76
1,SGE,Influencer,Galaxy Z Flip8,N/A,N/A,1421,24,6381,3.44,41.0,44.0,Influencer_2,597887,3.44,N/A,N/A,N/A,N/A,N/A,N/A,N/A,8.3,0.91
1,SGE,PR,Galaxy Z Flip8,N/A,N/A,0,N/A,N/A,N/A,53.2,64.0,N/A,N/A,N/A,N/A,10,29.0,N/A,N/A,N/A,N/A,10.3,0.91
1,SGE,Paid Social,Galaxy S24,703197,8851,28708,980,304498,0.9,40.7,48.5,N/A,N/A,N/A,N/A,N/A,N/A,N/A,N/A,N/A,N/A,14.0,0.89
1,SGE,Influencer,Galaxy S24,N/A,N/A,5515,47,11350,3.9,46.1,43.7,Influencer_2,811878,3.9,N/A,N/A,N/A,N/A,N/A,N/A,N/A,16.3,0.78
1,SGE,TV,Galaxy S24,N/A,N/A,46556,N/A,N/A,N/A,64.0,51.4,N/A,N/A,N/A,924,N/A,N/A,N/A,N/A,N/A,N/A,14.0,0.84
1,SGE,Search,Galaxy S24,627200,10845,11932,1605,456406,1.73,63.5,49.9,N/A,N/A,N/A,N/A,N/A,N/A,N/A,N/A,N/A,N/A,13.5,0.83
1,SGE,Website,Galaxy S24,N/A,N/A,N/A,1256,393669,N/A,55.2,38.7,N/A,N/A,N/A,N/A,N/A,N/A,101738,44.1,217,3.96,8.6,0.86
1,SGE,PR,Galaxy S24,N/A,N/A,0,N/A,N/A,N/A,56.5,50.5,N/A,N/A,N/A,N/A,114,32.2,N/A,N/A,N/A,N/A,6.7,0.95
1,SGE,Paid Social,Galaxy Tab S10,169674,1987,2073,174,47354,0.88,47.4,55.8,N/A,N/A,N/A,N/A,N/A,N/A,N/A,N/A,N/A,N/A,17.2,0.76
1,SGE,Paid Social,Galaxy Buds3,108034,1528,2515,71,19276,0.85,59.3,49.2,N/A,N/A,N/A,N/A,N/A,N/A,N/A,N/A,N/A,N/A,9.0,0.82
1,SGE,Paid Social,Galaxy Watch6,906492,8299,33683,911,233019,0.95,52.7,48.1,N/A,N/A,N/A,N/A,N/A,N/A,N/A,N/A,N/A,N/A,9.9,0.78
1,SGE,Influencer,Galaxy Watch6,N/A,N/A,8323,31,8505,3.81,33.2,21.6,Influencer_3,881446,3.81,N/A,N/A,N/A,N/A,N/A,N/A,N/A,13.2,0.87
1,SGE,TV,Galaxy Watch6,N/A,N/A,35040,N/A,N/A,N/A,64.7,38.0,N/A,N/A,N/A,501,N/A,N/A,N/A,N/A,N/A,N/A,10.2,0.73
1,SGE,Search,Galaxy Watch6,544223,6916,20467,745,294740,1.27,54.9,49.2,N/A,N/A,N/A,N/A,N/A,N/A,N/A,N/A,N/A,N/A,14.5,0.87
1,SGE,Website,Galaxy Watch6,N/A,N/A,N/A,1491,599194,N/A,45.1,36.3,N/A,N/A,N/A,N/A,N/A,N/A,94127,28.8,174,3.49,16.1,0.76
1,SGE,PR,Galaxy Watch6,N/A,N/A,0,N/A,N/A,N/A,69.7,61.2,N/A,N/A,N/A,N/A,36,18.8,N/A,N/A,N/A,N/A,6.2,0.83
1,SESAR,Paid Social,Galaxy Z Fold8,976460,10878,32280,594,157800,1.41,38.8,50.4,N/A,N/A,N/A,N/A,N/A,N/A,N/A,N/A,N/A,N/A,17.8,0.72
1,SESAR,Influencer,Galaxy Z Fold8,N/A,N/A,4705,59,26821,5.43,36.3,35.6,Influencer_4,766847,5.43,N/A,N/A,N/A,N/A,N/A,N/A,N/A,9.8,0.83
1,SESAR,TV,Galaxy Z Fold8,N/A,N/A,42302,N/A,N/A,N/A,56.5,61.1,N/A,N/A,N/A,605,N/A,N/A,N/A,N/A,N/A,N/A,12.6,0.88
1,SESAR,Search,Galaxy Z Fold8,673192,9998,32432,954,323417,1.49,65.6,45.6,N/A,N/A,N/A,N/A,N/A,N/A,N/A,N/A,N/A,N/A,11.5,0.9
1,SESAR,Website,Galaxy Z Fold8,N/A,N/A,N/A,610,194710,N/A,48.9,47.3,N/A,N/A,N/A,N/A,N/A,N/A,71865,43.4,190,2.59,8.2,0.76
1,SESAR,PR,Galaxy Z Fold8,N/A,N/A,0,N/A,N/A,N/A,75.0,55.4,N/A,N/A,N/A,N/A,62,29.1,N/A,N/A,N/A,N/A,10.4,0.81
1,SESAR,Paid Social,Galaxy Z Flip8,81447,890,4668,75,17181,0.98,56.6,35.6,N/A,N/A,N/A,N/A,N/A,N/A,N/A,N/A,N/A,N/A,10.7,0.73
1,SESAR,Influencer,Galaxy Z Flip8,N/A,N/A,1373,30,6083,4.1,49.9,37.9,Influencer_4,514569,4.1,N/A,N/A,N/A,N/A,N/A,N/A,N/A,8.7,0.86
1,SESAR,PR,Galaxy Z Flip8,N/A,N/A,0,N/A,N/A,N/A,74.8,63.2,N/A,N/A,N/A,N/A,12,25.0,N/A,N/A,N/A,N/A,13.1,0.86
1,SESAR,Paid Social,Galaxy S24,582704,6448,29800,620,187810,1.49,56.1,26.4,N/A,N/A,N/A,N/A,N/A,N/A,N/A,N/A,N/A,N/A,17.3,0.77
1,SESAR,Influencer,Galaxy S24,N/A,N/A,4100,13,6069,5.79,53.6,25.7,Influencer_4,308618,5.79,N/A,N/A,N/A,N/A,N/A,N/A,N/A,10.5,0.79
1,SESAR,TV,Galaxy S24,N/A,N/A,52470,N/A,N/A,N/A,64.2,57.8,N/A,N/A,N/A,504,N/A,N/A,N/A,N/A,N/A,N/A,15.5,0.77
1,SESAR,Search,Galaxy S24,326632,4221,23878,687,180836,1.29,49.7,34.4,N/A,N/A,N/A,N/A,N/A,N/A,N/A,N/A,N/A,N/A,15.4,0.81
1,SESAR,Website,Galaxy S24,N/A,N/A,N/A,1458,447491,N/A,53.5,29.7,N/A,N/A,N/A,N/A,N/A,N/A,107912,25.2,169,3.92,7.9,0.82
1,SESAR,PR,Galaxy S24,N/A,N/A,0,N/A,N/A,N/A,54.7,48.9,N/A,N/A,N/A,N/A,90,21.4,N/A,N/A,N/A,N/A,13.3,0.93
1,SESAR,Paid Social,Galaxy Tab S10,142688,1181,3558,67,14229,0.87,59.9,52.7,N/A,N/A,N/A,N/A,N/A,N/A,N/A,N/A,N/A,N/A,12.4,0.86
1,SESAR,Paid Social,Galaxy Buds3,87154,1262,2963,137,53985,1.37,62.9,26.9,N/A,N/A,N/A,N/A,N/A,N/A,N/A,N/A,N/A,N/A,16.3,0.78
1,SESAR,Paid Social,Galaxy Watch6,988014,10751,20130,659,228569,0.88,62.7,52.0,N/A,N/A,N/A,N/A,N/A,N/A,N/A,N/A,N/A,N/A,10.2,0.9
1,SESAR,Influencer,Galaxy Watch6,N/A,N/A,9514,27,7205,3.57,51.1,33.0,Influencer_5,566643,3.57,N/A,N/A,N/A,N/A,N/A,N/A,N/A,10.5,0.76
1,SESAR,TV,Galaxy Watch6,N/A,N/A,48292,N/A,N/A,N/A,63.0,46.5,N/A,N/A,N/A,578,N/A,N/A,N/A,N/A,N/A,N/A,21.2,0.83
1,SESAR,Search,Galaxy Watch6,314470,4136,18558,404,217659,1.32,48.0,33.8,N/A,N/A,N/A,N/A,N/A,N/A,N/A,N/A,N/A,N/A,10.5,0.9
1,SESAR,Website,Galaxy Watch6,N/A,N/A,N/A,1126,502262,N/A,53.9,26.0,N/A,N/A,N/A,N/A,N/A,N/A,91114,27.3,198,2.88,16.8,0.85
1,SESAR,PR,Galaxy Watch6,N/A,N/A,0,N/A,N/A,N/A,53.2,57.8,N/A,N/A,N/A,N/A,44,27.9,N/A,N/A,N/A,N/A,8.2,0.85
1,SETK,Paid Social,Galaxy Z Fold8,1121717,9952,25935,801,253695,1.03,57.4,42.8,N/A,N/A,N/A,N/A,N/A,N/A,N/A,N/A,N/A,N/A,9.8,0.87
1,SETK,Influencer,Galaxy Z Fold8,N/A,N/A,5253,51,14804,5.12,47.7,21.0,Influencer_6,910219,5.12,N/A,N/A,N/A,N/A,N/A,N/A,N/A,10.6,0.84
1,SETK,TV,Galaxy Z Fold8,N/A,N/A,80759,N/A,N/A,N/A,63.4,48.1,N/A,N/A,N/A,843,N/A,N/A,N/A,N/A,N/A,N/A,14.7,0.76
1,SETK,Search,Galaxy Z Fold8,650849,12976,18477,1893,634412,1.99,58.0,46.6,N/A,N/A,N/A,N/A,N/A,N/A,N/A,N/A,N/A,N/A,7.4,0.93
1,SETK,Website,Galaxy Z Fold8,N/A,N/A,N/A,1412,361698,N/A,60.8,41.3,N/A,N/A,N/A,N/A,N/A,N/A,95931,29.0,156,2.57,15.2,0.83
1,SETK,PR,Galaxy Z Fold8,N/A,N/A,0,N/A,N/A,N/A,69.5,50.8,N/A,N/A,N/A,N/A,118,34.3,N/A,N/A,N/A,N/A,8.8,0.82
1,SETK,Paid Social,Galaxy Z Flip8,122622,985,2207,100,20471,1.36,57.4,40.1,N/A,N/A,N/A,N/A,N/A,N/A,N/A,N/A,N/A,N/A,14.2,0.93
1,SETK,Influencer,Galaxy Z Flip8,N/A,N/A,969,23,11416,2.97,49.2,49.5,Influencer_7,678634,2.97,N/A,N/A,N/A,N/A,N/A,N/A,N/A,16.6,0.87
1,SETK,PR,Galaxy Z Flip8,N/A,N/A,0,N/A,N/A,N/A,74.2,52.3,N/A,N/A,N/A,N/A,11,29.8,N/A,N/A,N/A,N/A,6.6,0.94
1,SETK,Paid Social,Galaxy S24,699167,6861,19095,735,161205,1.34,51.0,33.4,N/A,N/A,N/A,N/A,N/A,N/A,N/A,N/A,N/A,N/A,12.8,0.88
1,SETK,Influencer,Galaxy S24,N/A,N/A,7052,10,2452,3.68,42.8,25.6,Influencer_7,484913,3.68,N/A,N/A,N/A,N/A,N/A,N/A,N/A,9.8,0.83
1,SETK,TV,Galaxy S24,N/A,N/A,49099,N/A,N/A,N/A,58.6,38.1,N/A,N/A,N/A,642,N/A,N/A,N/A,N/A,N/A,N/A,19.4,0.8
1,SETK,Search,Galaxy S24,575912,12359,10108,2047,981901,2.15,50.9,31.2,N/A,N/A,N/A,N/A,N/A,N/A,N/A,N/A,N/A,N/A,9.8,0.9
1,SETK,Website,Galaxy S24,N/A,N/A,N/A,1333,511416,N/A,43.0,38.1,N/A,N/A,N/A,N/A,N/A,N/A,99674,41.0,206,3.23,11.4,0.87
1,SETK,PR,Galaxy S24,N/A,N/A,0,N/A,N/A,N/A,72.5,64.2,N/A,N/A,N/A,N/A,66,38.7,N/A,N/A,N/A,N/A,14.0,0.89
1,SETK,Paid Social,Galaxy Tab S10,139007,1495,4345,139,23767,1.1,62.5,31.7,N/A,N/A,N/A,N/A,N/A,N/A,N/A,N/A,N/A,N/A,10.6,0.78
1,SETK,Paid Social,Galaxy Buds3,105220,1082,3480,67,25982,1.1,61.5,40.3,N/A,N/A,N/A,N/A,N/A,N/A,N/A,N/A,N/A,N/A,16.5,0.71
1,SETK,Paid Social,Galaxy Watch6,949126,9918,13535,1016,317945,1.33,65.0,32.2,N/A,N/A,N/A,N/A,N/A,N/A,N/A,N/A,N/A,N/A,7.7,0.74
1,SETK,Influencer,Galaxy Watch6,N/A,N/A,7239,48,16296,4.84,39.0,32.1,Influencer_7,696564,4.84,N/A,N/A,N/A,N/A,N/A,N/A,N/A,13.8,0.94
1,SETK,TV,Galaxy Watch6,N/A,N/A,35630,N/A,N/A,N/A,67.5,60.6,N/A,N/A,N/A,758,N/A,N/A,N/A,N/A,N/A,N/A,10.7,0.73
1,SETK,Search,Galaxy Watch6,440376,7820,21183,935,434311,1.78,43.3,48.4,N/A,N/A,N/A,N/A,N/A,N/A,N/A,N/A,N/A,N/A,12.2,0.8
1,SETK,Website,Galaxy Watch6,N/A,N/A,N/A,1403,491194,N/A,46.9,35.3,N/A,N/A,N/A,N/A,N/A,N/A,85051,27.4,160,3.02,12.6,0.81
1,SETK,PR,Galaxy Watch6,N/A,N/A,0,N/A,N/A,N/A,54.1,65.2,N/A,N/A,N/A,N/A,68,41.7,N/A,N/A,N/A,N/A,10.9,0.93
1,SELV,Paid Social,Galaxy Z Fold8,1197394,10861,24433,1072,419546,0.99,60.7,42.3,N/A,N/A,N/A,N/A,N/A,N/A,N/A,N/A,N/A,N/A,13.3,0.81
1,SELV,Influencer,Galaxy Z Fold8,N/A,N/A,13717,21,10088,3.44,39.7,34.5,Influencer_8,821254,3.44,N/A,N/A,N/A,N/A,N/A,N/A,N/A,15.2,0.86
1,SELV,TV,Galaxy Z Fold8,N/A,N/A,75399,N/A,N/A,N/A,47.7,57.8,N/A,N/A,N/A,786,N/A,N/A,N/A,N/A,N/A,N/A,11.6,0.76
1,SELV,Search,Galaxy Z Fold8,598743,9222,26196,1250,506235,1.54,46.2,37.1,N/A,N/A,N/A,N/A,N/A,N/A,N/A,N/A,N/A,N/A,10.3,0.87
1,SELV,Website,Galaxy Z Fold8,N/A,N/A,N/A,1670,603664,N/A,41.7,43.3,N/A,N/A,N/A,N/A,N/A,N/A,112059,34.8,154,2.64,10.6,0.85
1,SELV,PR,Galaxy Z Fold8,N/A,N/A,0,N/A,N/A,N/A,60.1,66.1,N/A,N/A,N/A,N/A,110,33.6,N/A,N/A,N/A,N/A,10.2,0.86
1,SELV,Paid Social,Galaxy Z Flip8,121752,1204,3338,70,23122,1.02,58.8,54.7,N/A,N/A,N/A,N/A,N/A,N/A,N/A,N/A,N/A,N/A,15.8,0.75
1,SELV,Influencer,Galaxy Z Flip8,N/A,N/A,1291,36,12866,3.47,39.8,24.0,Influencer_8,707719,3.47,N/A,N/A,N/A,N/A,N/A,N/A,N/A,9.6,0.8
1,SELV,PR,Galaxy Z Flip8,N/A,N/A,0,N/A,N/A,N/A,69.2,44.4,N/A,N/A,N/A,N/A,6,26.1,N/A,N/A,N/A,N/A,5.6,0.81
1,SELV,Paid Social,Galaxy S24,718478,9255,17749,842,284762,0.87,36.9,34.7,N/A,N/A,N/A,N/A,N/A,N/A,N/A,N/A,N/A,N/A,13.2,0.79
1,SELV,Influencer,Galaxy S24,N/A,N/A,7603,16,3513,5.79,46.1,38.3,Influencer_9,464742,5.79,N/A,N/A,N/A,N/A,N/A,N/A,N/A,14.6,0.78
1,SELV,TV,Galaxy S24,N/A,N/A,73574,N/A,N/A,N/A,54.6,61.3,N/A,N/A,N/A,972,N/A,N/A,N/A,N/A,N/A,N/A,10.8,0.87
1,SELV,Search,Galaxy S24,679672,12207,19133,1923,700190,1.8,64.1,38.5,N/A,N/A,N/A,N/A,N/A,N/A,N/A,N/A,N/A,N/A,11.9,0.85
1,SELV,Website,Galaxy S24,N/A,N/A,N/A,897,345365,N/A,42.8,28.0,N/A,N/A,N/A,N/A,N/A,N/A,63683,44.0,203,3.44,9.9,0.85
1,SELV,PR,Galaxy S24,N/A,N/A,0,N/A,N/A,N/A,62.8,56.0,N/A,N/A,N/A,N/A,44,17.1,N/A,N/A,N/A,N/A,7.8,0.84
1,SELV,Paid Social,Galaxy Tab S10,143656,1433,4434,65,13543,0.99,60.2,43.9,N/A,N/A,N/A,N/A,N/A,N/A,N/A,N/A,N/A,N/A,17.1,0.75
1,SELV,Paid Social,Galaxy Buds3,92428,1091,2785,122,43512,0.85,41.5,35.4,N/A,N/A,N/A,N/A,N/A,N/A,N/A,N/A,N/A,N/A,16.5,0.84
1,SELV,Paid Social,Galaxy Watch6,716445,7933,30093,754,244999,1.46,51.5,41.0,N/A,N/A,N/A,N/A,N/A,N/A,N/A,N/A,N/A,N/A,8.5,0.71
1,SELV,Influencer,Galaxy Watch6,N/A,N/A,5555,18,4836,3.63,51.5,46.8,Influencer_10,970214,3.63,N/A,N/A,N/A,N/A,N/A,N/A,N/A,13.6,0.75
1,SELV,TV,Galaxy Watch6,N/A,N/A,52428,N/A,N/A,N/A,48.0,55.4,N/A,N/A,N/A,763,N/A,N/A,N/A,N/A,N/A,N/A,15.0,0.85
1,SELV,Search,Galaxy Watch6,490417,6775,26710,972,386387,1.38,43.7,39.8,N/A,N/A,N/A,N/A,N/A,N/A,N/A,N/A,N/A,N/A,9.6,0.89
1,SELV,Website,Galaxy Watch6,N/A,N/A,N/A,883,329728,N/A,50.0,37.4,N/A,N/A,N/A,N/A,N/A,N/A,78185,30.8,252,3.72,10.6,0.81
1,SELV,PR,Galaxy Watch6,N/A,N/A,0,N/A,N/A,N/A,72.1,41.2,N/A,N/A,N/A,N/A,77,42.9,N/A,N/A,N/A,N/A,13.0,0.87
1,SEMAG,Paid Social,Galaxy Z Fold8,561444,5228,25344,469,128798,1.11,38.0,34.2,N/A,N/A,N/A,N/A,N/A,N/A,N/A,N/A,N/A,N/A,9.1,0.77
1,SEMAG,Influencer,Galaxy Z Fold8,N/A,N/A,8670,22,5979,2.92,36.1,37.5,Influencer_11,708257,2.92,N/A,N/A,N/A,N/A,N/A,N/A,N/A,13.2,0.77
1,SEMAG,TV,Galaxy Z Fold8,N/A,N/A,39773,N/A,N/A,N/A,70.7,52.7,N/A,N/A,N/A,675,N/A,N/A,N/A,N/A,N/A,N/A,11.2,0.91
1,SEMAG,Search,Galaxy Z Fold8,481331,8225,20142,999,394355,1.71,53.2,42.5,N/A,N/A,N/A,N/A,N/A,N/A,N/A,N/A,N/A,N/A,7.9,0.81
1,SEMAG,Website,Galaxy Z Fold8,N/A,N/A,N/A,1915,448353,N/A,55.9,32.7,N/A,N/A,N/A,N/A,N/A,N/A,123904,26.4,256,3.01,7.5,0.88
1,SEMAG,PR,Galaxy Z Fold8,N/A,N/A,0,N/A,N/A,N/A,68.0,62.8,N/A,N/A,N/A,N/A,99,34.4,N/A,N/A,N/A,N/A,9.2,0.88
1,SEMAG,Paid Social,Galaxy Z Flip8,85972,1019,3800,71,27208,1.41,65.9,33.4,N/A,N/A,N/A,N/A,N/A,N/A,N/A,N/A,N/A,N/A,12.1,0.91
1,SEMAG,Influencer,Galaxy Z Flip8,N/A,N/A,876,10,4434,3.61,42.9,40.9,Influencer_12,245767,3.61,N/A,N/A,N/A,N/A,N/A,N/A,N/A,15.9,0.95
1,SEMAG,PR,Galaxy Z Flip8,N/A,N/A,0,N/A,N/A,N/A,54.7,65.3,N/A,N/A,N/A,N/A,10,45.9,N/A,N/A,N/A,N/A,8.2,0.82
1,SEMAG,Paid Social,Galaxy S24,801587,8883,24848,1002,154144,0.9,62.6,55.3,N/A,N/A,N/A,N/A,N/A,N/A,N/A,N/A,N/A,N/A,8.4,0.9
1,SEMAG,Influencer,Galaxy S24,N/A,N/A,5317,29,13210,4.68,56.9,46.8,Influencer_12,555007,4.68,N/A,N/A,N/A,N/A,N/A,N/A,N/A,11.5,0.81
1,SEMAG,TV,Galaxy S24,N/A,N/A,52681,N/A,N/A,N/A,60.5,51.9,N/A,N/A,N/A,719,N/A,N/A,N/A,N/A,N/A,N/A,12.2,0.86
1,SEMAG,Search,Galaxy S24,383067,8417,11016,1038,290155,2.2,57.2,52.9,N/A,N/A,N/A,N/A,N/A,N/A,N/A,N/A,N/A,N/A,10.6,0.89
1,SEMAG,Website,Galaxy S24,N/A,N/A,N/A,386,154027,N/A,42.3,36.3,N/A,N/A,N/A,N/A,N/A,N/A,45724,30.9,245,3.15,14.3,0.78
1,SEMAG,PR,Galaxy S24,N/A,N/A,0,N/A,N/A,N/A,73.3,56.7,N/A,N/A,N/A,N/A,35,19.4,N/A,N/A,N/A,N/A,7.4,0.95
1,SEMAG,Paid Social,Galaxy Tab S10,73316,705,2591,54,17102,1.43,50.5,34.8,N/A,N/A,N/A,N/A,N/A,N/A,N/A,N/A,N/A,N/A,14.1,0.72
1,SEMAG,Paid Social,Galaxy Buds3,126935,1322,3984,84,32802,1.28,50.2,35.3,N/A,N/A,N/A,N/A,N/A,N/A,N/A,N/A,N/A,N/A,19.5,0.91
1,SEMAG,Paid Social,Galaxy Watch6,472528,4564,26129,313,70102,1.29,37.2,51.1,N/A,N/A,N/A,N/A,N/A,N/A,N/A,N/A,N/A,N/A,12.2,0.7
1,SEMAG,Influencer,Galaxy Watch6,N/A,N/A,6771,72,32389,5.91,58.4,44.3,Influencer_11,980841,5.91,N/A,N/A,N/A,N/A,N/A,N/A,N/A,10.0,0.91
1,SEMAG,TV,Galaxy Watch6,N/A,N/A,37699,N/A,N/A,N/A,51.8,42.8,N/A,N/A,N/A,615,N/A,N/A,N/A,N/A,N/A,N/A,18.5,0.87
1,SEMAG,Search,Galaxy Watch6,558419,11382,11204,1938,860282,2.04,49.1,42.1,N/A,N/A,N/A,N/A,N/A,N/A,N/A,N/A,N/A,N/A,11.8,0.9
1,SEMAG,Website,Galaxy Watch6,N/A,N/A,N/A,898,252948,N/A,49.7,50.3,N/A,N/A,N/A,N/A,N/A,N/A,52540,33.3,201,2.7,12.8,0.91
1,SEMAG,PR,Galaxy Watch6,N/A,N/A,0,N/A,N/A,N/A,72.1,53.2,N/A,N/A,N/A,N/A,34,24.7,N/A,N/A,N/A,N/A,12.5,0.92
1,SEEG,Paid Social,Galaxy Z Fold8,762282,10389,30764,1215,225004,1.48,62.3,47.9,N/A,N/A,N/A,N/A,N/A,N/A,N/A,N/A,N/A,N/A,19.3,0.94
1,SEEG,Influencer,Galaxy Z Fold8,N/A,N/A,7011,8,2887,2.82,44.9,41.2,Influencer_13,583542,2.82,N/A,N/A,N/A,N/A,N/A,N/A,N/A,14.4,0.87
1,SEEG,TV,Galaxy Z Fold8,N/A,N/A,61137,N/A,N/A,N/A,63.9,48.3,N/A,N/A,N/A,510,N/A,N/A,N/A,N/A,N/A,N/A,16.8,0.91
1,SEEG,Search,Galaxy Z Fold8,530964,11231,19408,1625,716009,2.12,53.0,48.6,N/A,N/A,N/A,N/A,N/A,N/A,N/A,N/A,N/A,N/A,12.4,0.8
1,SEEG,Website,Galaxy Z Fold8,N/A,N/A,N/A,1098,303148,N/A,49.6,35.7,N/A,N/A,N/A,N/A,N/A,N/A,62934,34.9,174,2.85,11.2,0.92
1,SEEG,PR,Galaxy Z Fold8,N/A,N/A,0,N/A,N/A,N/A,70.1,45.1,N/A,N/A,N/A,N/A,99,29.6,N/A,N/A,N/A,N/A,8.9,0.82
1,SEEG,Paid Social,Galaxy Z Flip8,102135,1257,2857,53,12859,1.11,65.0,51.9,N/A,N/A,N/A,N/A,N/A,N/A,N/A,N/A,N/A,N/A,8.7,0.87
1,SEEG,Influencer,Galaxy Z Flip8,N/A,N/A,845,25,12261,3.76,59.8,45.7,Influencer_13,876149,3.76,N/A,N/A,N/A,N/A,N/A,N/A,N/A,8.6,0.79
1,SEEG,PR,Galaxy Z Flip8,N/A,N/A,0,N/A,N/A,N/A,52.0,60.9,N/A,N/A,N/A,N/A,13,34.9,N/A,N/A,N/A,N/A,7.4,0.82
1,SEEG,Paid Social,Galaxy S24,716400,6760,27144,382,77923,1.41,46.4,30.6,N/A,N/A,N/A,N/A,N/A,N/A,N/A,N/A,N/A,N/A,18.3,0.7
1,SEEG,Influencer,Galaxy S24,N/A,N/A,8586,9,3584,4.39,32.1,21.4,Influencer_14,336306,4.39,N/A,N/A,N/A,N/A,N/A,N/A,N/A,15.6,0.8
1,SEEG,TV,Galaxy S24,N/A,N/A,46096,N/A,N/A,N/A,51.4,37.8,N/A,N/A,N/A,367,N/A,N/A,N/A,N/A,N/A,N/A,18.3,0.83
1,SEEG,Search,Galaxy S24,621847,7857,22219,1239,500520,1.26,44.1,43.7,N/A,N/A,N/A,N/A,N/A,N/A,N/A,N/A,N/A,N/A,15.1,0.79
1,SEEG,Website,Galaxy S24,N/A,N/A,N/A,1173,423259,N/A,46.9,28.7,N/A,N/A,N/A,N/A,N/A,N/A,106511,25.6,272,3.77,14.6,0.83
1,SEEG,PR,Galaxy S24,N/A,N/A,0,N/A,N/A,N/A,55.2,44.4,N/A,N/A,N/A,N/A,27,26.7,N/A,N/A,N/A,N/A,10.8,0.89
1,SEEG,Paid Social,Galaxy Tab S10,117905,1211,4262,99,26079,1.22,39.5,47.3,N/A,N/A,N/A,N/A,N/A,N/A,N/A,N/A,N/A,N/A,17.7,0.86
1,SEEG,Paid Social,Galaxy Buds3,121926,1445,2570,107,39806,1.09,61.3,38.2,N/A,N/A,N/A,N/A,N/A,N/A,N/A,N/A,N/A,N/A,16.3,0.78
1,SEEG,Paid Social,Galaxy Watch6,597466,7561,21837,879,282778,1.13,39.2,28.8,N/A,N/A,N/A,N/A,N/A,N/A,N/A,N/A,N/A,N/A,12.7,0.89
1,SEEG,Influencer,Galaxy Watch6,N/A,N/A,7023,21,7738,4.45,51.4,33.3,Influencer_15,336435,4.45,N/A,N/A,N/A,N/A,N/A,N/A,N/A,16.4,0.94
1,SEEG,TV,Galaxy Watch6,N/A,N/A,51944,N/A,N/A,N/A,69.9,37.8,N/A,N/A,N/A,759,N/A,N/A,N/A,N/A,N/A,N/A,12.9,0.78
1,SEEG,Search,Galaxy Watch6,318884,5669,15273,541,213509,1.78,62.6,39.9,N/A,N/A,N/A,N/A,N/A,N/A,N/A,N/A,N/A,N/A,11.6,0.8
1,SEEG,Website,Galaxy Watch6,N/A,N/A,N/A,1069,429529,N/A,52.6,43.3,N/A,N/A,N/A,N/A,N/A,N/A,77860,41.9,156,3.41,7.8,0.8
1,SEEG,PR,Galaxy Watch6,N/A,N/A,0,N/A,N/A,N/A,60.3,45.7,N/A,N/A,N/A,N/A,52,44.6,N/A,N/A,N/A,N/A,6.5,0.91
1,SEIL,Paid Social,Galaxy Z Fold8,704132,6332,17067,299,84503,1.06,50.1,30.9,N/A,N/A,N/A,N/A,N/A,N/A,N/A,N/A,N/A,N/A,11.2,0.78
1,SEIL,Influencer,Galaxy Z Fold8,N/A,N/A,4501,15,6394,2.8,32.8,23.4,Influencer_16,825185,2.8,N/A,N/A,N/A,N/A,N/A,N/A,N/A,12.1,0.83
1,SEIL,TV,Galaxy Z Fold8,N/A,N/A,91591,N/A,N/A,N/A,57.4,41.9,N/A,N/A,N/A,821,N/A,N/A,N/A,N/A,N/A,N/A,15.5,0.79
1,SEIL,Search,Galaxy Z Fold8,470056,6972,34051,925,316836,1.48,46.9,55.7,N/A,N/A,N/A,N/A,N/A,N/A,N/A,N/A,N/A,N/A,7.1,0.81
1,SEIL,Website,Galaxy Z Fold8,N/A,N/A,N/A,1598,624882,N/A,54.9,30.4,N/A,N/A,N/A,N/A,N/A,N/A,101962,30.8,180,2.51,11.3,0.88
1,SEIL,PR,Galaxy Z Fold8,N/A,N/A,0,N/A,N/A,N/A,68.2,50.1,N/A,N/A,N/A,N/A,110,33.8,N/A,N/A,N/A,N/A,8.8,0.92
1,SEIL,Paid Social,Galaxy Z Flip8,114770,933,2291,101,29687,1.2,57.8,38.7,N/A,N/A,N/A,N/A,N/A,N/A,N/A,N/A,N/A,N/A,8.9,0.71
1,SEIL,Influencer,Galaxy Z Flip8,N/A,N/A,1269,19,7730,5.3,42.2,34.1,Influencer_17,380222,5.3,N/A,N/A,N/A,N/A,N/A,N/A,N/A,8.8,0.84
1,SEIL,PR,Galaxy Z Flip8,N/A,N/A,0,N/A,N/A,N/A,61.4,49.0,N/A,N/A,N/A,N/A,11,32.7,N/A,N/A,N/A,N/A,8.3,0.85
1,SEIL,Paid Social,Galaxy S24,617555,5270,16522,434,86138,1.34,47.0,54.9,N/A,N/A,N/A,N/A,N/A,N/A,N/A,N/A,N/A,N/A,15.2,0.74
1,SEIL,Influencer,Galaxy S24,N/A,N/A,4641,13,5564,3.4,51.0,26.3,Influencer_18,353557,3.4,N/A,N/A,N/A,N/A,N/A,N/A,N/A,15.4,0.85
1,SEIL,TV,Galaxy S24,N/A,N/A,70291,N/A,N/A,N/A,61.5,53.5,N/A,N/A,N/A,827,N/A,N/A,N/A,N/A,N/A,N/A,20.0,0.85
1,SEIL,Search,Galaxy S24,658799,10034,21375,954,258043,1.52,52.5,38.7,N/A,N/A,N/A,N/A,N/A,N/A,N/A,N/A,N/A,N/A,9.1,0.79
1,SEIL,Website,Galaxy S24,N/A,N/A,N/A,1069,337200,N/A,38.1,47.6,N/A,N/A,N/A,N/A,N/A,N/A,122320,25.8,244,3.75,16.1,0.86
1,SEIL,PR,Galaxy S24,N/A,N/A,0,N/A,N/A,N/A,66.0,65.1,N/A,N/A,N/A,N/A,88,28.5,N/A,N/A,N/A,N/A,11.9,0.81
1,SEIL,Paid Social,Galaxy Tab S10,153814,2102,2861,138,37109,0.91,38.4,29.3,N/A,N/A,N/A,N/A,N/A,N/A,N/A,N/A,N/A,N/A,18.3,0.79
1,SEIL,Paid Social,Galaxy Buds3,137734,1183,2780,51,16672,1.49,52.2,44.5,N/A,N/A,N/A,N/A,N/A,N/A,N/A,N/A,N/A,N/A,11.9,0.93
1,SEIL,Paid Social,Galaxy Watch6,738271,8018,24240,756,123297,1.24,46.5,36.1,N/A,N/A,N/A,N/A,N/A,N/A,N/A,N/A,N/A,N/A,14.2,0.8
1,SEIL,Influencer,Galaxy Watch6,N/A,N/A,8332,72,21600,5.48,48.8,25.2,Influencer_17,958889,5.48,N/A,N/A,N/A,N/A,N/A,N/A,N/A,11.2,0.94
1,SEIL,TV,Galaxy Watch6,N/A,N/A,58470,N/A,N/A,N/A,61.9,60.0,N/A,N/A,N/A,489,N/A,N/A,N/A,N/A,N/A,N/A,13.1,0.8
1,SEIL,Search,Galaxy Watch6,495826,9981,28610,891,401962,2.01,54.1,31.6,N/A,N/A,N/A,N/A,N/A,N/A,N/A,N/A,N/A,N/A,9.4,0.93
1,SEIL,Website,Galaxy Watch6,N/A,N/A,N/A,1739,559206,N/A,43.6,45.7,N/A,N/A,N/A,N/A,N/A,N/A,99529,29.5,185,2.73,12.6,0.85
1,SEIL,PR,Galaxy Watch6,N/A,N/A,0,N/A,N/A,N/A,59.9,60.4,N/A,N/A,N/A,N/A,90,18.1,N/A,N/A,N/A,N/A,6.4,0.86
1,SEPAK,Paid Social,Galaxy Z Fold8,585064,5421,17424,529,85128,1.06,58.1,55.3,N/A,N/A,N/A,N/A,N/A,N/A,N/A,N/A,N/A,N/A,14.8,0.89
1,SEPAK,Influencer,Galaxy Z Fold8,N/A,N/A,5534,28,12188,4.37,58.4,26.8,Influencer_19,445369,4.37,N/A,N/A,N/A,N/A,N/A,N/A,N/A,14.5,0.86
1,SEPAK,TV,Galaxy Z Fold8,N/A,N/A,58874,N/A,N/A,N/A,66.2,56.0,N/A,N/A,N/A,636,N/A,N/A,N/A,N/A,N/A,N/A,15.4,0.8
1,SEPAK,Search,Galaxy Z Fold8,384964,7764,14534,1298,344818,2.02,53.4,40.4,N/A,N/A,N/A,N/A,N/A,N/A,N/A,N/A,N/A,N/A,15.0,0.89
1,SEPAK,Website,Galaxy Z Fold8,N/A,N/A,N/A,1942,526798,N/A,49.0,46.8,N/A,N/A,N/A,N/A,N/A,N/A,117620,40.3,219,3.17,8.4,0.91
1,SEPAK,PR,Galaxy Z Fold8,N/A,N/A,0,N/A,N/A,N/A,74.8,51.6,N/A,N/A,N/A,N/A,76,43.5,N/A,N/A,N/A,N/A,8.8,0.86
1,SEPAK,Paid Social,Galaxy Z Flip8,84295,1261,2914,73,16765,0.87,57.9,36.3,N/A,N/A,N/A,N/A,N/A,N/A,N/A,N/A,N/A,N/A,9.3,0.71
1,SEPAK,Influencer,Galaxy Z Flip8,N/A,N/A,1105,60,20074,5.41,31.5,23.4,Influencer_19,929884,5.41,N/A,N/A,N/A,N/A,N/A,N/A,N/A,10.3,0.92
1,SEPAK,PR,Galaxy Z Flip8,N/A,N/A,0,N/A,N/A,N/A,66.7,51.8,N/A,N/A,N/A,N/A,10,45.2,N/A,N/A,N/A,N/A,12.2,0.84
1,SEPAK,Paid Social,Galaxy S24,451105,3759,20604,342,104550,0.84,61.6,41.2,N/A,N/A,N/A,N/A,N/A,N/A,N/A,N/A,N/A,N/A,13.9,0.86
1,SEPAK,Influencer,Galaxy S24,N/A,N/A,4308,21,8073,5.01,38.5,33.5,Influencer_20,453690,5.01,N/A,N/A,N/A,N/A,N/A,N/A,N/A,14.3,0.77
1,SEPAK,TV,Galaxy S24,N/A,N/A,42905,N/A,N/A,N/A,70.8,50.1,N/A,N/A,N/A,347,N/A,N/A,N/A,N/A,N/A,N/A,18.8,0.82
1,SEPAK,Search,Galaxy S24,248528,3952,20323,333,121899,1.59,50.7,49.8,N/A,N/A,N/A,N/A,N/A,N/A,N/A,N/A,N/A,N/A,9.8,0.79
1,SEPAK,Website,Galaxy S24,N/A,N/A,N/A,1000,357064,N/A,45.0,34.5,N/A,N/A,N/A,N/A,N/A,N/A,65283,40.4,235,2.7,13.9,0.9
1,SEPAK,PR,Galaxy S24,N/A,N/A,0,N/A,N/A,N/A,63.5,45.8,N/A,N/A,N/A,N/A,62,46.4,N/A,N/A,N/A,N/A,6.4,0.91
1,SEPAK,Paid Social,Galaxy Tab S10,119366,1337,2593,75,26083,1.42,46.0,35.5,N/A,N/A,N/A,N/A,N/A,N/A,N/A,N/A,N/A,N/A,12.3,0.9
1,SEPAK,Paid Social,Galaxy Buds3,89783,877,2191,55,20104,0.83,56.2,34.4,N/A,N/A,N/A,N/A,N/A,N/A,N/A,N/A,N/A,N/A,17.1,0.81
1,SEPAK,Paid Social,Galaxy Watch6,567780,7496,19734,503,98942,1.28,47.5,50.1,N/A,N/A,N/A,N/A,N/A,N/A,N/A,N/A,N/A,N/A,10.7,0.72
1,SEPAK,Influencer,Galaxy Watch6,N/A,N/A,7788,7,2016,4.01,34.4,30.8,Influencer_19,282760,4.01,N/A,N/A,N/A,N/A,N/A,N/A,N/A,10.7,0.84
1,SEPAK,TV,Galaxy Watch6,N/A,N/A,46339,N/A,N/A,N/A,64.2,45.3,N/A,N/A,N/A,387,N/A,N/A,N/A,N/A,N/A,N/A,9.9,0.89
1,SEPAK,Search,Galaxy Watch6,387873,7039,19401,756,411270,1.81,65.1,33.0,N/A,N/A,N/A,N/A,N/A,N/A,N/A,N/A,N/A,N/A,12.3,0.84
1,SEPAK,Website,Galaxy Watch6,N/A,N/A,N/A,995,234516,N/A,37.9,45.5,N/A,N/A,N/A,N/A,N/A,N/A,56774,37.2,262,2.55,11.2,0.82
1,SEPAK,PR,Galaxy Watch6,N/A,N/A,0,N/A,N/A,N/A,55.3,52.4,N/A,N/A,N/A,N/A,73,18.0,N/A,N/A,N/A,N/A,8.5,0.87
2,SGE,Paid Social,Galaxy Z Fold8,621356,7467,33750,517,118184,1.0,66.8,28.2,N/A,N/A,N/A,N/A,N/A,N/A,N/A,N/A,N/A,N/A,9.2,0.83
2,SGE,Influencer,Galaxy Z Fold8,N/A,N/A,5901,13,3436,3.42,51.0,42.8,Influencer_3,323481,3.42,N/A,N/A,N/A,N/A,N/A,N/A,N/A,17.4,0.79
2,SGE,TV,Galaxy Z Fold8,N/A,N/A,44728,N/A,N/A,N/A,50.9,42.3,N/A,N/A,N/A,961,N/A,N/A,N/A,N/A,N/A,N/A,17.4,0.92
2,SGE,Search,Galaxy Z Fold8,756154,16390,23542,2405,1113183,2.17,56.5,39.5,N/A,N/A,N/A,N/A,N/A,N/A,N/A,N/A,N/A,N/A,8.9,0.81
2,SGE,Website,Galaxy Z Fold8,N/A,N/A,N/A,1334,436470,N/A,43.3,39.4,N/A,N/A,N/A,N/A,N/A,N/A,83740,27.4,201,3.69,10.6,0.85
2,SGE,PR,Galaxy Z Fold8,N/A,N/A,0,N/A,N/A,N/A,66.8,57.7,N/A,N/A,N/A,N/A,89,43.1,N/A,N/A,N/A,N/A,5.2,0.85
2,SGE,B2B Roadshow,Galaxy Z Fold8,29536,N/A,7306,105,49256,7.12,56.5,69.4,N/A,N/A,N/A,N/A,N/A,N/A,N/A,N/A,N/A,N/A,9.5,0.89
2,SGE,Paid Social,Galaxy Z Flip8,1231322,14309,23293,1577,544168,1.25,43.5,56.4,N/A,N/A,N/A,N/A,N/A,N/A,N/A,N/A,N/A,N/A,12.2,0.93
2,SGE,Influencer,Galaxy Z Flip8,N/A,N/A,7891,9,2671,4.31,53.9,32.4,Influencer_1,330192,4.31,N/A,N/A,N/A,N/A,N/A,N/A,N/A,16.8,0.93
2,SGE,TV,Galaxy Z Flip8,N/A,N/A,50554,N/A,N/A,N/A,53.9,61.9,N/A,N/A,N/A,759,N/A,N/A,N/A,N/A,N/A,N/A,12.1,0.85
2,SGE,Search,Galaxy Z Flip8,894320,15502,38047,2233,954702,1.73,57.3,36.5,N/A,N/A,N/A,N/A,N/A,N/A,N/A,N/A,N/A,N/A,11.8,0.92
2,SGE,Website,Galaxy Z Flip8,N/A,N/A,N/A,2225,758512,N/A,61.1,46.3,N/A,N/A,N/A,N/A,N/A,N/A,135487,41.5,157,2.62,9.6,0.79
2,SGE,PR,Galaxy Z Flip8,N/A,N/A,0,N/A,N/A,N/A,69.0,54.9,N/A,N/A,N/A,N/A,132,31.5,N/A,N/A,N/A,N/A,10.0,0.85
2,SGE,Paid Social,Galaxy S24,567856,6462,21826,412,69316,0.84,51.2,41.9,N/A,N/A,N/A,N/A,N/A,N/A,N/A,N/A,N/A,N/A,9.4,0.85
2,SGE,Influencer,Galaxy S24,N/A,N/A,5026,50,11961,3.62,43.7,38.8,Influencer_2,953258,3.62,N/A,N/A,N/A,N/A,N/A,N/A,N/A,10.6,0.84
2,SGE,TV,Galaxy S24,N/A,N/A,40992,N/A,N/A,N/A,55.2,40.4,N/A,N/A,N/A,543,N/A,N/A,N/A,N/A,N/A,N/A,12.3,0.8
2,SGE,Search,Galaxy S24,537021,8689,13137,1401,742705,1.62,60.8,36.9,N/A,N/A,N/A,N/A,N/A,N/A,N/A,N/A,N/A,N/A,7.6,0.94
2,SGE,Website,Galaxy S24,N/A,N/A,N/A,1245,345033,N/A,61.6,32.4,N/A,N/A,N/A,N/A,N/A,N/A,95897,25.5,250,3.26,10.5,0.76
2,SGE,PR,Galaxy S24,N/A,N/A,0,N/A,N/A,N/A,74.1,59.2,N/A,N/A,N/A,N/A,70,36.9,N/A,N/A,N/A,N/A,7.0,0.8
2,SGE,B2B Roadshow,Galaxy S24,11662,N/A,6530,48,28748,6.64,70.3,57.3,N/A,N/A,N/A,N/A,N/A,N/A,N/A,N/A,N/A,N/A,7.8,0.91
2,SGE,Paid Social,Galaxy Tab S10,103854,1094,3701,50,13803,1.34,46.4,57.1,N/A,N/A,N/A,N/A,N/A,N/A,N/A,N/A,N/A,N/A,15.2,0.73
2,SGE,Influencer,Galaxy Tab S10,N/A,N/A,996,24,7432,3.81,36.9,40.1,Influencer_1,613037,3.81,N/A,N/A,N/A,N/A,N/A,N/A,N/A,11.4,0.76
2,SGE,PR,Galaxy Tab S10,N/A,N/A,0,N/A,N/A,N/A,61.3,54.2,N/A,N/A,N/A,N/A,4,23.1,N/A,N/A,N/A,N/A,8.5,0.9
2,SGE,Paid Social,Galaxy Buds3,132871,1192,3870,63,25052,1.32,47.0,37.5,N/A,N/A,N/A,N/A,N/A,N/A,N/A,N/A,N/A,N/A,16.9,0.83
2,SGE,Paid Social,Galaxy Watch6,751739,8976,23770,944,228532,1.27,67.4,44.9,N/A,N/A,N/A,N/A,N/A,N/A,N/A,N/A,N/A,N/A,16.6,0.88
2,SGE,Influencer,Galaxy Watch6,N/A,N/A,5939,17,6743,2.59,61.8,39.4,Influencer_3,859827,2.59,N/A,N/A,N/A,N/A,N/A,N/A,N/A,9.7,0.76
2,SGE,TV,Galaxy Watch6,N/A,N/A,53031,N/A,N/A,N/A,62.1,56.0,N/A,N/A,N/A,419,N/A,N/A,N/A,N/A,N/A,N/A,18.1,0.8
2,SGE,Search,Galaxy Watch6,566572,8171,11730,809,309290,1.44,53.3,42.5,N/A,N/A,N/A,N/A,N/A,N/A,N/A,N/A,N/A,N/A,8.0,0.86
2,SGE,Website,Galaxy Watch6,N/A,N/A,N/A,1613,619326,N/A,51.4,52.0,N/A,N/A,N/A,N/A,N/A,N/A,96439,26.2,185,3.28,11.8,0.82
2,SGE,PR,Galaxy Watch6,N/A,N/A,0,N/A,N/A,N/A,66.3,56.1,N/A,N/A,N/A,N/A,36,32.8,N/A,N/A,N/A,N/A,10.5,0.94
2,SGE,B2B Roadshow,Galaxy Watch6,16095,N/A,7997,86,24667,7.79,60.6,56.0,N/A,N/A,N/A,N/A,N/A,N/A,N/A,N/A,N/A,N/A,11.6,0.98
2,SESAR,Paid Social,Galaxy Z Fold8,904316,9063,18792,862,234680,1.14,54.8,55.4,N/A,N/A,N/A,N/A,N/A,N/A,N/A,N/A,N/A,N/A,15.7,0.77
2,SESAR,Influencer,Galaxy Z Fold8,N/A,N/A,6232,52,25291,4.4,56.7,30.7,Influencer_4,909489,4.4,N/A,N/A,N/A,N/A,N/A,N/A,N/A,10.3,0.89
2,SESAR,TV,Galaxy Z Fold8,N/A,N/A,52698,N/A,N/A,N/A,60.1,44.4,N/A,N/A,N/A,872,N/A,N/A,N/A,N/A,N/A,N/A,14.5,0.76
2,SESAR,Search,Galaxy Z Fold8,582368,8567,18900,802,348631,1.47,57.5,38.3,N/A,N/A,N/A,N/A,N/A,N/A,N/A,N/A,N/A,N/A,12.2,0.86
2,SESAR,Website,Galaxy Z Fold8,N/A,N/A,N/A,686,208081,N/A,40.8,51.1,N/A,N/A,N/A,N/A,N/A,N/A,80518,39.3,175,3.52,16.8,0.78
2,SESAR,PR,Galaxy Z Fold8,N/A,N/A,0,N/A,N/A,N/A,58.0,66.5,N/A,N/A,N/A,N/A,80,33.3,N/A,N/A,N/A,N/A,7.3,0.9
2,SESAR,B2B Roadshow,Galaxy Z Fold8,12930,N/A,7703,68,51070,6.69,72.0,50.7,N/A,N/A,N/A,N/A,N/A,N/A,N/A,N/A,N/A,N/A,11.5,0.89
2,SESAR,Paid Social,Galaxy Z Flip8,1173932,10836,16487,1297,323275,1.15,66.1,56.3,N/A,N/A,N/A,N/A,N/A,N/A,N/A,N/A,N/A,N/A,18.1,0.92
2,SESAR,Influencer,Galaxy Z Flip8,N/A,N/A,4847,32,9616,4.49,46.2,41.2,Influencer_21,512886,4.49,N/A,N/A,N/A,N/A,N/A,N/A,N/A,12.6,0.93
2,SESAR,TV,Galaxy Z Flip8,N/A,N/A,48492,N/A,N/A,N/A,61.6,44.8,N/A,N/A,N/A,1042,N/A,N/A,N/A,N/A,N/A,N/A,18.5,0.79
2,SESAR,Search,Galaxy Z Flip8,854145,14169,23037,2151,546838,1.66,51.2,39.6,N/A,N/A,N/A,N/A,N/A,N/A,N/A,N/A,N/A,N/A,12.3,0.81
2,SESAR,Website,Galaxy Z Flip8,N/A,N/A,N/A,2097,689535,N/A,40.9,35.1,N/A,N/A,N/A,N/A,N/A,N/A,128935,26.7,174,2.78,9.5,0.8
2,SESAR,PR,Galaxy Z Flip8,N/A,N/A,0,N/A,N/A,N/A,59.7,50.6,N/A,N/A,N/A,N/A,62,32.4,N/A,N/A,N/A,N/A,9.6,0.89
2,SESAR,Paid Social,Galaxy S24,477846,6009,14806,270,48480,1.01,50.2,42.5,N/A,N/A,N/A,N/A,N/A,N/A,N/A,N/A,N/A,N/A,17.7,0.88
2,SESAR,Influencer,Galaxy S24,N/A,N/A,4062,23,6123,2.91,61.3,36.3,Influencer_5,923821,2.91,N/A,N/A,N/A,N/A,N/A,N/A,N/A,11.9,0.95
2,SESAR,TV,Galaxy S24,N/A,N/A,40863,N/A,N/A,N/A,66.5,60.8,N/A,N/A,N/A,459,N/A,N/A,N/A,N/A,N/A,N/A,17.9,0.88
2,SESAR,Search,Galaxy S24,310882,6099,9511,808,330029,1.96,51.8,55.1,N/A,N/A,N/A,N/A,N/A,N/A,N/A,N/A,N/A,N/A,7.2,0.91
2,SESAR,Website,Galaxy S24,N/A,N/A,N/A,873,291726,N/A,42.5,41.6,N/A,N/A,N/A,N/A,N/A,N/A,87190,28.3,263,2.67,7.9,0.84
2,SESAR,PR,Galaxy S24,N/A,N/A,0,N/A,N/A,N/A,65.8,53.8,N/A,N/A,N/A,N/A,19,32.6,N/A,N/A,N/A,N/A,4.9,0.87
2,SESAR,B2B Roadshow,Galaxy S24,15073,N/A,3178,67,24507,7.08,69.9,61.6,N/A,N/A,N/A,N/A,N/A,N/A,N/A,N/A,N/A,N/A,5.3,0.88
2,SESAR,Paid Social,Galaxy Tab S10,80014,943,2096,108,18063,1.45,39.0,39.7,N/A,N/A,N/A,N/A,N/A,N/A,N/A,N/A,N/A,N/A,16.2,0.89
2,SESAR,Influencer,Galaxy Tab S10,N/A,N/A,909,76,23920,5.87,58.7,49.2,Influencer_4,877255,5.87,N/A,N/A,N/A,N/A,N/A,N/A,N/A,11.2,0.89
2,SESAR,PR,Galaxy Tab S10,N/A,N/A,0,N/A,N/A,N/A,74.5,45.4,N/A,N/A,N/A,N/A,13,23.0,N/A,N/A,N/A,N/A,13.3,0.86
2,SESAR,Paid Social,Galaxy Buds3,85014,1113,2894,118,40007,1.48,51.9,49.0,N/A,N/A,N/A,N/A,N/A,N/A,N/A,N/A,N/A,N/A,12.1,0.79
2,SESAR,Paid Social,Galaxy Watch6,465307,4528,17506,237,46717,1.41,61.0,28.4,N/A,N/A,N/A,N/A,N/A,N/A,N/A,N/A,N/A,N/A,14.9,0.85
2,SESAR,Influencer,Galaxy Watch6,N/A,N/A,2869,15,5008,3.22,52.8,48.2,Influencer_21,452356,3.22,N/A,N/A,N/A,N/A,N/A,N/A,N/A,9.8,0.76
2,SESAR,TV,Galaxy Watch6,N/A,N/A,44074,N/A,N/A,N/A,62.5,56.9,N/A,N/A,N/A,388,N/A,N/A,N/A,N/A,N/A,N/A,18.1,0.75
2,SESAR,Search,Galaxy Watch6,338742,4858,15336,669,322298,1.43,63.3,38.1,N/A,N/A,N/A,N/A,N/A,N/A,N/A,N/A,N/A,N/A,14.1,0.94
2,SESAR,Website,Galaxy Watch6,N/A,N/A,N/A,906,249263,N/A,48.1,39.4,N/A,N/A,N/A,N/A,N/A,N/A,88740,26.2,194,3.44,16.7,0.92
2,SESAR,PR,Galaxy Watch6,N/A,N/A,0,N/A,N/A,N/A,61.0,52.8,N/A,N/A,N/A,N/A,51,42.6,N/A,N/A,N/A,N/A,5.7,0.86
2,SESAR,B2B Roadshow,Galaxy Watch6,20719,N/A,6879,52,23076,4.5,69.2,66.1,N/A,N/A,N/A,N/A,N/A,N/A,N/A,N/A,N/A,N/A,11.4,0.91
2,SETK,Paid Social,Galaxy Z Fold8,682451,8121,15572,577,123333,1.03,40.4,40.9,N/A,N/A,N/A,N/A,N/A,N/A,N/A,N/A,N/A,N/A,11.5,0.83
2,SETK,Influencer,Galaxy Z Fold8,N/A,N/A,8092,9,1906,3.44,34.8,46.1,Influencer_7,254040,3.44,N/A,N/A,N/A,N/A,N/A,N/A,N/A,13.3,0.88
2,SETK,TV,Galaxy Z Fold8,N/A,N/A,42010,N/A,N/A,N/A,54.2,60.7,N/A,N/A,N/A,611,N/A,N/A,N/A,N/A,N/A,N/A,12.4,0.9
2,SETK,Search,Galaxy Z Fold8,390495,8345,13151,1290,614425,2.14,65.7,49.6,N/A,N/A,N/A,N/A,N/A,N/A,N/A,N/A,N/A,N/A,12.5,0.84
2,SETK,Website,Galaxy Z Fold8,N/A,N/A,N/A,1045,411603,N/A,46.4,49.1,N/A,N/A,N/A,N/A,N/A,N/A,77299,32.6,241,2.96,11.7,0.89
2,SETK,PR,Galaxy Z Fold8,N/A,N/A,0,N/A,N/A,N/A,61.0,47.5,N/A,N/A,N/A,N/A,76,41.8,N/A,N/A,N/A,N/A,7.2,0.81
2,SETK,B2B Roadshow,Galaxy Z Fold8,16387,N/A,4195,39,31435,5.77,66.7,64.4,N/A,N/A,N/A,N/A,N/A,N/A,N/A,N/A,N/A,N/A,7.1,0.85
2,SETK,Paid Social,Galaxy Z Flip8,736957,7855,23811,627,196659,1.28,45.7,52.0,N/A,N/A,N/A,N/A,N/A,N/A,N/A,N/A,N/A,N/A,18.6,0.86
2,SETK,Influencer,Galaxy Z Flip8,N/A,N/A,11295,17,4113,3.09,49.0,27.5,Influencer_6,683214,3.09,N/A,N/A,N/A,N/A,N/A,N/A,N/A,16.3,0.95
2,SETK,TV,Galaxy Z Flip8,N/A,N/A,40194,N/A,N/A,N/A,49.8,59.2,N/A,N/A,N/A,793,N/A,N/A,N/A,N/A,N/A,N/A,20.1,0.85
2,SETK,Search,Galaxy Z Flip8,360223,5808,20878,504,148835,1.61,48.3,43.6,N/A,N/A,N/A,N/A,N/A,N/A,N/A,N/A,N/A,N/A,6.7,0.88
2,SETK,Website,Galaxy Z Flip8,N/A,N/A,N/A,1963,400320,N/A,50.6,33.9,N/A,N/A,N/A,N/A,N/A,N/A,134584,35.6,255,2.52,16.8,0.75
2,SETK,PR,Galaxy Z Flip8,N/A,N/A,0,N/A,N/A,N/A,75.7,45.1,N/A,N/A,N/A,N/A,87,43.2,N/A,N/A,N/A,N/A,5.3,0.82
2,SETK,Paid Social,Galaxy S24,427946,5280,14442,555,120341,1.08,49.2,39.6,N/A,N/A,N/A,N/A,N/A,N/A,N/A,N/A,N/A,N/A,13.8,0.95
2,SETK,Influencer,Galaxy S24,N/A,N/A,7085,14,6965,4.89,52.1,23.0,Influencer_7,514546,4.89,N/A,N/A,N/A,N/A,N/A,N/A,N/A,11.5,0.83
2,SETK,TV,Galaxy S24,N/A,N/A,43600,N/A,N/A,N/A,64.9,55.6,N/A,N/A,N/A,304,N/A,N/A,N/A,N/A,N/A,N/A,9.8,0.89
2,SETK,Search,Galaxy S24,454657,9022,9350,1529,803865,1.98,48.5,54.7,N/A,N/A,N/A,N/A,N/A,N/A,N/A,N/A,N/A,N/A,12.4,0.87
2,SETK,Website,Galaxy S24,N/A,N/A,N/A,515,112572,N/A,58.7,27.4,N/A,N/A,N/A,N/A,N/A,N/A,60941,43.5,158,2.77,9.1,0.78
2,SETK,PR,Galaxy S24,N/A,N/A,0,N/A,N/A,N/A,60.5,56.5,N/A,N/A,N/A,N/A,49,46.9,N/A,N/A,N/A,N/A,9.5,0.94
2,SETK,B2B Roadshow,Galaxy S24,19744,N/A,5717,62,17933,6.95,68.8,51.6,N/A,N/A,N/A,N/A,N/A,N/A,N/A,N/A,N/A,N/A,10.2,0.88
2,SETK,Paid Social,Galaxy Tab S10,78547,868,2064,58,19850,1.47,49.9,50.6,N/A,N/A,N/A,N/A,N/A,N/A,N/A,N/A,N/A,N/A,7.4,0.77
2,SETK,Influencer,Galaxy Tab S10,N/A,N/A,1073,33,10875,3.3,53.0,41.8,Influencer_6,714435,3.3,N/A,N/A,N/A,N/A,N/A,N/A,N/A,8.3,0.87
2,SETK,PR,Galaxy Tab S10,N/A,N/A,0,N/A,N/A,N/A,55.1,46.3,N/A,N/A,N/A,N/A,7,40.4,N/A,N/A,N/A,N/A,10.8,0.9
2,SETK,Paid Social,Galaxy Buds3,126510,1357,3394,65,9834,1.02,48.8,35.5,N/A,N/A,N/A,N/A,N/A,N/A,N/A,N/A,N/A,N/A,8.6,0.75
2,SETK,Paid Social,Galaxy Watch6,523916,6234,20512,452,70767,1.05,40.8,45.3,N/A,N/A,N/A,N/A,N/A,N/A,N/A,N/A,N/A,N/A,10.9,0.8
2,SETK,Influencer,Galaxy Watch6,N/A,N/A,2630,29,10667,3.86,62.4,29.3,Influencer_6,633911,3.86,N/A,N/A,N/A,N/A,N/A,N/A,N/A,12.6,0.89
2,SETK,TV,Galaxy Watch6,N/A,N/A,29289,N/A,N/A,N/A,55.7,44.7,N/A,N/A,N/A,334,N/A,N/A,N/A,N/A,N/A,N/A,10.6,0.75
2,SETK,Search,Galaxy Watch6,316835,5136,18429,812,290970,1.62,66.4,50.2,N/A,N/A,N/A,N/A,N/A,N/A,N/A,N/A,N/A,N/A,10.7,0.88
2,SETK,Website,Galaxy Watch6,N/A,N/A,N/A,710,196076,N/A,46.9,48.6,N/A,N/A,N/A,N/A,N/A,N/A,78383,44.0,235,3.76,11.4,0.83
2,SETK,PR,Galaxy Watch6,N/A,N/A,0,N/A,N/A,N/A,61.0,66.1,N/A,N/A,N/A,N/A,68,23.1,N/A,N/A,N/A,N/A,6.2,0.85
2,SETK,B2B Roadshow,Galaxy Watch6,16421,N/A,5614,54,40951,5.46,66.5,54.8,N/A,N/A,N/A,N/A,N/A,N/A,N/A,N/A,N/A,N/A,7.6,0.95
2,SELV,Paid Social,Galaxy Z Fold8,776611,8197,33523,458,182886,0.93,61.0,28.2,N/A,N/A,N/A,N/A,N/A,N/A,N/A,N/A,N/A,N/A,15.7,0.94
2,SELV,Influencer,Galaxy Z Fold8,N/A,N/A,10788,41,18273,5.29,56.5,34.3,Influencer_9,659753,5.29,N/A,N/A,N/A,N/A,N/A,N/A,N/A,12.4,0.88
2,SELV,TV,Galaxy Z Fold8,N/A,N/A,50446,N/A,N/A,N/A,65.5,55.9,N/A,N/A,N/A,580,N/A,N/A,N/A,N/A,N/A,N/A,18.3,0.73
2,SELV,Search,Galaxy Z Fold8,674836,11332,25445,1512,796897,1.68,64.5,42.7,N/A,N/A,N/A,N/A,N/A,N/A,N/A,N/A,N/A,N/A,6.5,0.93
2,SELV,Website,Galaxy Z Fold8,N/A,N/A,N/A,611,160117,N/A,38.5,51.6,N/A,N/A,N/A,N/A,N/A,N/A,67251,38.3,192,3.47,13.8,0.82
2,SELV,PR,Galaxy Z Fold8,N/A,N/A,0,N/A,N/A,N/A,63.8,42.7,N/A,N/A,N/A,N/A,68,48.0,N/A,N/A,N/A,N/A,6.7,0.88
2,SELV,B2B Roadshow,Galaxy Z Fold8,29697,N/A,7571,125,59067,4.11,62.5,59.3,N/A,N/A,N/A,N/A,N/A,N/A,N/A,N/A,N/A,N/A,9.8,0.93
2,SELV,Paid Social,Galaxy Z Flip8,796169,8291,17605,651,145731,1.44,40.6,52.3,N/A,N/A,N/A,N/A,N/A,N/A,N/A,N/A,N/A,N/A,15.8,0.79
2,SELV,Influencer,Galaxy Z Flip8,N/A,N/A,9993,34,11656,5.24,45.7,42.9,Influencer_10,677450,5.24,N/A,N/A,N/A,N/A,N/A,N/A,N/A,10.6,0.81
2,SELV,TV,Galaxy Z Flip8,N/A,N/A,51620,N/A,N/A,N/A,70.2,54.2,N/A,N/A,N/A,563,N/A,N/A,N/A,N/A,N/A,N/A,16.9,0.75
2,SELV,Search,Galaxy Z Flip8,946313,13663,21609,1847,645151,1.44,53.5,43.8,N/A,N/A,N/A,N/A,N/A,N/A,N/A,N/A,N/A,N/A,13.4,0.88
2,SELV,Website,Galaxy Z Flip8,N/A,N/A,N/A,1474,454041,N/A,48.1,27.1,N/A,N/A,N/A,N/A,N/A,N/A,102341,25.6,200,3.17,9.1,0.8
2,SELV,PR,Galaxy Z Flip8,N/A,N/A,0,N/A,N/A,N/A,73.0,55.8,N/A,N/A,N/A,N/A,38,36.3,N/A,N/A,N/A,N/A,7.7,0.83
2,SELV,Paid Social,Galaxy S24,461788,4542,23131,373,115546,1.22,56.3,45.0,N/A,N/A,N/A,N/A,N/A,N/A,N/A,N/A,N/A,N/A,11.2,0.91
2,SELV,Influencer,Galaxy S24,N/A,N/A,7245,26,12365,5.35,50.3,42.2,Influencer_8,380908,5.35,N/A,N/A,N/A,N/A,N/A,N/A,N/A,10.5,0.8
2,SELV,TV,Galaxy S24,N/A,N/A,31072,N/A,N/A,N/A,58.3,41.5,N/A,N/A,N/A,405,N/A,N/A,N/A,N/A,N/A,N/A,13.5,0.84
2,SELV,Search,Galaxy S24,496123,7857,13270,1010,415325,1.58,65.8,55.5,N/A,N/A,N/A,N/A,N/A,N/A,N/A,N/A,N/A,N/A,7.8,0.81
2,SELV,Website,Galaxy S24,N/A,N/A,N/A,681,189757,N/A,61.2,39.1,N/A,N/A,N/A,N/A,N/A,N/A,72482,34.0,163,3.8,9.0,0.82
2,SELV,PR,Galaxy S24,N/A,N/A,0,N/A,N/A,N/A,65.4,59.5,N/A,N/A,N/A,N/A,74,34.2,N/A,N/A,N/A,N/A,8.1,0.93
2,SELV,B2B Roadshow,Galaxy S24,21459,N/A,4370,41,43767,3.15,70.2,55.8,N/A,N/A,N/A,N/A,N/A,N/A,N/A,N/A,N/A,N/A,6.9,0.91
2,SELV,Paid Social,Galaxy Tab S10,97051,1306,5038,129,44050,1.18,41.4,30.8,N/A,N/A,N/A,N/A,N/A,N/A,N/A,N/A,N/A,N/A,16.3,0.91
2,SELV,Influencer,Galaxy Tab S10,N/A,N/A,551,52,17285,5.38,39.2,34.8,Influencer_10,768373,5.38,N/A,N/A,N/A,N/A,N/A,N/A,N/A,14.8,0.88
2,SELV,PR,Galaxy Tab S10,N/A,N/A,0,N/A,N/A,N/A,78.0,53.6,N/A,N/A,N/A,N/A,8,27.9,N/A,N/A,N/A,N/A,7.5,0.93
2,SELV,Paid Social,Galaxy Buds3,120482,1693,2614,172,35988,1.37,55.6,37.9,N/A,N/A,N/A,N/A,N/A,N/A,N/A,N/A,N/A,N/A,15.5,0.86
2,SELV,Paid Social,Galaxy Watch6,484293,5963,15485,626,219951,1.2,54.0,45.3,N/A,N/A,N/A,N/A,N/A,N/A,N/A,N/A,N/A,N/A,9.0,0.94
2,SELV,Influencer,Galaxy Watch6,N/A,N/A,5951,33,13325,4.5,35.5,50.9,Influencer_10,503387,4.5,N/A,N/A,N/A,N/A,N/A,N/A,N/A,15.3,0.93
2,SELV,TV,Galaxy Watch6,N/A,N/A,39743,N/A,N/A,N/A,65.4,55.5,N/A,N/A,N/A,694,N/A,N/A,N/A,N/A,N/A,N/A,10.4,0.75
2,SELV,Search,Galaxy Watch6,386817,7846,18866,1011,427883,2.03,49.5,42.6,N/A,N/A,N/A,N/A,N/A,N/A,N/A,N/A,N/A,N/A,10.3,0.88
2,SELV,Website,Galaxy Watch6,N/A,N/A,N/A,617,239057,N/A,49.6,41.5,N/A,N/A,N/A,N/A,N/A,N/A,51316,38.9,244,3.18,15.7,0.9
2,SELV,PR,Galaxy Watch6,N/A,N/A,0,N/A,N/A,N/A,64.5,59.0,N/A,N/A,N/A,N/A,24,40.9,N/A,N/A,N/A,N/A,7.6,0.81
2,SELV,B2B Roadshow,Galaxy Watch6,22697,N/A,6258,54,36428,7.12,64.9,56.5,N/A,N/A,N/A,N/A,N/A,N/A,N/A,N/A,N/A,N/A,7.0,0.91
2,SEMAG,Paid Social,Galaxy Z Fold8,483197,5780,23716,595,222255,1.33,39.4,46.2,N/A,N/A,N/A,N/A,N/A,N/A,N/A,N/A,N/A,N/A,17.0,0.7
2,SEMAG,Influencer,Galaxy Z Fold8,N/A,N/A,5528,19,7724,4.1,36.6,41.5,Influencer_22,662721,4.1,N/A,N/A,N/A,N/A,N/A,N/A,N/A,9.0,0.94
2,SEMAG,TV,Galaxy Z Fold8,N/A,N/A,40764,N/A,N/A,N/A,65.4,44.3,N/A,N/A,N/A,379,N/A,N/A,N/A,N/A,N/A,N/A,13.3,0.9
2,SEMAG,Search,Galaxy Z Fold8,328764,4115,17008,627,298809,1.25,53.5,34.5,N/A,N/A,N/A,N/A,N/A,N/A,N/A,N/A,N/A,N/A,7.1,0.81
2,SEMAG,Website,Galaxy Z Fold8,N/A,N/A,N/A,477,122373,N/A,46.0,30.0,N/A,N/A,N/A,N/A,N/A,N/A,51181,38.6,152,2.51,15.6,0.87
2,SEMAG,PR,Galaxy Z Fold8,N/A,N/A,0,N/A,N/A,N/A,62.6,60.7,N/A,N/A,N/A,N/A,68,21.1,N/A,N/A,N/A,N/A,5.3,0.85
2,SEMAG,B2B Roadshow,Galaxy Z Fold8,16833,N/A,4123,74,21015,6.21,68.5,51.4,N/A,N/A,N/A,N/A,N/A,N/A,N/A,N/A,N/A,N/A,8.9,0.92
2,SEMAG,Paid Social,Galaxy Z Flip8,622671,6899,20166,622,116838,1.09,58.6,53.2,N/A,N/A,N/A,N/A,N/A,N/A,N/A,N/A,N/A,N/A,8.0,0.73
2,SEMAG,Influencer,Galaxy Z Flip8,N/A,N/A,6245,60,17661,5.06,36.8,30.3,Influencer_22,818213,5.06,N/A,N/A,N/A,N/A,N/A,N/A,N/A,8.2,0.86
2,SEMAG,TV,Galaxy Z Flip8,N/A,N/A,73654,N/A,N/A,N/A,64.2,57.5,N/A,N/A,N/A,816,N/A,N/A,N/A,N/A,N/A,N/A,17.1,0.89
2,SEMAG,Search,Galaxy Z Flip8,685518,14230,17777,1875,755356,2.08,61.5,39.6,N/A,N/A,N/A,N/A,N/A,N/A,N/A,N/A,N/A,N/A,6.7,0.92
2,SEMAG,Website,Galaxy Z Flip8,N/A,N/A,N/A,1119,255340,N/A,61.8,51.7,N/A,N/A,N/A,N/A,N/A,N/A,86455,35.0,168,3.29,16.3,0.77
2,SEMAG,PR,Galaxy Z Flip8,N/A,N/A,0,N/A,N/A,N/A,66.7,46.7,N/A,N/A,N/A,N/A,97,31.6,N/A,N/A,N/A,N/A,8.6,0.96
2,SEMAG,Paid Social,Galaxy S24,343145,2785,9060,114,23248,1.45,66.5,39.3,N/A,N/A,N/A,N/A,N/A,N/A,N/A,N/A,N/A,N/A,10.4,0.88
2,SEMAG,Influencer,Galaxy S24,N/A,N/A,2342,36,13006,4.96,37.2,24.5,Influencer_12,644150,4.96,N/A,N/A,N/A,N/A,N/A,N/A,N/A,8.2,0.93
2,SEMAG,TV,Galaxy S24,N/A,N/A,25616,N/A,N/A,N/A,57.2,52.7,N/A,N/A,N/A,429,N/A,N/A,N/A,N/A,N/A,N/A,18.0,0.85
2,SEMAG,Search,Galaxy S24,406213,5143,15512,786,396097,1.27,44.2,34.4,N/A,N/A,N/A,N/A,N/A,N/A,N/A,N/A,N/A,N/A,10.1,0.85
2,SEMAG,Website,Galaxy S24,N/A,N/A,N/A,404,155711,N/A,40.8,27.3,N/A,N/A,N/A,N/A,N/A,N/A,36472,39.8,180,2.52,12.0,0.81
2,SEMAG,PR,Galaxy S24,N/A,N/A,0,N/A,N/A,N/A,71.0,46.6,N/A,N/A,N/A,N/A,54,42.5,N/A,N/A,N/A,N/A,5.5,0.92
2,SEMAG,B2B Roadshow,Galaxy S24,11988,N/A,3967,87,11425,4.68,63.6,60.5,N/A,N/A,N/A,N/A,N/A,N/A,N/A,N/A,N/A,N/A,6.8,0.98
2,SEMAG,Paid Social,Galaxy Tab S10,105698,902,3431,72,11797,1.4,43.0,32.1,N/A,N/A,N/A,N/A,N/A,N/A,N/A,N/A,N/A,N/A,16.3,0.92
2,SEMAG,Influencer,Galaxy Tab S10,N/A,N/A,1156,28,5969,2.9,58.5,29.3,Influencer_11,957888,2.9,N/A,N/A,N/A,N/A,N/A,N/A,N/A,12.1,0.83
2,SEMAG,PR,Galaxy Tab S10,N/A,N/A,0,N/A,N/A,N/A,77.0,43.3,N/A,N/A,N/A,N/A,4,24.4,N/A,N/A,N/A,N/A,11.6,0.91
2,SEMAG,Paid Social,Galaxy Buds3,107581,1176,2874,70,26527,1.02,62.8,44.5,N/A,N/A,N/A,N/A,N/A,N/A,N/A,N/A,N/A,N/A,8.4,0.87
2,SEMAG,Paid Social,Galaxy Watch6,336353,3113,18423,368,142975,0.85,52.0,35.9,N/A,N/A,N/A,N/A,N/A,N/A,N/A,N/A,N/A,N/A,17.1,0.78
2,SEMAG,Influencer,Galaxy Watch6,N/A,N/A,2959,13,5659,2.53,54.8,29.3,Influencer_11,678933,2.53,N/A,N/A,N/A,N/A,N/A,N/A,N/A,11.1,0.94
2,SEMAG,TV,Galaxy Watch6,N/A,N/A,27288,N/A,N/A,N/A,71.5,57.0,N/A,N/A,N/A,493,N/A,N/A,N/A,N/A,N/A,N/A,11.7,0.72
2,SEMAG,Search,Galaxy Watch6,328297,4018,17686,460,230861,1.22,64.7,56.0,N/A,N/A,N/A,N/A,N/A,N/A,N/A,N/A,N/A,N/A,6.2,0.89
2,SEMAG,Website,Galaxy Watch6,N/A,N/A,N/A,520,172875,N/A,61.7,30.6,N/A,N/A,N/A,N/A,N/A,N/A,57570,29.8,275,3.94,9.8,0.76
2,SEMAG,PR,Galaxy Watch6,N/A,N/A,0,N/A,N/A,N/A,66.0,59.9,N/A,N/A,N/A,N/A,30,45.9,N/A,N/A,N/A,N/A,7.8,0.96
2,SEMAG,B2B Roadshow,Galaxy Watch6,8148,N/A,7757,33,31315,3.67,71.4,51.5,N/A,N/A,N/A,N/A,N/A,N/A,N/A,N/A,N/A,N/A,9.0,0.89
2,SEEG,Paid Social,Galaxy Z Fold8,511675,4941,18496,533,203345,1.08,63.0,37.2,N/A,N/A,N/A,N/A,N/A,N/A,N/A,N/A,N/A,N/A,12.4,0.76
2,SEEG,Influencer,Galaxy Z Fold8,N/A,N/A,7009,10,2316,5.23,46.1,31.4,Influencer_14,342723,5.23,N/A,N/A,N/A,N/A,N/A,N/A,N/A,8.6,0.82
2,SEEG,TV,Galaxy Z Fold8,N/A,N/A,39245,N/A,N/A,N/A,56.7,44.6,N/A,N/A,N/A,567,N/A,N/A,N/A,N/A,N/A,N/A,10.2,0.75
2,SEEG,Search,Galaxy Z Fold8,593721,8930,10188,906,459316,1.5,46.5,50.0,N/A,N/A,N/A,N/A,N/A,N/A,N/A,N/A,N/A,N/A,14.9,0.84
2,SEEG,Website,Galaxy Z Fold8,N/A,N/A,N/A,750,198781,N/A,58.8,40.9,N/A,N/A,N/A,N/A,N/A,N/A,50774,44.8,157,3.93,12.5,0.77
2,SEEG,PR,Galaxy Z Fold8,N/A,N/A,0,N/A,N/A,N/A,56.5,42.7,N/A,N/A,N/A,N/A,28,43.1,N/A,N/A,N/A,N/A,11.9,0.96
2,SEEG,B2B Roadshow,Galaxy Z Fold8,12853,N/A,4623,129,38026,4.86,67.6,62.9,N/A,N/A,N/A,N/A,N/A,N/A,N/A,N/A,N/A,N/A,9.1,0.86
2,SEEG,Paid Social,Galaxy Z Flip8,1041876,8881,15876,495,154190,1.37,40.8,52.8,N/A,N/A,N/A,N/A,N/A,N/A,N/A,N/A,N/A,N/A,16.7,0.73
2,SEEG,Influencer,Galaxy Z Flip8,N/A,N/A,8662,7,2921,3.09,47.5,33.5,Influencer_15,253097,3.09,N/A,N/A,N/A,N/A,N/A,N/A,N/A,11.7,0.82
2,SEEG,TV,Galaxy Z Flip8,N/A,N/A,47547,N/A,N/A,N/A,56.0,60.1,N/A,N/A,N/A,607,N/A,N/A,N/A,N/A,N/A,N/A,9.2,0.84
2,SEEG,Search,Galaxy Z Flip8,482469,8912,29639,1080,448423,1.85,44.3,39.2,N/A,N/A,N/A,N/A,N/A,N/A,N/A,N/A,N/A,N/A,7.4,0.81
2,SEEG,Website,Galaxy Z Flip8,N/A,N/A,N/A,1403,629276,N/A,56.9,36.0,N/A,N/A,N/A,N/A,N/A,N/A,133782,35.9,154,3.98,12.4,0.84
2,SEEG,PR,Galaxy Z Flip8,N/A,N/A,0,N/A,N/A,N/A,62.7,46.9,N/A,N/A,N/A,N/A,103,34.1,N/A,N/A,N/A,N/A,7.3,0.84
2,SEEG,Paid Social,Galaxy S24,654505,8950,14312,399,158755,1.17,61.0,57.4,N/A,N/A,N/A,N/A,N/A,N/A,N/A,N/A,N/A,N/A,18.7,0.73
2,SEEG,Influencer,Galaxy S24,N/A,N/A,6538,20,8422,3.43,55.5,50.4,Influencer_13,452867,3.43,N/A,N/A,N/A,N/A,N/A,N/A,N/A,13.2,0.95
2,SEEG,TV,Galaxy S24,N/A,N/A,37431,N/A,N/A,N/A,72.4,62.8,N/A,N/A,N/A,391,N/A,N/A,N/A,N/A,N/A,N/A,10.9,0.77
2,SEEG,Search,Galaxy S24,315038,6320,14685,1083,279914,2.01,60.3,55.9,N/A,N/A,N/A,N/A,N/A,N/A,N/A,N/A,N/A,N/A,11.3,0.87
2,SEEG,Website,Galaxy S24,N/A,N/A,N/A,824,331742,N/A,38.3,28.4,N/A,N/A,N/A,N/A,N/A,N/A,50403,44.4,229,2.76,13.0,0.75
2,SEEG,PR,Galaxy S24,N/A,N/A,0,N/A,N/A,N/A,75.9,47.4,N/A,N/A,N/A,N/A,54,19.0,N/A,N/A,N/A,N/A,5.6,0.91
2,SEEG,B2B Roadshow,Galaxy S24,13906,N/A,3487,28,17334,5.93,73.3,65.5,N/A,N/A,N/A,N/A,N/A,N/A,N/A,N/A,N/A,N/A,10.9,0.96
2,SEEG,Paid Social,Galaxy Tab S10,72633,771,3369,66,15453,1.03,67.3,49.4,N/A,N/A,N/A,N/A,N/A,N/A,N/A,N/A,N/A,N/A,12.2,0.86
2,SEEG,Influencer,Galaxy Tab S10,N/A,N/A,1186,46,18771,3.61,60.5,45.6,Influencer_15,880714,3.61,N/A,N/A,N/A,N/A,N/A,N/A,N/A,9.6,0.87
2,SEEG,PR,Galaxy Tab S10,N/A,N/A,0,N/A,N/A,N/A,71.3,49.8,N/A,N/A,N/A,N/A,5,30.4,N/A,N/A,N/A,N/A,6.0,0.8
2,SEEG,Paid Social,Galaxy Buds3,117187,1715,3352,185,63400,1.2,43.5,36.9,N/A,N/A,N/A,N/A,N/A,N/A,N/A,N/A,N/A,N/A,16.7,0.85
2,SEEG,Paid Social,Galaxy Watch6,563866,6743,19074,345,116035,0.97,67.5,32.4,N/A,N/A,N/A,N/A,N/A,N/A,N/A,N/A,N/A,N/A,17.6,0.72
2,SEEG,Influencer,Galaxy Watch6,N/A,N/A,3881,40,11182,4.74,40.1,24.0,Influencer_13,902571,4.74,N/A,N/A,N/A,N/A,N/A,N/A,N/A,10.0,0.77
2,SEEG,TV,Galaxy Watch6,N/A,N/A,20305,N/A,N/A,N/A,58.6,56.3,N/A,N/A,N/A,286,N/A,N/A,N/A,N/A,N/A,N/A,20.4,0.9
2,SEEG,Search,Galaxy Watch6,376998,7848,14517,1056,296132,2.08,54.8,53.8,N/A,N/A,N/A,N/A,N/A,N/A,N/A,N/A,N/A,N/A,12.1,0.89
2,SEEG,Website,Galaxy Watch6,N/A,N/A,N/A,602,240678,N/A,61.2,28.9,N/A,N/A,N/A,N/A,N/A,N/A,48139,25.7,155,2.98,8.7,0.82
2,SEEG,PR,Galaxy Watch6,N/A,N/A,0,N/A,N/A,N/A,75.5,44.7,N/A,N/A,N/A,N/A,18,35.4,N/A,N/A,N/A,N/A,9.7,0.9
2,SEEG,B2B Roadshow,Galaxy Watch6,17427,N/A,3253,63,39714,3.82,72.8,53.1,N/A,N/A,N/A,N/A,N/A,N/A,N/A,N/A,N/A,N/A,5.7,0.85
2,SEIL,Paid Social,Galaxy Z Fold8,629586,6840,31663,668,222105,0.99,46.4,34.5,N/A,N/A,N/A,N/A,N/A,N/A,N/A,N/A,N/A,N/A,7.6,0.84
2,SEIL,Influencer,Galaxy Z Fold8,N/A,N/A,3181,9,2595,2.69,52.5,40.0,Influencer_17,361050,2.69,N/A,N/A,N/A,N/A,N/A,N/A,N/A,9.4,0.76
2,SEIL,TV,Galaxy Z Fold8,N/A,N/A,43253,N/A,N/A,N/A,56.3,40.0,N/A,N/A,N/A,762,N/A,N/A,N/A,N/A,N/A,N/A,18.9,0.78
2,SEIL,Search,Galaxy Z Fold8,533805,8919,19616,794,328110,1.67,47.4,54.3,N/A,N/A,N/A,N/A,N/A,N/A,N/A,N/A,N/A,N/A,9.5,0.85
2,SEIL,Website,Galaxy Z Fold8,N/A,N/A,N/A,1100,292435,N/A,54.8,29.4,N/A,N/A,N/A,N/A,N/A,N/A,88735,41.7,165,2.73,13.7,0.9
2,SEIL,PR,Galaxy Z Fold8,N/A,N/A,0,N/A,N/A,N/A,67.7,56.2,N/A,N/A,N/A,N/A,75,48.1,N/A,N/A,N/A,N/A,12.0,0.93
2,SEIL,B2B Roadshow,Galaxy Z Fold8,24901,N/A,7386,132,49473,5.86,59.7,56.0,N/A,N/A,N/A,N/A,N/A,N/A,N/A,N/A,N/A,N/A,7.8,0.96
2,SEIL,Paid Social,Galaxy Z Flip8,680145,7831,37975,814,259978,1.23,41.6,50.1,N/A,N/A,N/A,N/A,N/A,N/A,N/A,N/A,N/A,N/A,9.1,0.95
2,SEIL,Influencer,Galaxy Z Flip8,N/A,N/A,8489,6,2429,2.94,38.7,46.7,Influencer_18,402087,2.94,N/A,N/A,N/A,N/A,N/A,N/A,N/A,8.9,0.87
2,SEIL,TV,Galaxy Z Flip8,N/A,N/A,66877,N/A,N/A,N/A,67.2,58.2,N/A,N/A,N/A,1136,N/A,N/A,N/A,N/A,N/A,N/A,9.8,0.83
2,SEIL,Search,Galaxy Z Flip8,773632,11806,25003,1558,818181,1.53,43.1,49.7,N/A,N/A,N/A,N/A,N/A,N/A,N/A,N/A,N/A,N/A,11.5,0.91
2,SEIL,Website,Galaxy Z Flip8,N/A,N/A,N/A,1032,244635,N/A,51.5,29.5,N/A,N/A,N/A,N/A,N/A,N/A,84981,36.8,175,3.89,9.9,0.85
2,SEIL,PR,Galaxy Z Flip8,N/A,N/A,0,N/A,N/A,N/A,59.6,58.8,N/A,N/A,N/A,N/A,84,45.3,N/A,N/A,N/A,N/A,9.5,0.88
2,SEIL,Paid Social,Galaxy S24,464847,4614,13160,412,131923,1.08,49.9,53.8,N/A,N/A,N/A,N/A,N/A,N/A,N/A,N/A,N/A,N/A,15.3,0.71
2,SEIL,Influencer,Galaxy S24,N/A,N/A,2491,22,9638,5.64,41.9,47.3,Influencer_17,481631,5.64,N/A,N/A,N/A,N/A,N/A,N/A,N/A,16.0,0.89
2,SEIL,TV,Galaxy S24,N/A,N/A,35388,N/A,N/A,N/A,56.5,56.6,N/A,N/A,N/A,368,N/A,N/A,N/A,N/A,N/A,N/A,18.1,0.78
2,SEIL,Search,Galaxy S24,537153,8684,10177,857,268598,1.62,63.4,50.7,N/A,N/A,N/A,N/A,N/A,N/A,N/A,N/A,N/A,N/A,13.0,0.92
2,SEIL,Website,Galaxy S24,N/A,N/A,N/A,594,142407,N/A,56.9,40.1,N/A,N/A,N/A,N/A,N/A,N/A,45175,31.2,279,3.11,12.7,0.78
2,SEIL,PR,Galaxy S24,N/A,N/A,0,N/A,N/A,N/A,59.2,53.8,N/A,N/A,N/A,N/A,34,44.1,N/A,N/A,N/A,N/A,12.7,0.91
2,SEIL,B2B Roadshow,Galaxy S24,14943,N/A,6017,113,36557,5.53,67.7,52.5,N/A,N/A,N/A,N/A,N/A,N/A,N/A,N/A,N/A,N/A,5.2,0.88
2,SEIL,Paid Social,Galaxy Tab S10,127803,1421,4339,123,29205,0.91,64.8,49.9,N/A,N/A,N/A,N/A,N/A,N/A,N/A,N/A,N/A,N/A,15.3,0.77
2,SEIL,Influencer,Galaxy Tab S10,N/A,N/A,1210,9,2378,3.07,39.2,28.8,Influencer_17,252062,3.07,N/A,N/A,N/A,N/A,N/A,N/A,N/A,9.5,0.88
2,SEIL,PR,Galaxy Tab S10,N/A,N/A,0,N/A,N/A,N/A,72.5,61.6,N/A,N/A,N/A,N/A,13,19.6,N/A,N/A,N/A,N/A,4.5,0.95
2,SEIL,Paid Social,Galaxy Buds3,132206,1217,1933,70,21146,1.46,59.4,48.7,N/A,N/A,N/A,N/A,N/A,N/A,N/A,N/A,N/A,N/A,10.3,0.92
2,SEIL,Paid Social,Galaxy Watch6,745349,7782,15951,447,100814,1.16,56.7,44.9,N/A,N/A,N/A,N/A,N/A,N/A,N/A,N/A,N/A,N/A,7.1,0.95
2,SEIL,Influencer,Galaxy Watch6,N/A,N/A,6290,29,11754,4.77,47.1,32.1,Influencer_17,788730,4.77,N/A,N/A,N/A,N/A,N/A,N/A,N/A,10.2,0.82
2,SEIL,TV,Galaxy Watch6,N/A,N/A,37913,N/A,N/A,N/A,65.4,61.8,N/A,N/A,N/A,418,N/A,N/A,N/A,N/A,N/A,N/A,16.6,0.76
2,SEIL,Search,Galaxy Watch6,449827,8841,9339,1419,696316,1.97,57.8,48.7,N/A,N/A,N/A,N/A,N/A,N/A,N/A,N/A,N/A,N/A,12.3,0.9
2,SEIL,Website,Galaxy Watch6,N/A,N/A,N/A,1630,431716,N/A,52.0,51.9,N/A,N/A,N/A,N/A,N/A,N/A,90712,33.4,249,3.61,15.2,0.81
2,SEIL,PR,Galaxy Watch6,N/A,N/A,0,N/A,N/A,N/A,69.0,54.3,N/A,N/A,N/A,N/A,37,39.6,N/A,N/A,N/A,N/A,12.9,0.86
2,SEIL,B2B Roadshow,Galaxy Watch6,15620,N/A,4392,114,46538,7.38,58.6,52.0,N/A,N/A,N/A,N/A,N/A,N/A,N/A,N/A,N/A,N/A,5.9,0.86
2,SEPAK,Paid Social,Galaxy Z Fold8,739043,8804,14398,1019,382020,1.26,44.7,34.1,N/A,N/A,N/A,N/A,N/A,N/A,N/A,N/A,N/A,N/A,17.5,0.81
2,SEPAK,Influencer,Galaxy Z Fold8,N/A,N/A,4326,19,4471,3.41,34.2,41.0,Influencer_19,589737,3.41,N/A,N/A,N/A,N/A,N/A,N/A,N/A,13.2,0.87
2,SEPAK,TV,Galaxy Z Fold8,N/A,N/A,48756,N/A,N/A,N/A,53.9,41.0,N/A,N/A,N/A,683,N/A,N/A,N/A,N/A,N/A,N/A,17.0,0.83
2,SEPAK,Search,Galaxy Z Fold8,413268,5182,11952,485,150393,1.25,53.0,46.4,N/A,N/A,N/A,N/A,N/A,N/A,N/A,N/A,N/A,N/A,14.4,0.85
2,SEPAK,Website,Galaxy Z Fold8,N/A,N/A,N/A,1216,298028,N/A,41.8,42.9,N/A,N/A,N/A,N/A,N/A,N/A,73174,26.6,235,3.45,7.0,0.8
2,SEPAK,PR,Galaxy Z Fold8,N/A,N/A,0,N/A,N/A,N/A,57.0,62.0,N/A,N/A,N/A,N/A,32,36.3,N/A,N/A,N/A,N/A,11.4,0.82
2,SEPAK,B2B Roadshow,Galaxy Z Fold8,19368,N/A,6517,72,35292,7.83,62.7,50.8,N/A,N/A,N/A,N/A,N/A,N/A,N/A,N/A,N/A,N/A,6.4,0.88
2,SEPAK,Paid Social,Galaxy Z Flip8,507380,7227,29400,399,127355,1.24,45.5,48.2,N/A,N/A,N/A,N/A,N/A,N/A,N/A,N/A,N/A,N/A,11.1,0.73
2,SEPAK,Influencer,Galaxy Z Flip8,N/A,N/A,4368,18,3846,4.56,61.1,35.7,Influencer_19,727786,4.56,N/A,N/A,N/A,N/A,N/A,N/A,N/A,12.6,0.85
2,SEPAK,TV,Galaxy Z Flip8,N/A,N/A,58420,N/A,N/A,N/A,66.2,41.3,N/A,N/A,N/A,854,N/A,N/A,N/A,N/A,N/A,N/A,20.8,0.82
2,SEPAK,Search,Galaxy Z Flip8,693276,9625,23218,788,250029,1.39,67.4,37.5,N/A,N/A,N/A,N/A,N/A,N/A,N/A,N/A,N/A,N/A,6.4,0.86
2,SEPAK,Website,Galaxy Z Flip8,N/A,N/A,N/A,771,279591,N/A,53.0,41.8,N/A,N/A,N/A,N/A,N/A,N/A,66142,25.7,215,3.66,7.5,0.77
2,SEPAK,PR,Galaxy Z Flip8,N/A,N/A,0,N/A,N/A,N/A,55.9,53.5,N/A,N/A,N/A,N/A,22,20.4,N/A,N/A,N/A,N/A,5.5,0.84
2,SEPAK,Paid Social,Galaxy S24,520788,4724,7382,302,95255,1.26,46.1,45.6,N/A,N/A,N/A,N/A,N/A,N/A,N/A,N/A,N/A,N/A,8.6,0.91
2,SEPAK,Influencer,Galaxy S24,N/A,N/A,2378,28,12191,5.02,47.5,40.3,Influencer_23,736435,5.02,N/A,N/A,N/A,N/A,N/A,N/A,N/A,15.2,0.92
2,SEPAK,TV,Galaxy S24,N/A,N/A,25929,N/A,N/A,N/A,66.6,45.4,N/A,N/A,N/A,349,N/A,N/A,N/A,N/A,N/A,N/A,9.3,0.82
2,SEPAK,Search,Galaxy S24,245334,4632,15450,523,131179,1.89,59.6,54.9,N/A,N/A,N/A,N/A,N/A,N/A,N/A,N/A,N/A,N/A,13.7,0.89
2,SEPAK,Website,Galaxy S24,N/A,N/A,N/A,730,288263,N/A,53.5,38.4,N/A,N/A,N/A,N/A,N/A,N/A,41728,26.5,175,3.86,16.8,0.8
2,SEPAK,PR,Galaxy S24,N/A,N/A,0,N/A,N/A,N/A,57.4,43.4,N/A,N/A,N/A,N/A,15,22.0,N/A,N/A,N/A,N/A,7.0,0.93
2,SEPAK,B2B Roadshow,Galaxy S24,12147,N/A,6489,80,14156,3.47,70.2,50.9,N/A,N/A,N/A,N/A,N/A,N/A,N/A,N/A,N/A,N/A,11.0,0.93
2,SEPAK,Paid Social,Galaxy Tab S10,70727,728,3161,84,18234,1.31,49.2,37.7,N/A,N/A,N/A,N/A,N/A,N/A,N/A,N/A,N/A,N/A,8.4,0.8
2,SEPAK,Influencer,Galaxy Tab S10,N/A,N/A,1038,35,15398,5.42,52.1,45.9,Influencer_19,485037,5.42,N/A,N/A,N/A,N/A,N/A,N/A,N/A,8.5,0.89
2,SEPAK,PR,Galaxy Tab S10,N/A,N/A,0,N/A,N/A,N/A,74.1,45.0,N/A,N/A,N/A,N/A,3,48.4,N/A,N/A,N/A,N/A,12.6,0.88
2,SEPAK,Paid Social,Galaxy Buds3,95794,1221,2152,108,37237,1.23,63.9,53.8,N/A,N/A,N/A,N/A,N/A,N/A,N/A,N/A,N/A,N/A,15.7,0.92
2,SEPAK,Paid Social,Galaxy Watch6,451963,6527,9420,724,188364,0.84,57.6,27.8,N/A,N/A,N/A,N/A,N/A,N/A,N/A,N/A,N/A,N/A,17.4,0.83
2,SEPAK,Influencer,Galaxy Watch6,N/A,N/A,2900,59,23656,5.03,42.7,37.7,Influencer_20,804660,5.03,N/A,N/A,N/A,N/A,N/A,N/A,N/A,14.4,0.77
2,SEPAK,TV,Galaxy Watch6,N/A,N/A,27774,N/A,N/A,N/A,57.6,54.9,N/A,N/A,N/A,387,N/A,N/A,N/A,N/A,N/A,N/A,13.4,0.89
2,SEPAK,Search,Galaxy Watch6,355639,7440,7072,603,319777,2.09,55.4,43.9,N/A,N/A,N/A,N/A,N/A,N/A,N/A,N/A,N/A,N/A,10.7,0.81
2,SEPAK,Website,Galaxy Watch6,N/A,N/A,N/A,769,217414,N/A,53.5,37.1,N/A,N/A,N/A,N/A,N/A,N/A,68664,30.6,279,2.83,9.3,0.83
2,SEPAK,PR,Galaxy Watch6,N/A,N/A,0,N/A,N/A,N/A,74.4,53.6,N/A,N/A,N/A,N/A,55,32.4,N/A,N/A,N/A,N/A,5.5,0.88
2,SEPAK,B2B Roadshow,Galaxy Watch6,6349,N/A,3840,54,25813,3.18,66.0,66.5,N/A,N/A,N/A,N/A,N/A,N/A,N/A,N/A,N/A,N/A,10.5,0.97
3,SGE,Paid Social,Galaxy Z Fold8,719542,7290,24715,619,194148,1.12,49.7,53.4,N/A,N/A,N/A,N/A,N/A,N/A,N/A,N/A,N/A,N/A,16.3,0.91
3,SGE,Influencer,Galaxy Z Fold8,N/A,N/A,6825,39,15488,5.19,55.4,26.4,Influencer_2,787360,5.19,N/A,N/A,N/A,N/A,N/A,N/A,N/A,14.7,0.79
3,SGE,TV,Galaxy Z Fold8,N/A,N/A,45169,N/A,N/A,N/A,71.7,63.6,N/A,N/A,N/A,500,N/A,N/A,N/A,N/A,N/A,N/A,11.7,0.82
3,SGE,Search,Galaxy Z Fold8,576236,7527,13263,972,482648,1.31,62.8,43.5,N/A,N/A,N/A,N/A,N/A,N/A,N/A,N/A,N/A,N/A,8.1,0.81
3,SGE,Website,Galaxy Z Fold8,N/A,N/A,N/A,982,292856,N/A,41.3,38.4,N/A,N/A,N/A,N/A,N/A,N/A,56774,34.1,198,3.58,15.8,0.9
3,SGE,PR,Galaxy Z Fold8,N/A,N/A,0,N/A,N/A,N/A,76.8,55.0,N/A,N/A,N/A,N/A,81,24.7,N/A,N/A,N/A,N/A,8.9,0.88
3,SGE,Retail,Galaxy Z Fold8,41995,N/A,2017,167,26190,4.21,58.7,56.7,N/A,N/A,N/A,N/A,N/A,N/A,N/A,N/A,N/A,N/A,13.4,0.92
3,SGE,Paid Social,Galaxy Z Flip8,1123775,10384,35601,559,197780,0.87,59.2,46.8,N/A,N/A,N/A,N/A,N/A,N/A,N/A,N/A,N/A,N/A,10.4,0.92
3,SGE,Influencer,Galaxy Z Flip8,N/A,N/A,10630,35,11177,5.71,44.2,31.8,Influencer_2,838576,5.71,N/A,N/A,N/A,N/A,N/A,N/A,N/A,15.1,0.78
3,SGE,TV,Galaxy Z Flip8,N/A,N/A,79908,N/A,N/A,N/A,73.2,52.3,N/A,N/A,N/A,871,N/A,N/A,N/A,N/A,N/A,N/A,18.3,0.83
3,SGE,Search,Galaxy Z Flip8,534264,10214,19688,1022,446869,1.91,51.5,41.9,N/A,N/A,N/A,N/A,N/A,N/A,N/A,N/A,N/A,N/A,11.9,0.94
3,SGE,Website,Galaxy Z Flip8,N/A,N/A,N/A,1099,410562,N/A,52.7,42.6,N/A,N/A,N/A,N/A,N/A,N/A,84301,31.4,179,3.64,15.9,0.88
3,SGE,PR,Galaxy Z Flip8,N/A,N/A,0,N/A,N/A,N/A,75.7,63.8,N/A,N/A,N/A,N/A,101,29.6,N/A,N/A,N/A,N/A,8.3,0.8
3,SGE,Retail,Galaxy Z Flip8,29352,N/A,2217,264,36130,2.8,65.0,48.2,N/A,N/A,N/A,N/A,N/A,N/A,N/A,N/A,N/A,N/A,8.3,0.84
3,SGE,Paid Social,Galaxy S24,810815,6838,18690,385,109837,1.05,53.1,47.1,N/A,N/A,N/A,N/A,N/A,N/A,N/A,N/A,N/A,N/A,14.6,0.84
3,SGE,Influencer,Galaxy S24,N/A,N/A,5333,34,14799,4.76,57.9,31.6,Influencer_1,978476,4.76,N/A,N/A,N/A,N/A,N/A,N/A,N/A,13.7,0.94
3,SGE,TV,Galaxy S24,N/A,N/A,47780,N/A,N/A,N/A,74.9,63.9,N/A,N/A,N/A,527,N/A,N/A,N/A,N/A,N/A,N/A,12.0,0.83
3,SGE,Search,Galaxy S24,264611,5143,14364,730,353522,1.94,66.0,54.0,N/A,N/A,N/A,N/A,N/A,N/A,N/A,N/A,N/A,N/A,14.0,0.89
3,SGE,Website,Galaxy S24,N/A,N/A,N/A,1317,443373,N/A,43.0,45.1,N/A,N/A,N/A,N/A,N/A,N/A,84697,37.1,199,2.94,8.4,0.78
3,SGE,PR,Galaxy S24,N/A,N/A,0,N/A,N/A,N/A,55.5,50.6,N/A,N/A,N/A,N/A,72,18.6,N/A,N/A,N/A,N/A,6.0,0.83
3,SGE,Retail,Galaxy S24,28214,N/A,2023,124,73417,4.84,53.1,48.1,N/A,N/A,N/A,N/A,N/A,N/A,N/A,N/A,N/A,N/A,8.6,0.81
3,SGE,Paid Social,Galaxy Tab S10,1421451,17594,31435,1394,408677,1.05,63.0,38.1,N/A,N/A,N/A,N/A,N/A,N/A,N/A,N/A,N/A,N/A,9.1,0.75
3,SGE,Influencer,Galaxy Tab S10,N/A,N/A,10706,23,5234,3.06,40.5,29.4,Influencer_1,729678,3.06,N/A,N/A,N/A,N/A,N/A,N/A,N/A,10.4,0.82
3,SGE,TV,Galaxy Tab S10,N/A,N/A,63704,N/A,N/A,N/A,69.8,52.8,N/A,N/A,N/A,1273,N/A,N/A,N/A,N/A,N/A,N/A,20.2,0.88
3,SGE,Search,Galaxy Tab S10,920603,11128,30670,1386,722589,1.21,59.5,48.8,N/A,N/A,N/A,N/A,N/A,N/A,N/A,N/A,N/A,N/A,14.4,0.89
3,SGE,Website,Galaxy Tab S10,N/A,N/A,N/A,1563,623717,N/A,45.7,50.8,N/A,N/A,N/A,N/A,N/A,N/A,132342,27.3,215,3.31,14.7,0.82
3,SGE,PR,Galaxy Tab S10,N/A,N/A,0,N/A,N/A,N/A,55.6,66.1,N/A,N/A,N/A,N/A,120,34.4,N/A,N/A,N/A,N/A,5.3,0.88
3,SGE,Retail,Galaxy Tab S10,32039,N/A,2685,281,134964,2.03,51.3,58.4,N/A,N/A,N/A,N/A,N/A,N/A,N/A,N/A,N/A,N/A,12.2,0.93
3,SGE,Paid Social,Galaxy Buds3,124615,1725,3231,143,46573,1.48,62.8,48.0,N/A,N/A,N/A,N/A,N/A,N/A,N/A,N/A,N/A,N/A,17.8,0.89
3,SGE,Influencer,Galaxy Buds3,N/A,N/A,986,4,887,4.11,39.2,30.6,Influencer_1,224906,4.11,N/A,N/A,N/A,N/A,N/A,N/A,N/A,7.8,0.91
3,SGE,PR,Galaxy Buds3,N/A,N/A,0,N/A,N/A,N/A,65.8,53.7,N/A,N/A,N/A,N/A,8,33.2,N/A,N/A,N/A,N/A,6.4,0.86
3,SGE,Paid Social,Galaxy Watch6,484747,5692,12137,571,169245,1.29,41.7,56.4,N/A,N/A,N/A,N/A,N/A,N/A,N/A,N/A,N/A,N/A,7.8,0.9
3,SGE,Influencer,Galaxy Watch6,N/A,N/A,7993,33,10375,2.8,58.6,23.9,Influencer_2,836030,2.8,N/A,N/A,N/A,N/A,N/A,N/A,N/A,8.7,0.79
3,SGE,TV,Galaxy Watch6,N/A,N/A,47975,N/A,N/A,N/A,70.9,53.1,N/A,N/A,N/A,695,N/A,N/A,N/A,N/A,N/A,N/A,19.7,0.75
3,SGE,Search,Galaxy Watch6,565018,11791,19169,2072,524930,2.09,66.1,36.8,N/A,N/A,N/A,N/A,N/A,N/A,N/A,N/A,N/A,N/A,6.2,0.87
3,SGE,Website,Galaxy Watch6,N/A,N/A,N/A,1172,511864,N/A,61.2,49.3,N/A,N/A,N/A,N/A,N/A,N/A,87674,31.1,238,2.82,7.9,0.78
3,SGE,PR,Galaxy Watch6,N/A,N/A,0,N/A,N/A,N/A,59.4,48.1,N/A,N/A,N/A,N/A,84,40.0,N/A,N/A,N/A,N/A,10.8,0.94
3,SGE,Retail,Galaxy Watch6,39871,N/A,4640,172,28967,3.16,51.3,47.0,N/A,N/A,N/A,N/A,N/A,N/A,N/A,N/A,N/A,N/A,11.8,0.87
3,SESAR,Paid Social,Galaxy Z Fold8,505095,5303,14763,254,77439,1.43,49.0,42.1,N/A,N/A,N/A,N/A,N/A,N/A,N/A,N/A,N/A,N/A,13.9,0.78
3,SESAR,Influencer,Galaxy Z Fold8,N/A,N/A,4488,21,10239,4.48,39.0,32.4,Influencer_4,359797,4.48,N/A,N/A,N/A,N/A,N/A,N/A,N/A,15.0,0.89
3,SESAR,TV,Galaxy Z Fold8,N/A,N/A,43935,N/A,N/A,N/A,72.0,42.9,N/A,N/A,N/A,405,N/A,N/A,N/A,N/A,N/A,N/A,17.0,0.9
3,SESAR,Search,Galaxy Z Fold8,406998,6696,15006,861,243361,1.65,60.3,35.3,N/A,N/A,N/A,N/A,N/A,N/A,N/A,N/A,N/A,N/A,8.3,0.91
3,SESAR,Website,Galaxy Z Fold8,N/A,N/A,N/A,604,254636,N/A,59.8,43.8,N/A,N/A,N/A,N/A,N/A,N/A,56809,26.5,169,3.84,14.6,0.85
3,SESAR,PR,Galaxy Z Fold8,N/A,N/A,0,N/A,N/A,N/A,55.4,50.1,N/A,N/A,N/A,N/A,70,27.4,N/A,N/A,N/A,N/A,11.6,0.89
3,SESAR,Retail,Galaxy Z Fold8,19305,N/A,3498,120,39951,5.57,61.8,62.1,N/A,N/A,N/A,N/A,N/A,N/A,N/A,N/A,N/A,N/A,7.1,0.88
3,SESAR,Paid Social,Galaxy Z Flip8,547476,5900,28454,240,50332,1.47,69.0,49.1,N/A,N/A,N/A,N/A,N/A,N/A,N/A,N/A,N/A,N/A,15.6,0.74
3,SESAR,Influencer,Galaxy Z Flip8,N/A,N/A,7634,20,9806,4.48,56.0,37.5,Influencer_21,387847,4.48,N/A,N/A,N/A,N/A,N/A,N/A,N/A,10.7,0.79
3,SESAR,TV,Galaxy Z Flip8,N/A,N/A,61958,N/A,N/A,N/A,52.6,48.7,N/A,N/A,N/A,518,N/A,N/A,N/A,N/A,N/A,N/A,8.7,0.76
3,SESAR,Search,Galaxy Z Flip8,489398,7772,24896,1306,342134,1.59,60.4,35.9,N/A,N/A,N/A,N/A,N/A,N/A,N/A,N/A,N/A,N/A,14.5,0.88
3,SESAR,Website,Galaxy Z Flip8,N/A,N/A,N/A,1403,372958,N/A,48.1,42.7,N/A,N/A,N/A,N/A,N/A,N/A,85846,35.9,194,3.06,15.5,0.76
3,SESAR,PR,Galaxy Z Flip8,N/A,N/A,0,N/A,N/A,N/A,77.2,56.5,N/A,N/A,N/A,N/A,52,32.3,N/A,N/A,N/A,N/A,6.8,0.94
3,SESAR,Retail,Galaxy Z Flip8,47906,N/A,5246,182,24864,4.01,52.8,48.3,N/A,N/A,N/A,N/A,N/A,N/A,N/A,N/A,N/A,N/A,6.6,0.9
3,SESAR,Paid Social,Galaxy S24,458170,4147,12867,286,94187,0.88,46.4,52.9,N/A,N/A,N/A,N/A,N/A,N/A,N/A,N/A,N/A,N/A,15.1,0.82
3,SESAR,Influencer,Galaxy S24,N/A,N/A,3240,26,8405,3.24,41.2,26.8,Influencer_5,702290,3.24,N/A,N/A,N/A,N/A,N/A,N/A,N/A,13.0,0.78
3,SESAR,TV,Galaxy S24,N/A,N/A,47697,N/A,N/A,N/A,73.3,43.2,N/A,N/A,N/A,315,N/A,N/A,N/A,N/A,N/A,N/A,10.2,0.9
3,SESAR,Search,Galaxy S24,428151,9240,7957,1550,726008,2.16,64.7,57.0,N/A,N/A,N/A,N/A,N/A,N/A,N/A,N/A,N/A,N/A,7.7,0.88
3,SESAR,Website,Galaxy S24,N/A,N/A,N/A,1397,338970,N/A,59.1,32.5,N/A,N/A,N/A,N/A,N/A,N/A,83841,41.6,186,3.69,13.1,0.8
3,SESAR,PR,Galaxy S24,N/A,N/A,0,N/A,N/A,N/A,69.4,45.3,N/A,N/A,N/A,N/A,46,42.7,N/A,N/A,N/A,N/A,7.0,0.82
3,SESAR,Retail,Galaxy S24,12813,N/A,2828,144,67579,4.74,66.5,57.1,N/A,N/A,N/A,N/A,N/A,N/A,N/A,N/A,N/A,N/A,7.4,0.94
3,SESAR,Paid Social,Galaxy Tab S10,1018092,8422,36765,676,121260,1.14,43.4,46.7,N/A,N/A,N/A,N/A,N/A,N/A,N/A,N/A,N/A,N/A,16.4,0.92
3,SESAR,Influencer,Galaxy Tab S10,N/A,N/A,8057,30,6390,4.01,49.8,29.9,Influencer_4,880768,4.01,N/A,N/A,N/A,N/A,N/A,N/A,N/A,15.1,0.91
3,SESAR,TV,Galaxy Tab S10,N/A,N/A,68730,N/A,N/A,N/A,65.7,58.0,N/A,N/A,N/A,722,N/A,N/A,N/A,N/A,N/A,N/A,17.3,0.86
3,SESAR,Search,Galaxy Tab S10,439037,7136,22925,911,291295,1.63,65.7,40.4,N/A,N/A,N/A,N/A,N/A,N/A,N/A,N/A,N/A,N/A,13.7,0.85
3,SESAR,Website,Galaxy Tab S10,N/A,N/A,N/A,752,290205,N/A,48.0,33.1,N/A,N/A,N/A,N/A,N/A,N/A,93467,25.1,180,3.28,14.5,0.82
3,SESAR,PR,Galaxy Tab S10,N/A,N/A,0,N/A,N/A,N/A,70.8,49.9,N/A,N/A,N/A,N/A,40,25.6,N/A,N/A,N/A,N/A,11.3,0.87
3,SESAR,Retail,Galaxy Tab S10,49952,N/A,4506,162,95117,5.02,58.3,60.7,N/A,N/A,N/A,N/A,N/A,N/A,N/A,N/A,N/A,N/A,9.9,0.86
3,SESAR,Paid Social,Galaxy Buds3,118639,1350,3307,116,39851,1.08,43.6,54.5,N/A,N/A,N/A,N/A,N/A,N/A,N/A,N/A,N/A,N/A,7.9,0.76
3,SESAR,Influencer,Galaxy Buds3,N/A,N/A,1074,9,2713,2.85,50.4,43.9,Influencer_4,369654,2.85,N/A,N/A,N/A,N/A,N/A,N/A,N/A,14.2,0.78
3,SESAR,PR,Galaxy Buds3,N/A,N/A,0,N/A,N/A,N/A,56.8,47.2,N/A,N/A,N/A,N/A,15,21.2,N/A,N/A,N/A,N/A,11.9,0.87
3,SESAR,Paid Social,Galaxy Watch6,400197,3938,18112,182,29017,1.07,69.0,47.0,N/A,N/A,N/A,N/A,N/A,N/A,N/A,N/A,N/A,N/A,12.8,0.88
3,SESAR,Influencer,Galaxy Watch6,N/A,N/A,7288,10,3483,5.81,34.2,48.5,Influencer_4,260254,5.81,N/A,N/A,N/A,N/A,N/A,N/A,N/A,16.4,0.85
3,SESAR,TV,Galaxy Watch6,N/A,N/A,32071,N/A,N/A,N/A,70.6,52.3,N/A,N/A,N/A,312,N/A,N/A,N/A,N/A,N/A,N/A,16.6,0.84
3,SESAR,Search,Galaxy Watch6,490036,6057,13378,881,478113,1.24,46.4,40.2,N/A,N/A,N/A,N/A,N/A,N/A,N/A,N/A,N/A,N/A,9.4,0.89
3,SESAR,Website,Galaxy Watch6,N/A,N/A,N/A,1072,353155,N/A,52.3,46.2,N/A,N/A,N/A,N/A,N/A,N/A,77356,39.7,167,3.88,12.1,0.85
3,SESAR,PR,Galaxy Watch6,N/A,N/A,0,N/A,N/A,N/A,61.4,58.8,N/A,N/A,N/A,N/A,48,43.9,N/A,N/A,N/A,N/A,5.4,0.95
3,SESAR,Retail,Galaxy Watch6,12228,N/A,3069,78,58021,4.02,61.2,55.1,N/A,N/A,N/A,N/A,N/A,N/A,N/A,N/A,N/A,N/A,8.7,0.82
3,SETK,Paid Social,Galaxy Z Fold8,547990,8053,21108,845,248196,1.29,68.5,45.5,N/A,N/A,N/A,N/A,N/A,N/A,N/A,N/A,N/A,N/A,15.7,0.89
3,SETK,Influencer,Galaxy Z Fold8,N/A,N/A,5561,51,17574,4.11,41.6,34.5,Influencer_6,914703,4.11,N/A,N/A,N/A,N/A,N/A,N/A,N/A,15.0,0.79
3,SETK,TV,Galaxy Z Fold8,N/A,N/A,32110,N/A,N/A,N/A,58.9,63.4,N/A,N/A,N/A,575,N/A,N/A,N/A,N/A,N/A,N/A,14.4,0.72
3,SETK,Search,Galaxy Z Fold8,312124,4520,9295,541,256778,1.45,52.7,47.2,N/A,N/A,N/A,N/A,N/A,N/A,N/A,N/A,N/A,N/A,7.4,0.83
3,SETK,Website,Galaxy Z Fold8,N/A,N/A,N/A,949,253638,N/A,43.6,46.4,N/A,N/A,N/A,N/A,N/A,N/A,56035,43.9,198,3.25,15.2,0.79
3,SETK,PR,Galaxy Z Fold8,N/A,N/A,0,N/A,N/A,N/A,75.4,52.5,N/A,N/A,N/A,N/A,31,46.0,N/A,N/A,N/A,N/A,10.6,0.82
3,SETK,Retail,Galaxy Z Fold8,15063,N/A,4768,162,63108,4.46,65.3,55.8,N/A,N/A,N/A,N/A,N/A,N/A,N/A,N/A,N/A,N/A,6.3,0.87
3,SETK,Paid Social,Galaxy Z Flip8,784137,8004,29282,876,238886,1.49,67.0,37.0,N/A,N/A,N/A,N/A,N/A,N/A,N/A,N/A,N/A,N/A,9.2,0.84
3,SETK,Influencer,Galaxy Z Flip8,N/A,N/A,6572,57,11956,5.3,44.3,48.8,Influencer_7,751273,5.3,N/A,N/A,N/A,N/A,N/A,N/A,N/A,14.9,0.84
3,SETK,TV,Galaxy Z Flip8,N/A,N/A,35993,N/A,N/A,N/A,64.0,47.4,N/A,N/A,N/A,718,N/A,N/A,N/A,N/A,N/A,N/A,8.3,0.85
3,SETK,Search,Galaxy Z Flip8,473981,8441,19628,980,498381,1.78,48.9,39.9,N/A,N/A,N/A,N/A,N/A,N/A,N/A,N/A,N/A,N/A,8.2,0.93
3,SETK,Website,Galaxy Z Flip8,N/A,N/A,N/A,1051,341251,N/A,48.6,39.3,N/A,N/A,N/A,N/A,N/A,N/A,90221,29.2,245,3.05,12.2,0.93
3,SETK,PR,Galaxy Z Flip8,N/A,N/A,0,N/A,N/A,N/A,72.5,63.7,N/A,N/A,N/A,N/A,45,45.4,N/A,N/A,N/A,N/A,8.6,0.94
3,SETK,Retail,Galaxy Z Flip8,27405,N/A,2597,93,81694,5.22,53.5,55.0,N/A,N/A,N/A,N/A,N/A,N/A,N/A,N/A,N/A,N/A,14.0,0.93
3,SETK,Paid Social,Galaxy S24,549380,6448,15920,663,149180,1.19,56.5,40.6,N/A,N/A,N/A,N/A,N/A,N/A,N/A,N/A,N/A,N/A,14.8,0.72
3,SETK,Influencer,Galaxy S24,N/A,N/A,2698,36,10814,5.44,44.7,39.8,Influencer_6,699687,5.44,N/A,N/A,N/A,N/A,N/A,N/A,N/A,16.4,0.8
3,SETK,TV,Galaxy S24,N/A,N/A,22299,N/A,N/A,N/A,54.0,61.2,N/A,N/A,N/A,434,N/A,N/A,N/A,N/A,N/A,N/A,19.8,0.76
3,SETK,Search,Galaxy S24,428877,7933,19694,773,374203,1.85,53.1,50.1,N/A,N/A,N/A,N/A,N/A,N/A,N/A,N/A,N/A,N/A,10.2,0.9
3,SETK,Website,Galaxy S24,N/A,N/A,N/A,507,137716,N/A,54.6,51.2,N/A,N/A,N/A,N/A,N/A,N/A,42946,37.6,187,3.8,10.7,0.86
3,SETK,PR,Galaxy S24,N/A,N/A,0,N/A,N/A,N/A,56.3,47.6,N/A,N/A,N/A,N/A,49,40.5,N/A,N/A,N/A,N/A,5.7,0.85
3,SETK,Retail,Galaxy S24,25004,N/A,4909,91,54030,3.08,58.9,62.3,N/A,N/A,N/A,N/A,N/A,N/A,N/A,N/A,N/A,N/A,8.9,0.89
3,SETK,Paid Social,Galaxy Tab S10,874095,9525,21403,1031,186879,0.96,47.0,50.9,N/A,N/A,N/A,N/A,N/A,N/A,N/A,N/A,N/A,N/A,15.5,0.75
3,SETK,Influencer,Galaxy Tab S10,N/A,N/A,8165,9,1871,2.83,45.8,45.9,Influencer_6,308013,2.83,N/A,N/A,N/A,N/A,N/A,N/A,N/A,7.9,0.8
3,SETK,TV,Galaxy Tab S10,N/A,N/A,47709,N/A,N/A,N/A,67.4,61.6,N/A,N/A,N/A,524,N/A,N/A,N/A,N/A,N/A,N/A,11.9,0.77
3,SETK,Search,Galaxy Tab S10,533173,8760,16793,815,408767,1.64,44.9,49.9,N/A,N/A,N/A,N/A,N/A,N/A,N/A,N/A,N/A,N/A,13.5,0.83
3,SETK,Website,Galaxy Tab S10,N/A,N/A,N/A,1691,706372,N/A,62.3,41.5,N/A,N/A,N/A,N/A,N/A,N/A,133486,43.7,263,2.7,12.4,0.83
3,SETK,PR,Galaxy Tab S10,N/A,N/A,0,N/A,N/A,N/A,65.4,59.6,N/A,N/A,N/A,N/A,118,47.3,N/A,N/A,N/A,N/A,8.4,0.95
3,SETK,Retail,Galaxy Tab S10,56482,N/A,4210,140,42438,3.77,57.3,50.2,N/A,N/A,N/A,N/A,N/A,N/A,N/A,N/A,N/A,N/A,8.4,0.8
3,SETK,Paid Social,Galaxy Buds3,132167,1758,2346,118,31541,0.81,67.2,57.0,N/A,N/A,N/A,N/A,N/A,N/A,N/A,N/A,N/A,N/A,12.2,0.7
3,SETK,Influencer,Galaxy Buds3,N/A,N/A,1357,11,3433,4.59,46.3,39.8,Influencer_6,507151,4.59,N/A,N/A,N/A,N/A,N/A,N/A,N/A,11.0,0.78
3,SETK,PR,Galaxy Buds3,N/A,N/A,0,N/A,N/A,N/A,60.0,45.6,N/A,N/A,N/A,N/A,9,45.9,N/A,N/A,N/A,N/A,9.2,0.88
3,SETK,Paid Social,Galaxy Watch6,655078,9413,14896,590,198081,1.37,51.9,54.2,N/A,N/A,N/A,N/A,N/A,N/A,N/A,N/A,N/A,N/A,8.7,0.77
3,SETK,Influencer,Galaxy Watch6,N/A,N/A,3724,37,12861,4.66,43.5,27.6,Influencer_24,677461,4.66,N/A,N/A,N/A,N/A,N/A,N/A,N/A,16.8,0.75
3,SETK,TV,Galaxy Watch6,N/A,N/A,26150,N/A,N/A,N/A,57.7,57.4,N/A,N/A,N/A,387,N/A,N/A,N/A,N/A,N/A,N/A,16.9,0.77
3,SETK,Search,Galaxy Watch6,270037,3280,12195,374,128458,1.21,64.2,58.2,N/A,N/A,N/A,N/A,N/A,N/A,N/A,N/A,N/A,N/A,10.0,0.91
3,SETK,Website,Galaxy Watch6,N/A,N/A,N/A,585,226770,N/A,40.4,39.8,N/A,N/A,N/A,N/A,N/A,N/A,66466,27.9,218,3.66,8.4,0.9
3,SETK,PR,Galaxy Watch6,N/A,N/A,0,N/A,N/A,N/A,57.5,62.8,N/A,N/A,N/A,N/A,48,39.8,N/A,N/A,N/A,N/A,5.8,0.92
3,SETK,Retail,Galaxy Watch6,32082,N/A,3012,48,35700,3.84,65.4,55.4,N/A,N/A,N/A,N/A,N/A,N/A,N/A,N/A,N/A,N/A,13.9,0.87
3,SELV,Paid Social,Galaxy Z Fold8,707249,10416,18633,548,181968,1.32,56.0,32.3,N/A,N/A,N/A,N/A,N/A,N/A,N/A,N/A,N/A,N/A,12.3,0.77
3,SELV,Influencer,Galaxy Z Fold8,N/A,N/A,3946,20,5415,5.52,46.9,23.5,Influencer_10,254617,5.52,N/A,N/A,N/A,N/A,N/A,N/A,N/A,15.0,0.87
3,SELV,TV,Galaxy Z Fold8,N/A,N/A,46148,N/A,N/A,N/A,57.1,63.7,N/A,N/A,N/A,663,N/A,N/A,N/A,N/A,N/A,N/A,15.2,0.86
3,SELV,Search,Galaxy Z Fold8,545260,9794,18288,1538,499260,1.8,56.7,50.4,N/A,N/A,N/A,N/A,N/A,N/A,N/A,N/A,N/A,N/A,8.8,0.94
3,SELV,Website,Galaxy Z Fold8,N/A,N/A,N/A,410,148068,N/A,44.4,52.5,N/A,N/A,N/A,N/A,N/A,N/A,47742,39.0,177,2.69,14.4,0.89
3,SELV,PR,Galaxy Z Fold8,N/A,N/A,0,N/A,N/A,N/A,55.0,53.0,N/A,N/A,N/A,N/A,62,43.0,N/A,N/A,N/A,N/A,10.1,0.84
3,SELV,Retail,Galaxy Z Fold8,15333,N/A,3987,198,67108,4.24,60.9,54.8,N/A,N/A,N/A,N/A,N/A,N/A,N/A,N/A,N/A,N/A,10.5,0.88
3,SELV,Paid Social,Galaxy Z Flip8,736670,9670,23122,1058,317050,1.4,44.3,44.5,N/A,N/A,N/A,N/A,N/A,N/A,N/A,N/A,N/A,N/A,11.9,0.9
3,SELV,Influencer,Galaxy Z Flip8,N/A,N/A,10291,27,8470,4.09,39.5,23.6,Influencer_8,584945,4.09,N/A,N/A,N/A,N/A,N/A,N/A,N/A,15.7,0.91
3,SELV,TV,Galaxy Z Flip8,N/A,N/A,50212,N/A,N/A,N/A,69.0,56.0,N/A,N/A,N/A,620,N/A,N/A,N/A,N/A,N/A,N/A,14.7,0.8
3,SELV,Search,Galaxy Z Flip8,632238,11906,16555,1682,583283,1.88,60.2,36.1,N/A,N/A,N/A,N/A,N/A,N/A,N/A,N/A,N/A,N/A,10.5,0.79
3,SELV,Website,Galaxy Z Flip8,N/A,N/A,N/A,721,149837,N/A,52.9,48.9,N/A,N/A,N/A,N/A,N/A,N/A,73708,27.1,199,2.65,13.1,0.84
3,SELV,PR,Galaxy Z Flip8,N/A,N/A,0,N/A,N/A,N/A,63.7,58.7,N/A,N/A,N/A,N/A,103,28.7,N/A,N/A,N/A,N/A,4.2,0.95
3,SELV,Retail,Galaxy Z Flip8,32645,N/A,4685,202,37928,3.87,62.8,52.2,N/A,N/A,N/A,N/A,N/A,N/A,N/A,N/A,N/A,N/A,11.9,0.93
3,SELV,Paid Social,Galaxy S24,768056,8128,11475,860,186150,0.83,41.6,37.7,N/A,N/A,N/A,N/A,N/A,N/A,N/A,N/A,N/A,N/A,17.8,0.94
3,SELV,Influencer,Galaxy S24,N/A,N/A,6067,13,3353,5.04,53.6,40.1,Influencer_9,306142,5.04,N/A,N/A,N/A,N/A,N/A,N/A,N/A,16.6,0.86
3,SELV,TV,Galaxy S24,N/A,N/A,54926,N/A,N/A,N/A,69.7,58.7,N/A,N/A,N/A,504,N/A,N/A,N/A,N/A,N/A,N/A,15.1,0.85
3,SELV,Search,Galaxy S24,551378,10284,11063,994,302294,1.87,54.2,41.7,N/A,N/A,N/A,N/A,N/A,N/A,N/A,N/A,N/A,N/A,7.2,0.94
3,SELV,Website,Galaxy S24,N/A,N/A,N/A,1545,657584,N/A,48.9,43.8,N/A,N/A,N/A,N/A,N/A,N/A,89154,36.0,233,3.77,14.8,0.81
3,SELV,PR,Galaxy S24,N/A,N/A,0,N/A,N/A,N/A,59.8,62.7,N/A,N/A,N/A,N/A,41,31.9,N/A,N/A,N/A,N/A,11.9,0.84
3,SELV,Retail,Galaxy S24,37659,N/A,3832,132,19819,4.91,69.7,56.9,N/A,N/A,N/A,N/A,N/A,N/A,N/A,N/A,N/A,N/A,10.1,0.95
3,SELV,Paid Social,Galaxy Tab S10,905093,7282,26496,416,95150,1.34,67.8,53.3,N/A,N/A,N/A,N/A,N/A,N/A,N/A,N/A,N/A,N/A,17.5,0.83
3,SELV,Influencer,Galaxy Tab S10,N/A,N/A,4548,23,5677,3.04,41.8,49.7,Influencer_8,799378,3.04,N/A,N/A,N/A,N/A,N/A,N/A,N/A,9.6,0.8
3,SELV,TV,Galaxy Tab S10,N/A,N/A,68310,N/A,N/A,N/A,65.3,53.7,N/A,N/A,N/A,613,N/A,N/A,N/A,N/A,N/A,N/A,10.8,0.74
3,SELV,Search,Galaxy Tab S10,646569,12885,21538,1659,862194,1.99,61.8,53.8,N/A,N/A,N/A,N/A,N/A,N/A,N/A,N/A,N/A,N/A,6.7,0.88
3,SELV,Website,Galaxy Tab S10,N/A,N/A,N/A,1155,397401,N/A,47.0,50.0,N/A,N/A,N/A,N/A,N/A,N/A,75484,26.6,164,3.88,10.8,0.92
3,SELV,PR,Galaxy Tab S10,N/A,N/A,0,N/A,N/A,N/A,60.2,59.9,N/A,N/A,N/A,N/A,46,47.1,N/A,N/A,N/A,N/A,9.0,0.8
3,SELV,Retail,Galaxy Tab S10,56465,N/A,2221,189,127503,2.16,60.8,48.0,N/A,N/A,N/A,N/A,N/A,N/A,N/A,N/A,N/A,N/A,10.0,0.83
3,SELV,Paid Social,Galaxy Buds3,86870,1104,4103,129,43629,1.2,42.2,41.6,N/A,N/A,N/A,N/A,N/A,N/A,N/A,N/A,N/A,N/A,15.9,0.74
3,SELV,Influencer,Galaxy Buds3,N/A,N/A,1502,6,1918,4.17,36.5,38.1,Influencer_10,286554,4.17,N/A,N/A,N/A,N/A,N/A,N/A,N/A,14.8,0.78
3,SELV,PR,Galaxy Buds3,N/A,N/A,0,N/A,N/A,N/A,59.5,53.5,N/A,N/A,N/A,N/A,5,35.4,N/A,N/A,N/A,N/A,8.7,0.89
3,SELV,Paid Social,Galaxy Watch6,730702,8527,16450,389,133891,1.03,67.2,31.3,N/A,N/A,N/A,N/A,N/A,N/A,N/A,N/A,N/A,N/A,14.6,0.81
3,SELV,Influencer,Galaxy Watch6,N/A,N/A,6487,16,6894,3.62,39.0,33.5,Influencer_10,399742,3.62,N/A,N/A,N/A,N/A,N/A,N/A,N/A,15.3,0.91
3,SELV,TV,Galaxy Watch6,N/A,N/A,32633,N/A,N/A,N/A,52.1,60.0,N/A,N/A,N/A,514,N/A,N/A,N/A,N/A,N/A,N/A,10.6,0.79
3,SELV,Search,Galaxy Watch6,575247,11093,10568,1012,269557,1.93,67.9,56.5,N/A,N/A,N/A,N/A,N/A,N/A,N/A,N/A,N/A,N/A,13.6,0.91
3,SELV,Website,Galaxy Watch6,N/A,N/A,N/A,488,195722,N/A,43.8,41.5,N/A,N/A,N/A,N/A,N/A,N/A,42735,31.1,270,2.53,8.5,0.84
3,SELV,PR,Galaxy Watch6,N/A,N/A,0,N/A,N/A,N/A,70.1,68.4,N/A,N/A,N/A,N/A,42,31.5,N/A,N/A,N/A,N/A,9.9,0.91
3,SELV,Retail,Galaxy Watch6,33561,N/A,4387,188,76764,2.17,53.4,50.7,N/A,N/A,N/A,N/A,N/A,N/A,N/A,N/A,N/A,N/A,12.3,0.89
3,SEMAG,Paid Social,Galaxy Z Fold8,336491,3787,7823,171,53880,1.26,66.9,39.4,N/A,N/A,N/A,N/A,N/A,N/A,N/A,N/A,N/A,N/A,7.8,0.77
3,SEMAG,Influencer,Galaxy Z Fold8,N/A,N/A,3900,20,8258,3.31,61.0,37.5,Influencer_11,605298,3.31,N/A,N/A,N/A,N/A,N/A,N/A,N/A,13.1,0.77
3,SEMAG,TV,Galaxy Z Fold8,N/A,N/A,27432,N/A,N/A,N/A,75.2,53.5,N/A,N/A,N/A,418,N/A,N/A,N/A,N/A,N/A,N/A,16.7,0.73
3,SEMAG,Search,Galaxy Z Fold8,368198,5541,16609,661,196384,1.5,52.9,42.1,N/A,N/A,N/A,N/A,N/A,N/A,N/A,N/A,N/A,N/A,11.4,0.82
3,SEMAG,Website,Galaxy Z Fold8,N/A,N/A,N/A,793,170893,N/A,59.0,28.7,N/A,N/A,N/A,N/A,N/A,N/A,73758,30.2,249,3.84,12.0,0.8
3,SEMAG,PR,Galaxy Z Fold8,N/A,N/A,0,N/A,N/A,N/A,64.3,47.0,N/A,N/A,N/A,N/A,24,31.3,N/A,N/A,N/A,N/A,10.2,0.88
3,SEMAG,Retail,Galaxy Z Fold8,19701,N/A,3709,76,63169,2.61,69.4,63.2,N/A,N/A,N/A,N/A,N/A,N/A,N/A,N/A,N/A,N/A,8.6,0.88
3,SEMAG,Paid Social,Galaxy Z Flip8,517140,6499,26382,541,189364,1.4,48.8,49.8,N/A,N/A,N/A,N/A,N/A,N/A,N/A,N/A,N/A,N/A,12.8,0.73
3,SEMAG,Influencer,Galaxy Z Flip8,N/A,N/A,3649,41,15055,5.77,62.4,26.6,Influencer_22,888108,5.77,N/A,N/A,N/A,N/A,N/A,N/A,N/A,10.3,0.93
3,SEMAG,TV,Galaxy Z Flip8,N/A,N/A,27142,N/A,N/A,N/A,59.0,63.8,N/A,N/A,N/A,671,N/A,N/A,N/A,N/A,N/A,N/A,19.7,0.78
3,SEMAG,Search,Galaxy Z Flip8,587276,12531,16124,1192,365205,2.13,47.5,34.0,N/A,N/A,N/A,N/A,N/A,N/A,N/A,N/A,N/A,N/A,14.7,0.88
3,SEMAG,Website,Galaxy Z Flip8,N/A,N/A,N/A,952,245357,N/A,50.5,40.6,N/A,N/A,N/A,N/A,N/A,N/A,68226,25.5,170,3.53,12.5,0.88
3,SEMAG,PR,Galaxy Z Flip8,N/A,N/A,0,N/A,N/A,N/A,64.2,55.4,N/A,N/A,N/A,N/A,56,26.5,N/A,N/A,N/A,N/A,5.1,0.84
3,SEMAG,Retail,Galaxy Z Flip8,36359,N/A,5131,52,50464,5.8,54.5,58.4,N/A,N/A,N/A,N/A,N/A,N/A,N/A,N/A,N/A,N/A,7.6,0.83
3,SEMAG,Paid Social,Galaxy S24,377934,5476,16826,598,162946,1.03,53.2,36.0,N/A,N/A,N/A,N/A,N/A,N/A,N/A,N/A,N/A,N/A,11.4,0.71
3,SEMAG,Influencer,Galaxy S24,N/A,N/A,3970,33,13950,5.02,51.7,38.8,Influencer_11,598851,5.02,N/A,N/A,N/A,N/A,N/A,N/A,N/A,15.9,0.91
3,SEMAG,TV,Galaxy S24,N/A,N/A,40876,N/A,N/A,N/A,62.3,60.2,N/A,N/A,N/A,289,N/A,N/A,N/A,N/A,N/A,N/A,8.7,0.92
3,SEMAG,Search,Galaxy S24,364616,6336,7194,860,348160,1.74,60.0,34.5,N/A,N/A,N/A,N/A,N/A,N/A,N/A,N/A,N/A,N/A,8.4,0.84
3,SEMAG,Website,Galaxy S24,N/A,N/A,N/A,902,244873,N/A,40.0,40.9,N/A,N/A,N/A,N/A,N/A,N/A,57322,28.3,225,3.42,7.9,0.9
3,SEMAG,PR,Galaxy S24,N/A,N/A,0,N/A,N/A,N/A,67.0,48.1,N/A,N/A,N/A,N/A,48,17.7,N/A,N/A,N/A,N/A,8.9,0.94
3,SEMAG,Retail,Galaxy S24,15852,N/A,3610,104,42327,3.8,53.6,56.8,N/A,N/A,N/A,N/A,N/A,N/A,N/A,N/A,N/A,N/A,11.7,0.83
3,SEMAG,Paid Social,Galaxy Tab S10,784533,6771,24031,645,243029,1.36,61.1,32.3,N/A,N/A,N/A,N/A,N/A,N/A,N/A,N/A,N/A,N/A,7.9,0.81
3,SEMAG,Influencer,Galaxy Tab S10,N/A,N/A,6530,15,7388,4.33,52.3,27.8,Influencer_12,289450,4.33,N/A,N/A,N/A,N/A,N/A,N/A,N/A,12.6,0.76
3,SEMAG,TV,Galaxy Tab S10,N/A,N/A,43772,N/A,N/A,N/A,59.4,61.3,N/A,N/A,N/A,920,N/A,N/A,N/A,N/A,N/A,N/A,18.6,0.75
3,SEMAG,Search,Galaxy Tab S10,399302,5505,12410,671,230056,1.38,63.4,44.5,N/A,N/A,N/A,N/A,N/A,N/A,N/A,N/A,N/A,N/A,11.4,0.8
3,SEMAG,Website,Galaxy Tab S10,N/A,N/A,N/A,1257,252510,N/A,60.0,41.6,N/A,N/A,N/A,N/A,N/A,N/A,71446,40.3,153,3.19,6.6,0.91
3,SEMAG,PR,Galaxy Tab S10,N/A,N/A,0,N/A,N/A,N/A,71.0,54.9,N/A,N/A,N/A,N/A,53,27.5,N/A,N/A,N/A,N/A,7.6,0.9
3,SEMAG,Retail,Galaxy Tab S10,17456,N/A,3002,212,64230,4.48,61.2,61.5,N/A,N/A,N/A,N/A,N/A,N/A,N/A,N/A,N/A,N/A,6.4,0.82
3,SEMAG,Paid Social,Galaxy Buds3,107419,1121,2137,121,38326,1.39,48.5,56.2,N/A,N/A,N/A,N/A,N/A,N/A,N/A,N/A,N/A,N/A,7.1,0.8
3,SEMAG,Influencer,Galaxy Buds3,N/A,N/A,1020,20,8199,4.85,51.1,39.9,Influencer_22,369172,4.85,N/A,N/A,N/A,N/A,N/A,N/A,N/A,16.8,0.9
3,SEMAG,PR,Galaxy Buds3,N/A,N/A,0,N/A,N/A,N/A,56.8,51.1,N/A,N/A,N/A,N/A,8,48.9,N/A,N/A,N/A,N/A,6.9,0.86
3,SEMAG,Paid Social,Galaxy Watch6,341365,4543,19147,205,54879,0.89,65.3,38.5,N/A,N/A,N/A,N/A,N/A,N/A,N/A,N/A,N/A,N/A,11.5,0.75
3,SEMAG,Influencer,Galaxy Watch6,N/A,N/A,4896,27,10494,2.7,63.5,37.5,Influencer_22,841784,2.7,N/A,N/A,N/A,N/A,N/A,N/A,N/A,14.0,0.94
3,SEMAG,TV,Galaxy Watch6,N/A,N/A,31122,N/A,N/A,N/A,66.2,47.4,N/A,N/A,N/A,393,N/A,N/A,N/A,N/A,N/A,N/A,14.5,0.92
3,SEMAG,Search,Galaxy Watch6,309519,6583,16743,868,381535,2.13,56.5,37.8,N/A,N/A,N/A,N/A,N/A,N/A,N/A,N/A,N/A,N/A,11.3,0.89
3,SEMAG,Website,Galaxy Watch6,N/A,N/A,N/A,385,79308,N/A,43.8,43.4,N/A,N/A,N/A,N/A,N/A,N/A,48047,37.5,180,3.61,10.6,0.76
3,SEMAG,PR,Galaxy Watch6,N/A,N/A,0,N/A,N/A,N/A,70.4,43.9,N/A,N/A,N/A,N/A,40,31.8,N/A,N/A,N/A,N/A,5.4,0.85
3,SEMAG,Retail,Galaxy Watch6,13033,N/A,3260,86,57637,4.2,65.3,47.3,N/A,N/A,N/A,N/A,N/A,N/A,N/A,N/A,N/A,N/A,8.7,0.86
3,SEEG,Paid Social,Galaxy Z Fold8,538837,6634,8743,706,140143,1.38,67.2,43.0,N/A,N/A,N/A,N/A,N/A,N/A,N/A,N/A,N/A,N/A,12.2,0.71
3,SEEG,Influencer,Galaxy Z Fold8,N/A,N/A,4571,29,10471,3.04,44.0,46.5,Influencer_14,704884,3.04,N/A,N/A,N/A,N/A,N/A,N/A,N/A,11.2,0.9
3,SEEG,TV,Galaxy Z Fold8,N/A,N/A,43299,N/A,N/A,N/A,65.1,56.5,N/A,N/A,N/A,372,N/A,N/A,N/A,N/A,N/A,N/A,14.9,0.72
3,SEEG,Search,Galaxy Z Fold8,406837,7670,14570,664,195741,1.89,65.2,41.8,N/A,N/A,N/A,N/A,N/A,N/A,N/A,N/A,N/A,N/A,9.2,0.87
3,SEEG,Website,Galaxy Z Fold8,N/A,N/A,N/A,663,197170,N/A,46.5,28.8,N/A,N/A,N/A,N/A,N/A,N/A,48432,36.9,228,3.56,10.6,0.84
3,SEEG,PR,Galaxy Z Fold8,N/A,N/A,0,N/A,N/A,N/A,75.2,51.2,N/A,N/A,N/A,N/A,33,32.1,N/A,N/A,N/A,N/A,8.3,0.83
3,SEEG,Retail,Galaxy Z Fold8,27353,N/A,5215,45,34079,5.65,58.9,45.5,N/A,N/A,N/A,N/A,N/A,N/A,N/A,N/A,N/A,N/A,9.9,0.88
3,SEEG,Paid Social,Galaxy Z Flip8,539751,5603,25057,552,155060,1.34,43.8,54.8,N/A,N/A,N/A,N/A,N/A,N/A,N/A,N/A,N/A,N/A,16.4,0.93
3,SEEG,Influencer,Galaxy Z Flip8,N/A,N/A,2968,10,4141,3.22,49.6,23.1,Influencer_13,339164,3.22,N/A,N/A,N/A,N/A,N/A,N/A,N/A,16.4,0.89
3,SEEG,TV,Galaxy Z Flip8,N/A,N/A,62051,N/A,N/A,N/A,53.2,51.2,N/A,N/A,N/A,761,N/A,N/A,N/A,N/A,N/A,N/A,8.8,0.82
3,SEEG,Search,Galaxy Z Flip8,580946,11302,9662,1556,534708,1.95,66.5,41.3,N/A,N/A,N/A,N/A,N/A,N/A,N/A,N/A,N/A,N/A,7.5,0.82
3,SEEG,Website,Galaxy Z Flip8,N/A,N/A,N/A,1299,477747,N/A,39.0,43.6,N/A,N/A,N/A,N/A,N/A,N/A,82647,30.5,190,2.91,11.6,0.79
3,SEEG,PR,Galaxy Z Flip8,N/A,N/A,0,N/A,N/A,N/A,61.3,67.2,N/A,N/A,N/A,N/A,57,37.5,N/A,N/A,N/A,N/A,10.8,0.89
3,SEEG,Retail,Galaxy Z Flip8,24501,N/A,2291,124,61558,4.16,51.0,45.6,N/A,N/A,N/A,N/A,N/A,N/A,N/A,N/A,N/A,N/A,13.2,0.81
3,SEEG,Paid Social,Galaxy S24,473253,3964,17532,282,91979,1.42,58.4,49.3,N/A,N/A,N/A,N/A,N/A,N/A,N/A,N/A,N/A,N/A,11.9,0.79
3,SEEG,Influencer,Galaxy S24,N/A,N/A,5733,26,5812,5.0,61.6,45.9,Influencer_15,407772,5.0,N/A,N/A,N/A,N/A,N/A,N/A,N/A,12.8,0.77
3,SEEG,TV,Galaxy S24,N/A,N/A,40964,N/A,N/A,N/A,62.4,56.6,N/A,N/A,N/A,302,N/A,N/A,N/A,N/A,N/A,N/A,16.7,0.81
3,SEEG,Search,Galaxy S24,284494,6109,9927,1014,441173,2.15,67.0,43.1,N/A,N/A,N/A,N/A,N/A,N/A,N/A,N/A,N/A,N/A,12.1,0.89
3,SEEG,Website,Galaxy S24,N/A,N/A,N/A,783,162524,N/A,59.7,35.1,N/A,N/A,N/A,N/A,N/A,N/A,62482,34.5,239,3.22,10.0,0.85
3,SEEG,PR,Galaxy S24,N/A,N/A,0,N/A,N/A,N/A,74.9,63.5,N/A,N/A,N/A,N/A,56,18.1,N/A,N/A,N/A,N/A,6.5,0.9
3,SEEG,Retail,Galaxy S24,24163,N/A,4182,120,51660,4.36,54.8,49.9,N/A,N/A,N/A,N/A,N/A,N/A,N/A,N/A,N/A,N/A,7.3,0.87
3,SEEG,Paid Social,Galaxy Tab S10,601463,6246,35284,465,183698,1.2,49.8,49.4,N/A,N/A,N/A,N/A,N/A,N/A,N/A,N/A,N/A,N/A,8.6,0.87
3,SEEG,Influencer,Galaxy Tab S10,N/A,N/A,7859,26,9849,4.51,43.7,25.9,Influencer_13,946490,4.51,N/A,N/A,N/A,N/A,N/A,N/A,N/A,11.6,0.81
3,SEEG,TV,Galaxy Tab S10,N/A,N/A,63668,N/A,N/A,N/A,66.0,56.6,N/A,N/A,N/A,488,N/A,N/A,N/A,N/A,N/A,N/A,15.4,0.88
3,SEEG,Search,Galaxy Tab S10,530613,8990,13515,800,396088,1.69,66.4,55.9,N/A,N/A,N/A,N/A,N/A,N/A,N/A,N/A,N/A,N/A,11.5,0.78
3,SEEG,Website,Galaxy Tab S10,N/A,N/A,N/A,1137,356157,N/A,55.6,35.9,N/A,N/A,N/A,N/A,N/A,N/A,77883,30.8,264,2.79,12.2,0.91
3,SEEG,PR,Galaxy Tab S10,N/A,N/A,0,N/A,N/A,N/A,77.9,61.5,N/A,N/A,N/A,N/A,65,48.6,N/A,N/A,N/A,N/A,11.8,0.96
3,SEEG,Retail,Galaxy Tab S10,18598,N/A,4504,213,86600,5.39,67.1,46.2,N/A,N/A,N/A,N/A,N/A,N/A,N/A,N/A,N/A,N/A,13.2,0.95
3,SEEG,Paid Social,Galaxy Buds3,67559,873,3208,42,9263,0.82,52.5,46.3,N/A,N/A,N/A,N/A,N/A,N/A,N/A,N/A,N/A,N/A,14.0,0.88
3,SEEG,Influencer,Galaxy Buds3,N/A,N/A,638,28,9588,4.02,39.5,34.5,Influencer_15,600099,4.02,N/A,N/A,N/A,N/A,N/A,N/A,N/A,16.3,0.92
3,SEEG,PR,Galaxy Buds3,N/A,N/A,0,N/A,N/A,N/A,76.3,46.7,N/A,N/A,N/A,N/A,5,29.7,N/A,N/A,N/A,N/A,3.7,0.9
3,SEEG,Paid Social,Galaxy Watch6,388458,5069,18864,469,184665,0.9,43.6,52.8,N/A,N/A,N/A,N/A,N/A,N/A,N/A,N/A,N/A,N/A,16.8,0.92
3,SEEG,Influencer,Galaxy Watch6,N/A,N/A,5470,32,11290,5.76,50.5,36.5,Influencer_13,833790,5.76,N/A,N/A,N/A,N/A,N/A,N/A,N/A,10.7,0.79
3,SEEG,TV,Galaxy Watch6,N/A,N/A,46993,N/A,N/A,N/A,65.4,60.7,N/A,N/A,N/A,271,N/A,N/A,N/A,N/A,N/A,N/A,11.0,0.82
3,SEEG,Search,Galaxy Watch6,347892,7398,14866,616,160997,2.13,56.3,42.5,N/A,N/A,N/A,N/A,N/A,N/A,N/A,N/A,N/A,N/A,11.0,0.93
3,SEEG,Website,Galaxy Watch6,N/A,N/A,N/A,384,147004,N/A,40.6,50.2,N/A,N/A,N/A,N/A,N/A,N/A,40833,44.7,221,3.2,7.4,0.84
3,SEEG,PR,Galaxy Watch6,N/A,N/A,0,N/A,N/A,N/A,68.0,58.1,N/A,N/A,N/A,N/A,18,35.5,N/A,N/A,N/A,N/A,9.1,0.94
3,SEEG,Retail,Galaxy Watch6,11276,N/A,3920,118,61555,5.62,61.5,51.6,N/A,N/A,N/A,N/A,N/A,N/A,N/A,N/A,N/A,N/A,8.8,0.95
3,SEIL,Paid Social,Galaxy Z Fold8,515390,5166,10360,493,147608,1.01,63.1,36.4,N/A,N/A,N/A,N/A,N/A,N/A,N/A,N/A,N/A,N/A,14.1,0.84
3,SEIL,Influencer,Galaxy Z Fold8,N/A,N/A,4244,15,5809,4.8,42.5,25.5,Influencer_16,254127,4.8,N/A,N/A,N/A,N/A,N/A,N/A,N/A,12.2,0.92
3,SEIL,TV,Galaxy Z Fold8,N/A,N/A,37963,N/A,N/A,N/A,54.3,46.5,N/A,N/A,N/A,415,N/A,N/A,N/A,N/A,N/A,N/A,18.5,0.72
3,SEIL,Search,Galaxy Z Fold8,282306,5092,11774,743,268171,1.8,48.6,52.9,N/A,N/A,N/A,N/A,N/A,N/A,N/A,N/A,N/A,N/A,7.9,0.81
3,SEIL,Website,Galaxy Z Fold8,N/A,N/A,N/A,1559,445425,N/A,59.1,48.9,N/A,N/A,N/A,N/A,N/A,N/A,93810,26.7,187,3.39,14.0,0.82
3,SEIL,PR,Galaxy Z Fold8,N/A,N/A,0,N/A,N/A,N/A,65.5,59.5,N/A,N/A,N/A,N/A,53,28.1,N/A,N/A,N/A,N/A,5.5,0.92
3,SEIL,Retail,Galaxy Z Fold8,30408,N/A,2222,176,46190,5.02,52.3,48.4,N/A,N/A,N/A,N/A,N/A,N/A,N/A,N/A,N/A,N/A,9.2,0.85
3,SEIL,Paid Social,Galaxy Z Flip8,935755,13697,30920,803,257664,1.07,47.4,44.5,N/A,N/A,N/A,N/A,N/A,N/A,N/A,N/A,N/A,N/A,11.7,0.77
3,SEIL,Influencer,Galaxy Z Flip8,N/A,N/A,7709,34,7218,4.87,61.4,42.1,Influencer_17,600560,4.87,N/A,N/A,N/A,N/A,N/A,N/A,N/A,16.7,0.84
3,SEIL,TV,Galaxy Z Flip8,N/A,N/A,50257,N/A,N/A,N/A,57.8,59.6,N/A,N/A,N/A,598,N/A,N/A,N/A,N/A,N/A,N/A,11.3,0.84
3,SEIL,Search,Galaxy Z Flip8,568839,11224,18818,1722,734634,1.97,49.1,41.7,N/A,N/A,N/A,N/A,N/A,N/A,N/A,N/A,N/A,N/A,12.0,0.81
3,SEIL,Website,Galaxy Z Flip8,N/A,N/A,N/A,794,323890,N/A,55.7,36.8,N/A,N/A,N/A,N/A,N/A,N/A,53955,25.2,175,3.29,13.8,0.8
3,SEIL,PR,Galaxy Z Flip8,N/A,N/A,0,N/A,N/A,N/A,56.8,67.1,N/A,N/A,N/A,N/A,25,21.7,N/A,N/A,N/A,N/A,9.5,0.93
3,SEIL,Retail,Galaxy Z Flip8,25179,N/A,4900,94,37088,5.43,52.6,58.1,N/A,N/A,N/A,N/A,N/A,N/A,N/A,N/A,N/A,N/A,13.2,0.88
3,SEIL,Paid Social,Galaxy S24,470035,6708,14203,404,107762,1.46,58.7,56.3,N/A,N/A,N/A,N/A,N/A,N/A,N/A,N/A,N/A,N/A,9.8,0.81
3,SEIL,Influencer,Galaxy S24,N/A,N/A,7397,10,4331,3.4,45.4,33.0,Influencer_16,539113,3.4,N/A,N/A,N/A,N/A,N/A,N/A,N/A,7.7,0.94
3,SEIL,TV,Galaxy S24,N/A,N/A,37283,N/A,N/A,N/A,62.0,51.8,N/A,N/A,N/A,385,N/A,N/A,N/A,N/A,N/A,N/A,19.3,0.84
3,SEIL,Search,Galaxy S24,309923,5719,10672,539,259049,1.85,49.7,49.4,N/A,N/A,N/A,N/A,N/A,N/A,N/A,N/A,N/A,N/A,14.0,0.89
3,SEIL,Website,Galaxy S24,N/A,N/A,N/A,417,90740,N/A,51.0,44.3,N/A,N/A,N/A,N/A,N/A,N/A,50036,39.6,264,2.53,6.5,0.76
3,SEIL,PR,Galaxy S24,N/A,N/A,0,N/A,N/A,N/A,72.0,66.2,N/A,N/A,N/A,N/A,53,23.0,N/A,N/A,N/A,N/A,8.8,0.88
3,SEIL,Retail,Galaxy S24,37922,N/A,3958,133,60590,5.38,65.6,60.7,N/A,N/A,N/A,N/A,N/A,N/A,N/A,N/A,N/A,N/A,10.3,0.8
3,SEIL,Paid Social,Galaxy Tab S10,1130548,15517,36482,771,218829,1.49,49.5,37.7,N/A,N/A,N/A,N/A,N/A,N/A,N/A,N/A,N/A,N/A,7.2,0.95
3,SEIL,Influencer,Galaxy Tab S10,N/A,N/A,13111,16,3586,3.78,47.7,46.0,Influencer_16,295071,3.78,N/A,N/A,N/A,N/A,N/A,N/A,N/A,13.6,0.79
3,SEIL,TV,Galaxy Tab S10,N/A,N/A,42756,N/A,N/A,N/A,60.6,44.3,N/A,N/A,N/A,1173,N/A,N/A,N/A,N/A,N/A,N/A,16.6,0.9
3,SEIL,Search,Galaxy Tab S10,827694,15633,34046,1383,608295,1.89,62.6,36.8,N/A,N/A,N/A,N/A,N/A,N/A,N/A,N/A,N/A,N/A,7.5,0.9
3,SEIL,Website,Galaxy Tab S10,N/A,N/A,N/A,1374,296437,N/A,62.7,48.3,N/A,N/A,N/A,N/A,N/A,N/A,106651,35.8,228,3.25,16.2,0.75
3,SEIL,PR,Galaxy Tab S10,N/A,N/A,0,N/A,N/A,N/A,74.2,44.7,N/A,N/A,N/A,N/A,81,22.7,N/A,N/A,N/A,N/A,4.7,0.93
3,SEIL,Retail,Galaxy Tab S10,60424,N/A,5850,304,123805,2.6,61.6,63.5,N/A,N/A,N/A,N/A,N/A,N/A,N/A,N/A,N/A,N/A,6.3,0.82
3,SEIL,Paid Social,Galaxy Buds3,132740,1079,2126,64,19980,0.81,58.5,55.7,N/A,N/A,N/A,N/A,N/A,N/A,N/A,N/A,N/A,N/A,16.3,0.72
3,SEIL,Influencer,Galaxy Buds3,N/A,N/A,554,27,6261,5.42,48.8,47.0,Influencer_16,378980,5.42,N/A,N/A,N/A,N/A,N/A,N/A,N/A,9.3,0.91
3,SEIL,PR,Galaxy Buds3,N/A,N/A,0,N/A,N/A,N/A,75.4,62.0,N/A,N/A,N/A,N/A,11,31.1,N/A,N/A,N/A,N/A,7.2,0.82
3,SEIL,Paid Social,Galaxy Watch6,676193,8135,12993,534,208886,0.95,40.9,33.8,N/A,N/A,N/A,N/A,N/A,N/A,N/A,N/A,N/A,N/A,7.3,0.77
3,SEIL,Influencer,Galaxy Watch6,N/A,N/A,5931,12,3277,4.94,51.4,27.0,Influencer_17,376214,4.94,N/A,N/A,N/A,N/A,N/A,N/A,N/A,15.0,0.88
3,SEIL,TV,Galaxy Watch6,N/A,N/A,43036,N/A,N/A,N/A,54.9,61.5,N/A,N/A,N/A,628,N/A,N/A,N/A,N/A,N/A,N/A,9.2,0.72
3,SEIL,Search,Galaxy Watch6,273053,5206,15195,633,311577,1.91,63.5,50.6,N/A,N/A,N/A,N/A,N/A,N/A,N/A,N/A,N/A,N/A,7.7,0.88
3,SEIL,Website,Galaxy Watch6,N/A,N/A,N/A,1167,303202,N/A,56.5,43.3,N/A,N/A,N/A,N/A,N/A,N/A,93367,28.5,159,3.39,7.4,0.9
3,SEIL,PR,Galaxy Watch6,N/A,N/A,0,N/A,N/A,N/A,54.6,49.5,N/A,N/A,N/A,N/A,45,25.4,N/A,N/A,N/A,N/A,4.7,0.88
3,SEIL,Retail,Galaxy Watch6,17537,N/A,4535,119,74609,4.03,59.3,57.5,N/A,N/A,N/A,N/A,N/A,N/A,N/A,N/A,N/A,N/A,7.7,0.81
3,SEPAK,Paid Social,Galaxy Z Fold8,335445,4554,16526,363,68948,1.45,41.1,39.5,N/A,N/A,N/A,N/A,N/A,N/A,N/A,N/A,N/A,N/A,9.0,0.76
3,SEPAK,Influencer,Galaxy Z Fold8,N/A,N/A,2312,50,23872,4.09,39.2,46.6,Influencer_20,995248,4.09,N/A,N/A,N/A,N/A,N/A,N/A,N/A,12.0,0.77
3,SEPAK,TV,Galaxy Z Fold8,N/A,N/A,27252,N/A,N/A,N/A,62.1,54.0,N/A,N/A,N/A,460,N/A,N/A,N/A,N/A,N/A,N/A,13.2,0.87
3,SEPAK,Search,Galaxy Z Fold8,282451,4039,8164,454,126856,1.43,62.6,55.0,N/A,N/A,N/A,N/A,N/A,N/A,N/A,N/A,N/A,N/A,9.2,0.82
3,SEPAK,Website,Galaxy Z Fold8,N/A,N/A,N/A,928,198206,N/A,50.0,37.7,N/A,N/A,N/A,N/A,N/A,N/A,67039,33.7,205,3.89,7.9,0.88
3,SEPAK,PR,Galaxy Z Fold8,N/A,N/A,0,N/A,N/A,N/A,61.2,52.0,N/A,N/A,N/A,N/A,60,31.8,N/A,N/A,N/A,N/A,3.9,0.89
3,SEPAK,Retail,Galaxy Z Fold8,20632,N/A,2559,52,51010,3.83,53.4,51.9,N/A,N/A,N/A,N/A,N/A,N/A,N/A,N/A,N/A,N/A,13.1,0.89
3,SEPAK,Paid Social,Galaxy Z Flip8,731158,9915,14054,855,246401,0.96,51.9,44.3,N/A,N/A,N/A,N/A,N/A,N/A,N/A,N/A,N/A,N/A,16.8,0.75
3,SEPAK,Influencer,Galaxy Z Flip8,N/A,N/A,7184,22,10159,3.48,41.3,36.0,Influencer_19,685242,3.48,N/A,N/A,N/A,N/A,N/A,N/A,N/A,9.3,0.94
3,SEPAK,TV,Galaxy Z Flip8,N/A,N/A,31809,N/A,N/A,N/A,65.3,39.6,N/A,N/A,N/A,692,N/A,N/A,N/A,N/A,N/A,N/A,20.0,0.73
3,SEPAK,Search,Galaxy Z Flip8,437404,8457,21217,704,288172,1.93,56.2,53.3,N/A,N/A,N/A,N/A,N/A,N/A,N/A,N/A,N/A,N/A,13.2,0.85
3,SEPAK,Website,Galaxy Z Flip8,N/A,N/A,N/A,575,223255,N/A,41.9,35.4,N/A,N/A,N/A,N/A,N/A,N/A,65219,38.9,254,3.92,13.0,0.77
3,SEPAK,PR,Galaxy Z Flip8,N/A,N/A,0,N/A,N/A,N/A,58.5,55.1,N/A,N/A,N/A,N/A,64,41.1,N/A,N/A,N/A,N/A,8.7,0.89
3,SEPAK,Retail,Galaxy Z Flip8,36646,N/A,3899,75,61704,2.74,67.4,57.5,N/A,N/A,N/A,N/A,N/A,N/A,N/A,N/A,N/A,N/A,11.6,0.8
3,SEPAK,Paid Social,Galaxy S24,497332,4224,13744,348,78003,1.33,60.4,47.0,N/A,N/A,N/A,N/A,N/A,N/A,N/A,N/A,N/A,N/A,13.4,0.75
3,SEPAK,Influencer,Galaxy S24,N/A,N/A,3450,16,3463,4.67,62.3,43.2,Influencer_20,284891,4.67,N/A,N/A,N/A,N/A,N/A,N/A,N/A,16.0,0.77
3,SEPAK,TV,Galaxy S24,N/A,N/A,32374,N/A,N/A,N/A,66.5,48.6,N/A,N/A,N/A,382,N/A,N/A,N/A,N/A,N/A,N/A,10.3,0.83
3,SEPAK,Search,Galaxy S24,201078,3540,10024,332,116358,1.76,57.7,49.5,N/A,N/A,N/A,N/A,N/A,N/A,N/A,N/A,N/A,N/A,12.4,0.9
3,SEPAK,Website,Galaxy S24,N/A,N/A,N/A,722,281739,N/A,49.2,29.4,N/A,N/A,N/A,N/A,N/A,N/A,46498,31.4,218,3.26,10.2,0.83
3,SEPAK,PR,Galaxy S24,N/A,N/A,0,N/A,N/A,N/A,57.6,61.3,N/A,N/A,N/A,N/A,50,30.8,N/A,N/A,N/A,N/A,9.7,0.89
3,SEPAK,Retail,Galaxy S24,21091,N/A,3851,130,43351,5.2,68.9,61.2,N/A,N/A,N/A,N/A,N/A,N/A,N/A,N/A,N/A,N/A,13.5,0.81
3,SEPAK,Paid Social,Galaxy Tab S10,967614,13728,14860,637,238547,1.0,68.2,31.9,N/A,N/A,N/A,N/A,N/A,N/A,N/A,N/A,N/A,N/A,9.8,0.87
3,SEPAK,Influencer,Galaxy Tab S10,N/A,N/A,7264,28,5790,5.56,46.4,43.5,Influencer_19,357808,5.56,N/A,N/A,N/A,N/A,N/A,N/A,N/A,16.4,0.84
3,SEPAK,TV,Galaxy Tab S10,N/A,N/A,57532,N/A,N/A,N/A,69.4,40.0,N/A,N/A,N/A,626,N/A,N/A,N/A,N/A,N/A,N/A,10.5,0.72
3,SEPAK,Search,Galaxy Tab S10,421806,8583,27026,1239,462775,2.03,52.8,49.5,N/A,N/A,N/A,N/A,N/A,N/A,N/A,N/A,N/A,N/A,8.7,0.87
3,SEPAK,Website,Galaxy Tab S10,N/A,N/A,N/A,1961,610486,N/A,46.3,47.7,N/A,N/A,N/A,N/A,N/A,N/A,119488,31.1,183,3.85,8.8,0.82
3,SEPAK,PR,Galaxy Tab S10,N/A,N/A,0,N/A,N/A,N/A,55.7,52.4,N/A,N/A,N/A,N/A,56,44.1,N/A,N/A,N/A,N/A,7.7,0.83
3,SEPAK,Retail,Galaxy Tab S10,26536,N/A,4915,196,61386,2.73,53.5,59.2,N/A,N/A,N/A,N/A,N/A,N/A,N/A,N/A,N/A,N/A,13.2,0.92
3,SEPAK,Paid Social,Galaxy Buds3,70145,677,1601,80,23490,1.11,50.6,34.8,N/A,N/A,N/A,N/A,N/A,N/A,N/A,N/A,N/A,N/A,15.0,0.87
3,SEPAK,Influencer,Galaxy Buds3,N/A,N/A,890,19,6841,3.81,37.5,23.7,Influencer_19,355130,3.81,N/A,N/A,N/A,N/A,N/A,N/A,N/A,16.4,0.9
3,SEPAK,PR,Galaxy Buds3,N/A,N/A,0,N/A,N/A,N/A,58.4,67.9,N/A,N/A,N/A,N/A,9,48.8,N/A,N/A,N/A,N/A,8.5,0.88
3,SEPAK,Paid Social,Galaxy Watch6,503605,6515,16516,727,285275,1.33,69.3,48.6,N/A,N/A,N/A,N/A,N/A,N/A,N/A,N/A,N/A,N/A,16.1,0.88
3,SEPAK,Influencer,Galaxy Watch6,N/A,N/A,5395,26,5512,4.91,54.2,26.5,Influencer_19,555136,4.91,N/A,N/A,N/A,N/A,N/A,N/A,N/A,7.3,0.87
3,SEPAK,TV,Galaxy Watch6,N/A,N/A,26664,N/A,N/A,N/A,59.9,47.7,N/A,N/A,N/A,376,N/A,N/A,N/A,N/A,N/A,N/A,15.5,0.76
3,SEPAK,Search,Galaxy Watch6,345601,4914,11463,489,134512,1.42,65.4,50.2,N/A,N/A,N/A,N/A,N/A,N/A,N/A,N/A,N/A,N/A,14.4,0.94
3,SEPAK,Website,Galaxy Watch6,N/A,N/A,N/A,606,169340,N/A,47.6,31.7,N/A,N/A,N/A,N/A,N/A,N/A,61017,37.1,164,3.86,15.0,0.82
3,SEPAK,PR,Galaxy Watch6,N/A,N/A,0,N/A,N/A,N/A,63.1,51.3,N/A,N/A,N/A,N/A,39,15.4,N/A,N/A,N/A,N/A,7.6,0.89
3,SEPAK,Retail,Galaxy Watch6,18080,N/A,4981,103,47084,5.21,55.8,61.1,N/A,N/A,N/A,N/A,N/A,N/A,N/A,N/A,N/A,N/A,13.8,0.86
4,SGE,Paid Social,Galaxy Z Fold8,836612,9118,26944,800,148727,1.01,70.7,45.6,N/A,N/A,N/A,N/A,N/A,N/A,N/A,N/A,N/A,N/A,10.0,0.93
4,SGE,Influencer,Galaxy Z Fold8,N/A,N/A,2634,34,16126,3.82,47.6,40.7,Influencer_3,992843,3.82,N/A,N/A,N/A,N/A,N/A,N/A,N/A,13.9,0.9
4,SGE,TV,Galaxy Z Fold8,N/A,N/A,33613,N/A,N/A,N/A,57.7,50.5,N/A,N/A,N/A,432,N/A,N/A,N/A,N/A,N/A,N/A,14.2,0.73
4,SGE,Search,Galaxy Z Fold8,395309,8042,17213,1040,490835,2.03,51.2,54.2,N/A,N/A,N/A,N/A,N/A,N/A,N/A,N/A,N/A,N/A,6.8,0.83
4,SGE,Website,Galaxy Z Fold8,N/A,N/A,N/A,892,326898,N/A,57.0,35.1,N/A,N/A,N/A,N/A,N/A,N/A,96544,30.8,195,3.24,7.2,0.8
4,SGE,PR,Galaxy Z Fold8,N/A,N/A,0,N/A,N/A,N/A,65.0,56.8,N/A,N/A,N/A,N/A,24,33.0,N/A,N/A,N/A,N/A,6.7,0.84
4,SGE,B2B Roadshow,Galaxy Z Fold8,22078,N/A,3979,74,42769,6.66,55.4,55.2,N/A,N/A,N/A,N/A,N/A,N/A,N/A,N/A,N/A,N/A,9.1,0.84
4,SGE,Paid Social,Galaxy Z Flip8,639731,9051,14177,620,101197,1.05,60.1,58.5,N/A,N/A,N/A,N/A,N/A,N/A,N/A,N/A,N/A,N/A,6.6,0.77
4,SGE,Influencer,Galaxy Z Flip8,N/A,N/A,8002,13,5582,4.3,53.2,29.0,Influencer_3,280558,4.3,N/A,N/A,N/A,N/A,N/A,N/A,N/A,10.0,0.81
4,SGE,TV,Galaxy Z Flip8,N/A,N/A,42892,N/A,N/A,N/A,70.1,58.2,N/A,N/A,N/A,464,N/A,N/A,N/A,N/A,N/A,N/A,8.8,0.84
4,SGE,Search,Galaxy Z Flip8,323737,3926,23268,424,205064,1.21,55.9,57.4,N/A,N/A,N/A,N/A,N/A,N/A,N/A,N/A,N/A,N/A,6.9,0.81
4,SGE,Website,Galaxy Z Flip8,N/A,N/A,N/A,1021,252293,N/A,62.7,31.9,N/A,N/A,N/A,N/A,N/A,N/A,100031,42.9,179,3.13,7.3,0.75
4,SGE,PR,Galaxy Z Flip8,N/A,N/A,0,N/A,N/A,N/A,65.1,65.2,N/A,N/A,N/A,N/A,55,32.3,N/A,N/A,N/A,N/A,10.8,0.9
4,SGE,B2B Roadshow,Galaxy Z Flip8,18291,N/A,4410,112,31020,3.14,71.3,54.4,N/A,N/A,N/A,N/A,N/A,N/A,N/A,N/A,N/A,N/A,11.0,0.84
4,SGE,Paid Social,Galaxy S24,355804,3612,10853,182,30876,1.28,64.5,32.1,N/A,N/A,N/A,N/A,N/A,N/A,N/A,N/A,N/A,N/A,15.3,0.89
4,SGE,Influencer,Galaxy S24,N/A,N/A,5460,13,4913,2.88,49.3,51.3,Influencer_1,405888,2.88,N/A,N/A,N/A,N/A,N/A,N/A,N/A,7.2,0.81
4,SGE,TV,Galaxy S24,N/A,N/A,17636,N/A,N/A,N/A,55.4,44.1,N/A,N/A,N/A,451,N/A,N/A,N/A,N/A,N/A,N/A,14.8,0.84
4,SGE,Search,Galaxy S24,232800,3223,12372,267,78409,1.38,64.3,41.3,N/A,N/A,N/A,N/A,N/A,N/A,N/A,N/A,N/A,N/A,10.6,0.84
4,SGE,Website,Galaxy S24,N/A,N/A,N/A,1050,370901,N/A,54.3,29.3,N/A,N/A,N/A,N/A,N/A,N/A,66480,35.1,167,2.65,8.2,0.78
4,SGE,PR,Galaxy S24,N/A,N/A,0,N/A,N/A,N/A,74.9,44.9,N/A,N/A,N/A,N/A,32,20.2,N/A,N/A,N/A,N/A,9.3,0.95
4,SGE,B2B Roadshow,Galaxy S24,15248,N/A,6888,49,31408,3.93,68.5,52.1,N/A,N/A,N/A,N/A,N/A,N/A,N/A,N/A,N/A,N/A,10.8,0.98
4,SGE,Paid Social,Galaxy Tab S10,830697,7891,22374,572,194681,1.02,55.0,45.4,N/A,N/A,N/A,N/A,N/A,N/A,N/A,N/A,N/A,N/A,11.9,0.79
4,SGE,Influencer,Galaxy Tab S10,N/A,N/A,4222,32,7510,5.03,43.7,42.0,Influencer_2,784195,5.03,N/A,N/A,N/A,N/A,N/A,N/A,N/A,9.9,0.95
4,SGE,TV,Galaxy Tab S10,N/A,N/A,67958,N/A,N/A,N/A,66.8,48.3,N/A,N/A,N/A,591,N/A,N/A,N/A,N/A,N/A,N/A,17.9,0.76
4,SGE,Search,Galaxy Tab S10,386968,8106,29423,1409,507567,2.09,45.9,51.3,N/A,N/A,N/A,N/A,N/A,N/A,N/A,N/A,N/A,N/A,11.4,0.84
4,SGE,Website,Galaxy Tab S10,N/A,N/A,N/A,1987,439626,N/A,64.2,47.5,N/A,N/A,N/A,N/A,N/A,N/A,136281,27.9,252,3.54,14.9,0.78
4,SGE,PR,Galaxy Tab S10,N/A,N/A,0,N/A,N/A,N/A,64.5,59.7,N/A,N/A,N/A,N/A,75,52.3,N/A,N/A,N/A,N/A,11.7,0.82
4,SGE,B2B Roadshow,Galaxy Tab S10,27503,N/A,7088,85,62256,5.97,70.1,66.0,N/A,N/A,N/A,N/A,N/A,N/A,N/A,N/A,N/A,N/A,11.6,0.88
4,SGE,Paid Social,Galaxy Buds3,1221199,14925,36299,1776,493468,0.9,54.6,33.5,N/A,N/A,N/A,N/A,N/A,N/A,N/A,N/A,N/A,N/A,11.9,0.76
4,SGE,Influencer,Galaxy Buds3,N/A,N/A,4933,8,2795,2.85,36.0,29.4,Influencer_1,231167,2.85,N/A,N/A,N/A,N/A,N/A,N/A,N/A,12.8,0.82
4,SGE,TV,Galaxy Buds3,N/A,N/A,71645,N/A,N/A,N/A,68.6,60.0,N/A,N/A,N/A,1032,N/A,N/A,N/A,N/A,N/A,N/A,15.5,0.82
4,SGE,Search,Galaxy Buds3,802194,15985,23885,1748,698098,1.99,58.2,48.0,N/A,N/A,N/A,N/A,N/A,N/A,N/A,N/A,N/A,N/A,12.7,0.87
4,SGE,Website,Galaxy Buds3,N/A,N/A,N/A,1318,274011,N/A,47.7,38.4,N/A,N/A,N/A,N/A,N/A,N/A,75204,33.6,180,3.08,10.6,0.76
4,SGE,PR,Galaxy Buds3,N/A,N/A,0,N/A,N/A,N/A,75.5,66.9,N/A,N/A,N/A,N/A,129,42.8,N/A,N/A,N/A,N/A,4.3,0.87
4,SGE,Paid Social,Galaxy Watch6,381695,4965,16083,502,146691,1.14,57.6,46.0,N/A,N/A,N/A,N/A,N/A,N/A,N/A,N/A,N/A,N/A,11.6,0.84
4,SGE,Influencer,Galaxy Watch6,N/A,N/A,2964,19,9333,2.7,53.7,34.6,Influencer_1,731297,2.7,N/A,N/A,N/A,N/A,N/A,N/A,N/A,16.6,0.81
4,SGE,TV,Galaxy Watch6,N/A,N/A,18310,N/A,N/A,N/A,54.1,61.9,N/A,N/A,N/A,403,N/A,N/A,N/A,N/A,N/A,N/A,11.8,0.87
4,SGE,Search,Galaxy Watch6,180608,3549,12179,418,158189,1.97,70.4,44.7,N/A,N/A,N/A,N/A,N/A,N/A,N/A,N/A,N/A,N/A,5.9,0.82
4,SGE,Website,Galaxy Watch6,N/A,N/A,N/A,672,233945,N/A,42.7,33.2,N/A,N/A,N/A,N/A,N/A,N/A,46432,43.2,166,3.8,11.4,0.76
4,SGE,PR,Galaxy Watch6,N/A,N/A,0,N/A,N/A,N/A,78.5,51.5,N/A,N/A,N/A,N/A,42,32.0,N/A,N/A,N/A,N/A,9.1,0.89
4,SGE,B2B Roadshow,Galaxy Watch6,11712,N/A,6094,64,23907,4.61,57.0,59.8,N/A,N/A,N/A,N/A,N/A,N/A,N/A,N/A,N/A,N/A,9.8,0.85
4,SESAR,Paid Social,Galaxy Z Fold8,570322,6569,17344,350,78708,1.48,47.1,48.9,N/A,N/A,N/A,N/A,N/A,N/A,N/A,N/A,N/A,N/A,17.7,0.72
4,SESAR,Influencer,Galaxy Z Fold8,N/A,N/A,2541,11,4092,3.51,59.3,42.7,Influencer_4,424479,3.51,N/A,N/A,N/A,N/A,N/A,N/A,N/A,16.4,0.89
4,SESAR,TV,Galaxy Z Fold8,N/A,N/A,50919,N/A,N/A,N/A,67.8,47.8,N/A,N/A,N/A,336,N/A,N/A,N/A,N/A,N/A,N/A,14.4,0.83
4,SESAR,Search,Galaxy Z Fold8,392944,5539,9384,804,273805,1.41,65.7,45.2,N/A,N/A,N/A,N/A,N/A,N/A,N/A,N/A,N/A,N/A,10.3,0.81
4,SESAR,Website,Galaxy Z Fold8,N/A,N/A,N/A,809,266033,N/A,55.5,41.9,N/A,N/A,N/A,N/A,N/A,N/A,77047,38.4,196,3.82,7.9,0.84
4,SESAR,PR,Galaxy Z Fold8,N/A,N/A,0,N/A,N/A,N/A,71.9,65.0,N/A,N/A,N/A,N/A,58,23.0,N/A,N/A,N/A,N/A,10.5,0.95
4,SESAR,B2B Roadshow,Galaxy Z Fold8,21412,N/A,3490,79,21861,4.82,58.0,53.0,N/A,N/A,N/A,N/A,N/A,N/A,N/A,N/A,N/A,N/A,9.8,0.87
4,SESAR,Paid Social,Galaxy Z Flip8,546201,5938,10582,538,194482,0.99,49.6,34.6,N/A,N/A,N/A,N/A,N/A,N/A,N/A,N/A,N/A,N/A,14.2,0.76
4,SESAR,Influencer,Galaxy Z Flip8,N/A,N/A,2419,7,3137,3.02,49.1,40.8,Influencer_21,319074,3.02,N/A,N/A,N/A,N/A,N/A,N/A,N/A,11.2,0.88
4,SESAR,TV,Galaxy Z Flip8,N/A,N/A,24318,N/A,N/A,N/A,57.0,44.4,N/A,N/A,N/A,376,N/A,N/A,N/A,N/A,N/A,N/A,10.7,0.88
4,SESAR,Search,Galaxy Z Flip8,483999,8473,8536,1494,591254,1.75,46.1,55.9,N/A,N/A,N/A,N/A,N/A,N/A,N/A,N/A,N/A,N/A,6.2,0.88
4,SESAR,Website,Galaxy Z Flip8,N/A,N/A,N/A,743,224201,N/A,60.8,50.1,N/A,N/A,N/A,N/A,N/A,N/A,43749,32.3,173,3.1,8.4,0.85
4,SESAR,PR,Galaxy Z Flip8,N/A,N/A,0,N/A,N/A,N/A,69.0,65.5,N/A,N/A,N/A,N/A,63,51.0,N/A,N/A,N/A,N/A,11.3,0.95
4,SESAR,B2B Roadshow,Galaxy Z Flip8,13687,N/A,7066,114,16435,4.19,57.4,66.1,N/A,N/A,N/A,N/A,N/A,N/A,N/A,N/A,N/A,N/A,7.3,0.91
4,SESAR,Paid Social,Galaxy S24,352223,4804,9865,551,112680,0.87,47.4,38.0,N/A,N/A,N/A,N/A,N/A,N/A,N/A,N/A,N/A,N/A,10.9,0.92
4,SESAR,Influencer,Galaxy S24,N/A,N/A,4365,45,13272,4.37,47.9,44.5,Influencer_21,714178,4.37,N/A,N/A,N/A,N/A,N/A,N/A,N/A,16.4,0.93
4,SESAR,TV,Galaxy S24,N/A,N/A,19748,N/A,N/A,N/A,64.9,50.2,N/A,N/A,N/A,292,N/A,N/A,N/A,N/A,N/A,N/A,11.3,0.85
4,SESAR,Search,Galaxy S24,308810,3813,5895,568,276411,1.23,51.6,48.2,N/A,N/A,N/A,N/A,N/A,N/A,N/A,N/A,N/A,N/A,8.2,0.93
4,SESAR,Website,Galaxy S24,N/A,N/A,N/A,830,308189,N/A,49.5,51.7,N/A,N/A,N/A,N/A,N/A,N/A,48780,35.7,210,3.79,9.9,0.93
4,SESAR,PR,Galaxy S24,N/A,N/A,0,N/A,N/A,N/A,79.4,63.7,N/A,N/A,N/A,N/A,26,24.0,N/A,N/A,N/A,N/A,5.5,0.94
4,SESAR,B2B Roadshow,Galaxy S24,7625,N/A,6595,60,18393,7.4,70.3,58.1,N/A,N/A,N/A,N/A,N/A,N/A,N/A,N/A,N/A,N/A,5.2,0.96
4,SESAR,Paid Social,Galaxy Tab S10,931592,12535,28110,973,246402,1.39,62.5,56.1,N/A,N/A,N/A,N/A,N/A,N/A,N/A,N/A,N/A,N/A,15.8,0.91
4,SESAR,Influencer,Galaxy Tab S10,N/A,N/A,5882,18,7537,4.27,51.6,33.8,Influencer_4,473646,4.27,N/A,N/A,N/A,N/A,N/A,N/A,N/A,13.8,0.9
4,SESAR,TV,Galaxy Tab S10,N/A,N/A,42040,N/A,N/A,N/A,64.1,57.0,N/A,N/A,N/A,722,N/A,N/A,N/A,N/A,N/A,N/A,7.6,0.76
4,SESAR,Search,Galaxy Tab S10,460194,6966,12694,634,205974,1.51,63.4,53.6,N/A,N/A,N/A,N/A,N/A,N/A,N/A,N/A,N/A,N/A,11.2,0.8
4,SESAR,Website,Galaxy Tab S10,N/A,N/A,N/A,1652,462311,N/A,57.0,49.7,N/A,N/A,N/A,N/A,N/A,N/A,103780,34.6,184,2.89,14.0,0.79
4,SESAR,PR,Galaxy Tab S10,N/A,N/A,0,N/A,N/A,N/A,65.8,54.2,N/A,N/A,N/A,N/A,72,34.0,N/A,N/A,N/A,N/A,10.3,0.89
4,SESAR,B2B Roadshow,Galaxy Tab S10,10678,N/A,3188,158,52602,6.24,67.5,68.1,N/A,N/A,N/A,N/A,N/A,N/A,N/A,N/A,N/A,N/A,11.8,0.85
4,SESAR,Paid Social,Galaxy Buds3,1084577,15143,17037,1091,280633,0.98,43.7,40.8,N/A,N/A,N/A,N/A,N/A,N/A,N/A,N/A,N/A,N/A,17.4,0.73
4,SESAR,Influencer,Galaxy Buds3,N/A,N/A,8395,40,13929,4.02,41.9,30.1,Influencer_4,751380,4.02,N/A,N/A,N/A,N/A,N/A,N/A,N/A,16.3,0.91
4,SESAR,TV,Galaxy Buds3,N/A,N/A,59305,N/A,N/A,N/A,71.7,50.6,N/A,N/A,N/A,682,N/A,N/A,N/A,N/A,N/A,N/A,12.8,0.76
4,SESAR,Search,Galaxy Buds3,516272,11333,24090,1730,530779,2.2,50.1,54.2,N/A,N/A,N/A,N/A,N/A,N/A,N/A,N/A,N/A,N/A,5.7,0.94
4,SESAR,Website,Galaxy Buds3,N/A,N/A,N/A,1432,611223,N/A,51.5,50.8,N/A,N/A,N/A,N/A,N/A,N/A,101080,32.4,267,2.63,15.7,0.82
4,SESAR,PR,Galaxy Buds3,N/A,N/A,0,N/A,N/A,N/A,73.7,63.2,N/A,N/A,N/A,N/A,57,44.4,N/A,N/A,N/A,N/A,5.1,0.82
4,SESAR,Paid Social,Galaxy Watch6,265401,2220,9847,172,41034,1.22,61.1,53.9,N/A,N/A,N/A,N/A,N/A,N/A,N/A,N/A,N/A,N/A,14.5,0.9
4,SESAR,Influencer,Galaxy Watch6,N/A,N/A,3060,15,4776,4.27,46.3,53.0,Influencer_21,465978,4.27,N/A,N/A,N/A,N/A,N/A,N/A,N/A,12.4,0.87
4,SESAR,TV,Galaxy Watch6,N/A,N/A,23529,N/A,N/A,N/A,65.6,64.3,N/A,N/A,N/A,243,N/A,N/A,N/A,N/A,N/A,N/A,18.1,0.75
4,SESAR,Search,Galaxy Watch6,233182,4454,12093,419,119437,1.91,46.7,37.6,N/A,N/A,N/A,N/A,N/A,N/A,N/A,N/A,N/A,N/A,13.2,0.91
4,SESAR,Website,Galaxy Watch6,N/A,N/A,N/A,839,227143,N/A,50.7,33.1,N/A,N/A,N/A,N/A,N/A,N/A,48631,42.5,217,3.28,13.4,0.84
4,SESAR,PR,Galaxy Watch6,N/A,N/A,0,N/A,N/A,N/A,79.1,60.7,N/A,N/A,N/A,N/A,19,31.7,N/A,N/A,N/A,N/A,6.8,0.83
4,SESAR,B2B Roadshow,Galaxy Watch6,5894,N/A,4883,31,9175,5.35,58.3,59.3,N/A,N/A,N/A,N/A,N/A,N/A,N/A,N/A,N/A,N/A,5.8,0.96
4,SETK,Paid Social,Galaxy Z Fold8,541125,4483,16873,533,154683,1.12,44.4,51.4,N/A,N/A,N/A,N/A,N/A,N/A,N/A,N/A,N/A,N/A,7.8,0.79
4,SETK,Influencer,Galaxy Z Fold8,N/A,N/A,3119,19,8488,3.13,52.1,43.9,Influencer_7,497917,3.13,N/A,N/A,N/A,N/A,N/A,N/A,N/A,8.9,0.95
4,SETK,TV,Galaxy Z Fold8,N/A,N/A,21567,N/A,N/A,N/A,72.2,45.5,N/A,N/A,N/A,475,N/A,N/A,N/A,N/A,N/A,N/A,18.6,0.77
4,SETK,Search,Galaxy Z Fold8,399820,7504,14797,619,281269,1.88,62.6,44.3,N/A,N/A,N/A,N/A,N/A,N/A,N/A,N/A,N/A,N/A,10.7,0.93
4,SETK,Website,Galaxy Z Fold8,N/A,N/A,N/A,627,138106,N/A,63.7,43.9,N/A,N/A,N/A,N/A,N/A,N/A,65839,41.6,272,3.18,6.1,0.92
4,SETK,PR,Galaxy Z Fold8,N/A,N/A,0,N/A,N/A,N/A,64.1,63.1,N/A,N/A,N/A,N/A,69,43.5,N/A,N/A,N/A,N/A,9.4,0.95
4,SETK,B2B Roadshow,Galaxy Z Fold8,20413,N/A,4059,47,13672,7.01,60.7,66.0,N/A,N/A,N/A,N/A,N/A,N/A,N/A,N/A,N/A,N/A,10.2,0.91
4,SETK,Paid Social,Galaxy Z Flip8,581238,6201,17860,374,78547,1.34,53.0,30.4,N/A,N/A,N/A,N/A,N/A,N/A,N/A,N/A,N/A,N/A,8.5,0.8
4,SETK,Influencer,Galaxy Z Flip8,N/A,N/A,5955,15,4343,4.77,59.2,46.1,Influencer_6,498776,4.77,N/A,N/A,N/A,N/A,N/A,N/A,N/A,16.0,0.93
4,SETK,TV,Galaxy Z Flip8,N/A,N/A,49554,N/A,N/A,N/A,62.0,43.4,N/A,N/A,N/A,332,N/A,N/A,N/A,N/A,N/A,N/A,12.0,0.76
4,SETK,Search,Galaxy Z Flip8,380147,7927,18247,846,363866,2.09,47.9,45.0,N/A,N/A,N/A,N/A,N/A,N/A,N/A,N/A,N/A,N/A,8.7,0.81
4,SETK,Website,Galaxy Z Flip8,N/A,N/A,N/A,673,220969,N/A,57.6,52.3,N/A,N/A,N/A,N/A,N/A,N/A,75409,44.5,207,3.47,11.3,0.87
4,SETK,PR,Galaxy Z Flip8,N/A,N/A,0,N/A,N/A,N/A,66.9,67.5,N/A,N/A,N/A,N/A,21,31.7,N/A,N/A,N/A,N/A,7.1,0.82
4,SETK,B2B Roadshow,Galaxy Z Flip8,10107,N/A,5460,104,23009,5.62,60.9,51.0,N/A,N/A,N/A,N/A,N/A,N/A,N/A,N/A,N/A,N/A,5.5,0.83
4,SETK,Paid Social,Galaxy S24,264304,3059,12127,145,45706,1.2,48.6,37.4,N/A,N/A,N/A,N/A,N/A,N/A,N/A,N/A,N/A,N/A,7.0,0.83
4,SETK,Influencer,Galaxy S24,N/A,N/A,2123,60,27172,4.82,36.6,36.5,Influencer_7,976487,4.82,N/A,N/A,N/A,N/A,N/A,N/A,N/A,13.8,0.81
4,SETK,TV,Galaxy S24,N/A,N/A,28413,N/A,N/A,N/A,69.8,56.6,N/A,N/A,N/A,373,N/A,N/A,N/A,N/A,N/A,N/A,10.8,0.91
4,SETK,Search,Galaxy S24,189117,2668,5966,412,177660,1.41,67.4,37.1,N/A,N/A,N/A,N/A,N/A,N/A,N/A,N/A,N/A,N/A,10.2,0.78
4,SETK,Website,Galaxy S24,N/A,N/A,N/A,252,91715,N/A,63.9,44.0,N/A,N/A,N/A,N/A,N/A,N/A,31013,34.2,253,3.8,10.9,0.86
4,SETK,PR,Galaxy S24,N/A,N/A,0,N/A,N/A,N/A,72.8,62.1,N/A,N/A,N/A,N/A,46,25.8,N/A,N/A,N/A,N/A,6.4,0.85
4,SETK,B2B Roadshow,Galaxy S24,6696,N/A,4106,19,13539,3.56,55.3,69.4,N/A,N/A,N/A,N/A,N/A,N/A,N/A,N/A,N/A,N/A,11.0,0.85
4,SETK,Paid Social,Galaxy Tab S10,798060,7195,18925,538,164904,1.35,46.7,38.8,N/A,N/A,N/A,N/A,N/A,N/A,N/A,N/A,N/A,N/A,11.6,0.82
4,SETK,Influencer,Galaxy Tab S10,N/A,N/A,4035,12,4002,3.08,49.8,24.6,Influencer_7,322115,3.08,N/A,N/A,N/A,N/A,N/A,N/A,N/A,11.3,0.8
4,SETK,TV,Galaxy Tab S10,N/A,N/A,46855,N/A,N/A,N/A,73.7,50.8,N/A,N/A,N/A,655,N/A,N/A,N/A,N/A,N/A,N/A,11.6,0.74
4,SETK,Search,Galaxy Tab S10,640172,10446,22439,1722,811274,1.63,60.5,48.3,N/A,N/A,N/A,N/A,N/A,N/A,N/A,N/A,N/A,N/A,8.0,0.86
4,SETK,Website,Galaxy Tab S10,N/A,N/A,N/A,1418,540475,N/A,41.3,29.5,N/A,N/A,N/A,N/A,N/A,N/A,108028,43.7,274,2.85,11.8,0.85
4,SETK,PR,Galaxy Tab S10,N/A,N/A,0,N/A,N/A,N/A,66.4,56.6,N/A,N/A,N/A,N/A,51,49.8,N/A,N/A,N/A,N/A,7.3,0.95
4,SETK,B2B Roadshow,Galaxy Tab S10,20293,N/A,6672,121,42358,3.1,60.8,53.8,N/A,N/A,N/A,N/A,N/A,N/A,N/A,N/A,N/A,N/A,7.4,0.86
4,SETK,Paid Social,Galaxy Buds3,730533,8849,27445,1006,365543,1.3,55.1,56.3,N/A,N/A,N/A,N/A,N/A,N/A,N/A,N/A,N/A,N/A,14.7,0.8
4,SETK,Influencer,Galaxy Buds3,N/A,N/A,7065,56,24635,4.78,60.5,42.7,Influencer_6,905804,4.78,N/A,N/A,N/A,N/A,N/A,N/A,N/A,9.6,0.9
4,SETK,TV,Galaxy Buds3,N/A,N/A,73204,N/A,N/A,N/A,57.3,44.9,N/A,N/A,N/A,553,N/A,N/A,N/A,N/A,N/A,N/A,13.5,0.88
4,SETK,Search,Galaxy Buds3,663639,9978,20023,1353,743850,1.5,54.6,40.9,N/A,N/A,N/A,N/A,N/A,N/A,N/A,N/A,N/A,N/A,11.5,0.81
4,SETK,Website,Galaxy Buds3,N/A,N/A,N/A,1145,247224,N/A,45.4,35.4,N/A,N/A,N/A,N/A,N/A,N/A,137738,33.6,208,2.68,9.4,0.81
4,SETK,PR,Galaxy Buds3,N/A,N/A,0,N/A,N/A,N/A,69.9,67.2,N/A,N/A,N/A,N/A,28,46.1,N/A,N/A,N/A,N/A,10.5,0.94
4,SETK,Paid Social,Galaxy Watch6,387989,4922,6484,561,145555,1.12,66.2,33.1,N/A,N/A,N/A,N/A,N/A,N/A,N/A,N/A,N/A,N/A,7.3,0.85
4,SETK,Influencer,Galaxy Watch6,N/A,N/A,1834,13,3060,2.65,41.4,34.8,Influencer_7,789795,2.65,N/A,N/A,N/A,N/A,N/A,N/A,N/A,14.1,0.89
4,SETK,TV,Galaxy Watch6,N/A,N/A,29998,N/A,N/A,N/A,71.3,43.5,N/A,N/A,N/A,310,N/A,N/A,N/A,N/A,N/A,N/A,15.4,0.79
4,SETK,Search,Galaxy Watch6,176810,2339,7891,289,108295,1.32,64.8,40.5,N/A,N/A,N/A,N/A,N/A,N/A,N/A,N/A,N/A,N/A,12.7,0.83
4,SETK,Website,Galaxy Watch6,N/A,N/A,N/A,536,142846,N/A,56.4,32.8,N/A,N/A,N/A,N/A,N/A,N/A,55192,39.3,256,3.04,13.5,0.83
4,SETK,PR,Galaxy Watch6,N/A,N/A,0,N/A,N/A,N/A,66.7,67.8,N/A,N/A,N/A,N/A,22,19.1,N/A,N/A,N/A,N/A,10.9,0.95
4,SETK,B2B Roadshow,Galaxy Watch6,12783,N/A,5963,76,8526,5.21,70.4,64.4,N/A,N/A,N/A,N/A,N/A,N/A,N/A,N/A,N/A,N/A,8.6,0.83
4,SELV,Paid Social,Galaxy Z Fold8,558828,5702,14341,426,105782,0.83,68.7,34.3,N/A,N/A,N/A,N/A,N/A,N/A,N/A,N/A,N/A,N/A,12.9,0.94
4,SELV,Influencer,Galaxy Z Fold8,N/A,N/A,4473,45,20958,5.57,56.2,50.2,Influencer_8,892439,5.57,N/A,N/A,N/A,N/A,N/A,N/A,N/A,14.0,0.81
4,SELV,TV,Galaxy Z Fold8,N/A,N/A,43357,N/A,N/A,N/A,73.7,63.5,N/A,N/A,N/A,333,N/A,N/A,N/A,N/A,N/A,N/A,14.9,0.75
4,SELV,Search,Galaxy Z Fold8,422216,6950,13794,1172,512524,1.65,61.1,45.5,N/A,N/A,N/A,N/A,N/A,N/A,N/A,N/A,N/A,N/A,8.5,0.91
4,SELV,Website,Galaxy Z Fold8,N/A,N/A,N/A,1338,562286,N/A,57.8,51.0,N/A,N/A,N/A,N/A,N/A,N/A,84989,26.7,235,3.08,11.2,0.85
4,SELV,PR,Galaxy Z Fold8,N/A,N/A,0,N/A,N/A,N/A,69.8,57.8,N/A,N/A,N/A,N/A,37,17.8,N/A,N/A,N/A,N/A,9.6,0.83
4,SELV,B2B Roadshow,Galaxy Z Fold8,9002,N/A,7423,94,27185,4.21,70.5,64.5,N/A,N/A,N/A,N/A,N/A,N/A,N/A,N/A,N/A,N/A,11.9,0.84
4,SELV,Paid Social,Galaxy Z Flip8,438428,6090,16920,549,131001,0.83,60.5,33.5,N/A,N/A,N/A,N/A,N/A,N/A,N/A,N/A,N/A,N/A,9.6,0.88
4,SELV,Influencer,Galaxy Z Flip8,N/A,N/A,7916,41,15353,5.94,56.6,52.1,Influencer_10,555446,5.94,N/A,N/A,N/A,N/A,N/A,N/A,N/A,13.5,0.92
4,SELV,TV,Galaxy Z Flip8,N/A,N/A,37392,N/A,N/A,N/A,60.5,57.7,N/A,N/A,N/A,476,N/A,N/A,N/A,N/A,N/A,N/A,17.4,0.83
4,SELV,Search,Galaxy Z Flip8,308041,5896,22298,906,255100,1.91,58.5,39.2,N/A,N/A,N/A,N/A,N/A,N/A,N/A,N/A,N/A,N/A,12.4,0.85
4,SELV,Website,Galaxy Z Flip8,N/A,N/A,N/A,863,351335,N/A,43.1,34.4,N/A,N/A,N/A,N/A,N/A,N/A,57096,26.6,165,3.14,6.8,0.87
4,SELV,PR,Galaxy Z Flip8,N/A,N/A,0,N/A,N/A,N/A,69.0,54.7,N/A,N/A,N/A,N/A,57,40.6,N/A,N/A,N/A,N/A,5.2,0.88
4,SELV,B2B Roadshow,Galaxy Z Flip8,19696,N/A,6605,105,39667,6.66,63.3,53.3,N/A,N/A,N/A,N/A,N/A,N/A,N/A,N/A,N/A,N/A,8.5,0.9
4,SELV,Paid Social,Galaxy S24,406984,3624,15848,395,70908,0.95,55.2,52.2,N/A,N/A,N/A,N/A,N/A,N/A,N/A,N/A,N/A,N/A,17.3,0.79
4,SELV,Influencer,Galaxy S24,N/A,N/A,2146,28,10402,5.48,36.4,28.6,Influencer_9,830823,5.48,N/A,N/A,N/A,N/A,N/A,N/A,N/A,10.5,0.95
4,SELV,TV,Galaxy S24,N/A,N/A,27430,N/A,N/A,N/A,65.1,60.8,N/A,N/A,N/A,302,N/A,N/A,N/A,N/A,N/A,N/A,9.3,0.84
4,SELV,Search,Galaxy S24,179028,3825,10998,646,203279,2.14,66.1,46.6,N/A,N/A,N/A,N/A,N/A,N/A,N/A,N/A,N/A,N/A,6.5,0.84
4,SELV,Website,Galaxy S24,N/A,N/A,N/A,374,128381,N/A,51.7,47.0,N/A,N/A,N/A,N/A,N/A,N/A,30720,36.3,236,3.67,12.1,0.89
4,SELV,PR,Galaxy S24,N/A,N/A,0,N/A,N/A,N/A,75.0,61.5,N/A,N/A,N/A,N/A,46,34.1,N/A,N/A,N/A,N/A,4.1,0.92
4,SELV,B2B Roadshow,Galaxy S24,7109,N/A,6355,48,17191,7.5,61.8,50.9,N/A,N/A,N/A,N/A,N/A,N/A,N/A,N/A,N/A,N/A,9.7,0.89
4,SELV,Paid Social,Galaxy Tab S10,709966,8889,19168,858,251392,1.36,62.2,46.6,N/A,N/A,N/A,N/A,N/A,N/A,N/A,N/A,N/A,N/A,7.5,0.84
4,SELV,Influencer,Galaxy Tab S10,N/A,N/A,10126,20,7421,4.4,40.9,38.3,Influencer_9,848758,4.4,N/A,N/A,N/A,N/A,N/A,N/A,N/A,15.8,0.77
4,SELV,TV,Galaxy Tab S10,N/A,N/A,71339,N/A,N/A,N/A,77.1,47.9,N/A,N/A,N/A,541,N/A,N/A,N/A,N/A,N/A,N/A,10.1,0.89
4,SELV,Search,Galaxy Tab S10,664237,10921,30230,1536,569148,1.64,46.7,55.9,N/A,N/A,N/A,N/A,N/A,N/A,N/A,N/A,N/A,N/A,5.6,0.85
4,SELV,Website,Galaxy Tab S10,N/A,N/A,N/A,946,314048,N/A,42.3,33.2,N/A,N/A,N/A,N/A,N/A,N/A,114824,32.6,173,2.67,7.4,0.8
4,SELV,PR,Galaxy Tab S10,N/A,N/A,0,N/A,N/A,N/A,79.8,61.8,N/A,N/A,N/A,N/A,33,27.6,N/A,N/A,N/A,N/A,3.3,0.95
4,SELV,B2B Roadshow,Galaxy Tab S10,17540,N/A,3222,143,21815,4.49,57.0,52.8,N/A,N/A,N/A,N/A,N/A,N/A,N/A,N/A,N/A,N/A,11.3,0.86
4,SELV,Paid Social,Galaxy Buds3,1366277,18846,21947,832,174641,1.22,48.1,45.1,N/A,N/A,N/A,N/A,N/A,N/A,N/A,N/A,N/A,N/A,12.1,0.94
4,SELV,Influencer,Galaxy Buds3,N/A,N/A,10353,8,2762,3.61,47.4,31.0,Influencer_10,263577,3.61,N/A,N/A,N/A,N/A,N/A,N/A,N/A,15.7,0.8
4,SELV,TV,Galaxy Buds3,N/A,N/A,94069,N/A,N/A,N/A,55.5,60.1,N/A,N/A,N/A,1023,N/A,N/A,N/A,N/A,N/A,N/A,15.4,0.75
4,SELV,Search,Galaxy Buds3,822145,13209,17528,2174,869881,1.61,65.2,38.0,N/A,N/A,N/A,N/A,N/A,N/A,N/A,N/A,N/A,N/A,10.3,0.81
4,SELV,Website,Galaxy Buds3,N/A,N/A,N/A,1510,461966,N/A,60.1,53.0,N/A,N/A,N/A,N/A,N/A,N/A,112931,43.2,265,2.56,12.2,0.87
4,SELV,PR,Galaxy Buds3,N/A,N/A,0,N/A,N/A,N/A,79.3,56.9,N/A,N/A,N/A,N/A,55,23.0,N/A,N/A,N/A,N/A,8.2,0.93
4,SELV,Paid Social,Galaxy Watch6,384619,5767,10433,500,138791,0.83,63.2,46.7,N/A,N/A,N/A,N/A,N/A,N/A,N/A,N/A,N/A,N/A,9.6,0.8
4,SELV,Influencer,Galaxy Watch6,N/A,N/A,2908,24,6318,5.04,50.3,48.1,Influencer_9,346433,5.04,N/A,N/A,N/A,N/A,N/A,N/A,N/A,15.6,0.94
4,SELV,TV,Galaxy Watch6,N/A,N/A,25920,N/A,N/A,N/A,71.8,52.3,N/A,N/A,N/A,495,N/A,N/A,N/A,N/A,N/A,N/A,10.6,0.92
4,SELV,Search,Galaxy Watch6,263511,3717,11419,303,138638,1.41,61.8,34.5,N/A,N/A,N/A,N/A,N/A,N/A,N/A,N/A,N/A,N/A,9.7,0.92
4,SELV,Website,Galaxy Watch6,N/A,N/A,N/A,485,205551,N/A,59.5,45.2,N/A,N/A,N/A,N/A,N/A,N/A,40009,39.1,250,3.31,6.8,0.76
4,SELV,PR,Galaxy Watch6,N/A,N/A,0,N/A,N/A,N/A,64.8,65.1,N/A,N/A,N/A,N/A,41,35.2,N/A,N/A,N/A,N/A,10.2,0.86
4,SELV,B2B Roadshow,Galaxy Watch6,8693,N/A,3069,29,25477,4.85,58.9,50.2,N/A,N/A,N/A,N/A,N/A,N/A,N/A,N/A,N/A,N/A,10.2,0.94
4,SEMAG,Paid Social,Galaxy Z Fold8,546213,7892,15124,436,154374,1.24,65.3,36.4,N/A,N/A,N/A,N/A,N/A,N/A,N/A,N/A,N/A,N/A,17.8,0.94
4,SEMAG,Influencer,Galaxy Z Fold8,N/A,N/A,5588,25,6568,4.22,41.1,48.6,Influencer_22,494394,4.22,N/A,N/A,N/A,N/A,N/A,N/A,N/A,10.8,0.92
4,SEMAG,TV,Galaxy Z Fold8,N/A,N/A,42901,N/A,N/A,N/A,65.4,54.8,N/A,N/A,N/A,418,N/A,N/A,N/A,N/A,N/A,N/A,15.5,0.83
4,SEMAG,Search,Galaxy Z Fold8,419324,7560,10040,654,188661,1.8,47.2,40.9,N/A,N/A,N/A,N/A,N/A,N/A,N/A,N/A,N/A,N/A,10.5,0.82
4,SEMAG,Website,Galaxy Z Fold8,N/A,N/A,N/A,1155,310212,N/A,57.1,42.3,N/A,N/A,N/A,N/A,N/A,N/A,75582,42.0,155,3.99,8.5,0.85
4,SEMAG,PR,Galaxy Z Fold8,N/A,N/A,0,N/A,N/A,N/A,66.7,61.6,N/A,N/A,N/A,N/A,49,15.1,N/A,N/A,N/A,N/A,8.7,0.94
4,SEMAG,B2B Roadshow,Galaxy Z Fold8,13122,N/A,6543,94,27198,4.37,68.6,59.3,N/A,N/A,N/A,N/A,N/A,N/A,N/A,N/A,N/A,N/A,7.5,0.94
4,SEMAG,Paid Social,Galaxy Z Flip8,614145,8013,8630,498,126997,1.11,41.2,35.6,N/A,N/A,N/A,N/A,N/A,N/A,N/A,N/A,N/A,N/A,7.0,0.84
4,SEMAG,Influencer,Galaxy Z Flip8,N/A,N/A,5513,29,6447,3.29,42.7,28.9,Influencer_22,973266,3.29,N/A,N/A,N/A,N/A,N/A,N/A,N/A,9.9,0.88
4,SEMAG,TV,Galaxy Z Flip8,N/A,N/A,23165,N/A,N/A,N/A,65.0,61.2,N/A,N/A,N/A,263,N/A,N/A,N/A,N/A,N/A,N/A,14.7,0.85
4,SEMAG,Search,Galaxy Z Flip8,302984,6182,11537,561,180365,2.04,54.1,35.8,N/A,N/A,N/A,N/A,N/A,N/A,N/A,N/A,N/A,N/A,8.4,0.91
4,SEMAG,Website,Galaxy Z Flip8,N/A,N/A,N/A,598,212225,N/A,41.9,30.5,N/A,N/A,N/A,N/A,N/A,N/A,37966,40.3,264,3.37,6.3,0.81
4,SEMAG,PR,Galaxy Z Flip8,N/A,N/A,0,N/A,N/A,N/A,57.6,64.9,N/A,N/A,N/A,N/A,17,46.5,N/A,N/A,N/A,N/A,3.3,0.9
4,SEMAG,B2B Roadshow,Galaxy Z Flip8,15395,N/A,3538,33,12530,5.8,60.9,57.6,N/A,N/A,N/A,N/A,N/A,N/A,N/A,N/A,N/A,N/A,5.7,0.94
4,SEMAG,Paid Social,Galaxy S24,264441,3715,5247,283,75292,1.1,59.6,32.8,N/A,N/A,N/A,N/A,N/A,N/A,N/A,N/A,N/A,N/A,13.8,0.87
4,SEMAG,Influencer,Galaxy S24,N/A,N/A,3320,20,4616,4.31,53.1,26.0,Influencer_22,676133,4.31,N/A,N/A,N/A,N/A,N/A,N/A,N/A,14.7,0.79
4,SEMAG,TV,Galaxy S24,N/A,N/A,28715,N/A,N/A,N/A,68.9,47.4,N/A,N/A,N/A,197,N/A,N/A,N/A,N/A,N/A,N/A,12.7,0.86
4,SEMAG,Search,Galaxy S24,226571,3140,6166,501,134341,1.39,53.4,45.3,N/A,N/A,N/A,N/A,N/A,N/A,N/A,N/A,N/A,N/A,14.0,0.9
4,SEMAG,Website,Galaxy S24,N/A,N/A,N/A,533,178707,N/A,48.4,38.2,N/A,N/A,N/A,N/A,N/A,N/A,38584,27.9,270,2.96,6.1,0.86
4,SEMAG,PR,Galaxy S24,N/A,N/A,0,N/A,N/A,N/A,68.7,65.7,N/A,N/A,N/A,N/A,16,16.7,N/A,N/A,N/A,N/A,10.5,0.87
4,SEMAG,B2B Roadshow,Galaxy S24,6970,N/A,4641,51,12404,6.93,61.8,63.4,N/A,N/A,N/A,N/A,N/A,N/A,N/A,N/A,N/A,N/A,9.9,0.98
4,SEMAG,Paid Social,Galaxy Tab S10,692280,8893,26309,758,177307,1.01,50.9,32.9,N/A,N/A,N/A,N/A,N/A,N/A,N/A,N/A,N/A,N/A,16.5,0.93
4,SEMAG,Influencer,Galaxy Tab S10,N/A,N/A,6997,17,4574,5.72,53.9,31.2,Influencer_12,430063,5.72,N/A,N/A,N/A,N/A,N/A,N/A,N/A,14.1,0.94
4,SEMAG,TV,Galaxy Tab S10,N/A,N/A,43967,N/A,N/A,N/A,71.5,46.1,N/A,N/A,N/A,690,N/A,N/A,N/A,N/A,N/A,N/A,9.8,0.92
4,SEMAG,Search,Galaxy Tab S10,416687,5041,18467,418,118944,1.21,52.9,39.3,N/A,N/A,N/A,N/A,N/A,N/A,N/A,N/A,N/A,N/A,10.7,0.9
4,SEMAG,Website,Galaxy Tab S10,N/A,N/A,N/A,841,210065,N/A,57.8,37.5,N/A,N/A,N/A,N/A,N/A,N/A,47390,30.7,206,3.83,11.5,0.78
4,SEMAG,PR,Galaxy Tab S10,N/A,N/A,0,N/A,N/A,N/A,62.5,47.3,N/A,N/A,N/A,N/A,18,28.3,N/A,N/A,N/A,N/A,10.3,0.82
4,SEMAG,B2B Roadshow,Galaxy Tab S10,11590,N/A,5772,134,25311,4.53,59.8,66.2,N/A,N/A,N/A,N/A,N/A,N/A,N/A,N/A,N/A,N/A,9.6,0.97
4,SEMAG,Paid Social,Galaxy Buds3,976350,14629,27850,1613,268313,0.9,68.7,53.6,N/A,N/A,N/A,N/A,N/A,N/A,N/A,N/A,N/A,N/A,8.3,0.79
4,SEMAG,Influencer,Galaxy Buds3,N/A,N/A,8723,18,3849,4.6,53.7,29.7,Influencer_12,533396,4.6,N/A,N/A,N/A,N/A,N/A,N/A,N/A,12.2,0.91
4,SEMAG,TV,Galaxy Buds3,N/A,N/A,54691,N/A,N/A,N/A,54.3,60.9,N/A,N/A,N/A,558,N/A,N/A,N/A,N/A,N/A,N/A,18.1,0.89
4,SEMAG,Search,Galaxy Buds3,644115,13435,17909,2051,995554,2.09,65.4,49.8,N/A,N/A,N/A,N/A,N/A,N/A,N/A,N/A,N/A,N/A,6.9,0.84
4,SEMAG,Website,Galaxy Buds3,N/A,N/A,N/A,1456,480076,N/A,51.9,52.9,N/A,N/A,N/A,N/A,N/A,N/A,124032,28.6,245,3.29,10.7,0.85
4,SEMAG,PR,Galaxy Buds3,N/A,N/A,0,N/A,N/A,N/A,70.6,45.7,N/A,N/A,N/A,N/A,106,50.6,N/A,N/A,N/A,N/A,4.8,0.83
4,SEMAG,Paid Social,Galaxy Watch6,404832,3902,8143,251,93416,1.2,69.1,41.0,N/A,N/A,N/A,N/A,N/A,N/A,N/A,N/A,N/A,N/A,12.6,0.73
4,SEMAG,Influencer,Galaxy Watch6,N/A,N/A,2499,15,3185,4.06,50.6,34.1,Influencer_22,509380,4.06,N/A,N/A,N/A,N/A,N/A,N/A,N/A,11.3,0.84
4,SEMAG,TV,Galaxy Watch6,N/A,N/A,22985,N/A,N/A,N/A,65.4,47.8,N/A,N/A,N/A,344,N/A,N/A,N/A,N/A,N/A,N/A,7.9,0.81
4,SEMAG,Search,Galaxy Watch6,186686,3445,9250,586,198276,1.85,58.1,48.1,N/A,N/A,N/A,N/A,N/A,N/A,N/A,N/A,N/A,N/A,6.1,0.82
4,SEMAG,Website,Galaxy Watch6,N/A,N/A,N/A,304,66222,N/A,56.7,35.3,N/A,N/A,N/A,N/A,N/A,N/A,33936,25.8,201,3.0,13.5,0.89
4,SEMAG,PR,Galaxy Watch6,N/A,N/A,0,N/A,N/A,N/A,71.1,48.2,N/A,N/A,N/A,N/A,22,20.7,N/A,N/A,N/A,N/A,10.5,0.91
4,SEMAG,B2B Roadshow,Galaxy Watch6,11813,N/A,5139,17,15141,4.41,61.9,69.9,N/A,N/A,N/A,N/A,N/A,N/A,N/A,N/A,N/A,N/A,11.6,0.95
4,SEEG,Paid Social,Galaxy Z Fold8,605682,7623,18539,703,279315,1.47,67.0,36.6,N/A,N/A,N/A,N/A,N/A,N/A,N/A,N/A,N/A,N/A,14.7,0.75
4,SEEG,Influencer,Galaxy Z Fold8,N/A,N/A,5080,42,17503,4.55,49.0,47.8,Influencer_14,740882,4.55,N/A,N/A,N/A,N/A,N/A,N/A,N/A,9.9,0.79
4,SEEG,TV,Galaxy Z Fold8,N/A,N/A,38726,N/A,N/A,N/A,64.0,62.3,N/A,N/A,N/A,341,N/A,N/A,N/A,N/A,N/A,N/A,8.0,0.75
4,SEEG,Search,Galaxy Z Fold8,247920,3732,6963,485,217112,1.51,54.5,40.0,N/A,N/A,N/A,N/A,N/A,N/A,N/A,N/A,N/A,N/A,9.2,0.9
4,SEEG,Website,Galaxy Z Fold8,N/A,N/A,N/A,678,139539,N/A,63.6,37.3,N/A,N/A,N/A,N/A,N/A,N/A,60259,40.7,185,2.73,12.3,0.86
4,SEEG,PR,Galaxy Z Fold8,N/A,N/A,0,N/A,N/A,N/A,65.8,54.3,N/A,N/A,N/A,N/A,64,32.2,N/A,N/A,N/A,N/A,11.3,0.81
4,SEEG,B2B Roadshow,Galaxy Z Fold8,15296,N/A,4542,67,15604,4.64,74.2,62.8,N/A,N/A,N/A,N/A,N/A,N/A,N/A,N/A,N/A,N/A,7.1,0.85
4,SEEG,Paid Social,Galaxy Z Flip8,576337,6841,8808,725,218109,0.82,47.0,57.1,N/A,N/A,N/A,N/A,N/A,N/A,N/A,N/A,N/A,N/A,10.6,0.75
4,SEEG,Influencer,Galaxy Z Flip8,N/A,N/A,4538,21,7466,4.34,40.4,49.8,Influencer_15,891609,4.34,N/A,N/A,N/A,N/A,N/A,N/A,N/A,10.9,0.78
4,SEEG,TV,Galaxy Z Flip8,N/A,N/A,25147,N/A,N/A,N/A,66.4,53.0,N/A,N/A,N/A,314,N/A,N/A,N/A,N/A,N/A,N/A,8.4,0.91
4,SEEG,Search,Galaxy Z Flip8,275571,3664,11298,406,201119,1.33,62.2,38.4,N/A,N/A,N/A,N/A,N/A,N/A,N/A,N/A,N/A,N/A,10.6,0.83
4,SEEG,Website,Galaxy Z Flip8,N/A,N/A,N/A,673,249823,N/A,50.9,49.6,N/A,N/A,N/A,N/A,N/A,N/A,51707,30.5,151,3.99,12.0,0.79
4,SEEG,PR,Galaxy Z Flip8,N/A,N/A,0,N/A,N/A,N/A,78.0,56.3,N/A,N/A,N/A,N/A,41,50.3,N/A,N/A,N/A,N/A,8.0,0.92
4,SEEG,B2B Roadshow,Galaxy Z Flip8,13117,N/A,6738,56,23957,4.96,71.5,67.0,N/A,N/A,N/A,N/A,N/A,N/A,N/A,N/A,N/A,N/A,7.9,0.85
4,SEEG,Paid Social,Galaxy S24,370741,4868,12150,344,108280,1.29,43.9,50.8,N/A,N/A,N/A,N/A,N/A,N/A,N/A,N/A,N/A,N/A,6.5,0.92
4,SEEG,Influencer,Galaxy S24,N/A,N/A,3331,21,9972,5.59,56.1,45.7,Influencer_14,487075,5.59,N/A,N/A,N/A,N/A,N/A,N/A,N/A,9.0,0.85
4,SEEG,TV,Galaxy S24,N/A,N/A,29802,N/A,N/A,N/A,77.9,42.9,N/A,N/A,N/A,207,N/A,N/A,N/A,N/A,N/A,N/A,8.9,0.87
4,SEEG,Search,Galaxy S24,211915,3412,6930,359,144253,1.61,57.2,36.2,N/A,N/A,N/A,N/A,N/A,N/A,N/A,N/A,N/A,N/A,11.7,0.9
4,SEEG,Website,Galaxy S24,N/A,N/A,N/A,514,154115,N/A,42.7,51.9,N/A,N/A,N/A,N/A,N/A,N/A,44981,28.9,159,2.52,9.3,0.88
4,SEEG,PR,Galaxy S24,N/A,N/A,0,N/A,N/A,N/A,58.1,61.2,N/A,N/A,N/A,N/A,36,28.8,N/A,N/A,N/A,N/A,9.2,0.87
4,SEEG,B2B Roadshow,Galaxy S24,11441,N/A,5286,65,11958,3.85,55.4,52.0,N/A,N/A,N/A,N/A,N/A,N/A,N/A,N/A,N/A,N/A,7.1,0.91
4,SEEG,Paid Social,Galaxy Tab S10,634424,5823,11129,548,103229,1.05,47.5,30.8,N/A,N/A,N/A,N/A,N/A,N/A,N/A,N/A,N/A,N/A,14.1,0.75
4,SEEG,Influencer,Galaxy Tab S10,N/A,N/A,8681,13,5183,5.43,55.0,27.1,Influencer_13,250075,5.43,N/A,N/A,N/A,N/A,N/A,N/A,N/A,13.7,0.84
4,SEEG,TV,Galaxy Tab S10,N/A,N/A,62281,N/A,N/A,N/A,54.2,50.4,N/A,N/A,N/A,361,N/A,N/A,N/A,N/A,N/A,N/A,10.0,0.77
4,SEEG,Search,Galaxy Tab S10,382555,5355,9471,654,357598,1.4,54.0,39.2,N/A,N/A,N/A,N/A,N/A,N/A,N/A,N/A,N/A,N/A,11.4,0.82
4,SEEG,Website,Galaxy Tab S10,N/A,N/A,N/A,900,366851,N/A,52.6,49.4,N/A,N/A,N/A,N/A,N/A,N/A,56394,28.4,192,2.57,9.2,0.86
4,SEEG,PR,Galaxy Tab S10,N/A,N/A,0,N/A,N/A,N/A,69.5,68.3,N/A,N/A,N/A,N/A,88,29.2,N/A,N/A,N/A,N/A,3.9,0.83
4,SEEG,B2B Roadshow,Galaxy Tab S10,19515,N/A,5649,55,15283,5.01,61.3,57.8,N/A,N/A,N/A,N/A,N/A,N/A,N/A,N/A,N/A,N/A,8.2,0.83
4,SEEG,Paid Social,Galaxy Buds3,1043255,10379,27101,451,167485,1.09,64.0,44.8,N/A,N/A,N/A,N/A,N/A,N/A,N/A,N/A,N/A,N/A,17.9,0.88
4,SEEG,Influencer,Galaxy Buds3,N/A,N/A,4248,14,6921,3.38,56.1,44.3,Influencer_13,379787,3.38,N/A,N/A,N/A,N/A,N/A,N/A,N/A,16.5,0.89
4,SEEG,TV,Galaxy Buds3,N/A,N/A,58230,N/A,N/A,N/A,68.9,63.1,N/A,N/A,N/A,549,N/A,N/A,N/A,N/A,N/A,N/A,11.4,0.89
4,SEEG,Search,Galaxy Buds3,621870,7882,11900,1110,472317,1.27,55.2,50.4,N/A,N/A,N/A,N/A,N/A,N/A,N/A,N/A,N/A,N/A,7.5,0.87
4,SEEG,Website,Galaxy Buds3,N/A,N/A,N/A,601,212806,N/A,50.5,35.1,N/A,N/A,N/A,N/A,N/A,N/A,58209,42.9,229,2.85,6.8,0.77
4,SEEG,PR,Galaxy Buds3,N/A,N/A,0,N/A,N/A,N/A,59.8,49.9,N/A,N/A,N/A,N/A,92,31.9,N/A,N/A,N/A,N/A,3.1,0.95
4,SEEG,Paid Social,Galaxy Watch6,366102,5462,11943,541,125605,0.99,60.3,52.6,N/A,N/A,N/A,N/A,N/A,N/A,N/A,N/A,N/A,N/A,12.3,0.94
4,SEEG,Influencer,Galaxy Watch6,N/A,N/A,2194,34,10178,5.13,42.5,40.2,Influencer_13,502467,5.13,N/A,N/A,N/A,N/A,N/A,N/A,N/A,15.9,0.88
4,SEEG,TV,Galaxy Watch6,N/A,N/A,20823,N/A,N/A,N/A,70.2,59.0,N/A,N/A,N/A,364,N/A,N/A,N/A,N/A,N/A,N/A,14.9,0.8
4,SEEG,Search,Galaxy Watch6,210883,2917,4589,252,100168,1.38,69.4,35.7,N/A,N/A,N/A,N/A,N/A,N/A,N/A,N/A,N/A,N/A,14.3,0.93
4,SEEG,Website,Galaxy Watch6,N/A,N/A,N/A,266,92609,N/A,41.8,47.1,N/A,N/A,N/A,N/A,N/A,N/A,29905,41.6,202,2.85,9.1,0.88
4,SEEG,PR,Galaxy Watch6,N/A,N/A,0,N/A,N/A,N/A,71.1,52.4,N/A,N/A,N/A,N/A,22,27.7,N/A,N/A,N/A,N/A,8.0,0.95
4,SEEG,B2B Roadshow,Galaxy Watch6,7469,N/A,5227,67,21390,3.4,74.5,58.0,N/A,N/A,N/A,N/A,N/A,N/A,N/A,N/A,N/A,N/A,6.2,0.89
4,SEIL,Paid Social,Galaxy Z Fold8,602372,7388,20634,744,264046,1.36,41.6,41.2,N/A,N/A,N/A,N/A,N/A,N/A,N/A,N/A,N/A,N/A,16.2,0.89
4,SEIL,Influencer,Galaxy Z Fold8,N/A,N/A,5928,44,12196,4.38,49.1,37.6,Influencer_17,824094,4.38,N/A,N/A,N/A,N/A,N/A,N/A,N/A,10.6,0.87
4,SEIL,TV,Galaxy Z Fold8,N/A,N/A,27337,N/A,N/A,N/A,56.4,52.7,N/A,N/A,N/A,448,N/A,N/A,N/A,N/A,N/A,N/A,9.5,0.76
4,SEIL,Search,Galaxy Z Fold8,241548,4979,17531,643,339315,2.06,69.1,58.7,N/A,N/A,N/A,N/A,N/A,N/A,N/A,N/A,N/A,N/A,8.8,0.86
4,SEIL,Website,Galaxy Z Fold8,N/A,N/A,N/A,564,118274,N/A,43.9,48.1,N/A,N/A,N/A,N/A,N/A,N/A,46727,43.4,248,3.9,15.6,0.89
4,SEIL,PR,Galaxy Z Fold8,N/A,N/A,0,N/A,N/A,N/A,68.2,62.0,N/A,N/A,N/A,N/A,50,30.3,N/A,N/A,N/A,N/A,9.1,0.9
4,SEIL,B2B Roadshow,Galaxy Z Fold8,18816,N/A,5021,55,37255,3.17,71.3,62.6,N/A,N/A,N/A,N/A,N/A,N/A,N/A,N/A,N/A,N/A,9.7,0.93
4,SEIL,Paid Social,Galaxy Z Flip8,660192,5964,25072,455,145721,0.98,59.1,58.4,N/A,N/A,N/A,N/A,N/A,N/A,N/A,N/A,N/A,N/A,16.1,0.7
4,SEIL,Influencer,Galaxy Z Flip8,N/A,N/A,4841,39,14658,4.99,62.2,39.6,Influencer_18,875699,4.99,N/A,N/A,N/A,N/A,N/A,N/A,N/A,8.7,0.83
4,SEIL,TV,Galaxy Z Flip8,N/A,N/A,45654,N/A,N/A,N/A,70.3,53.5,N/A,N/A,N/A,415,N/A,N/A,N/A,N/A,N/A,N/A,14.0,0.9
4,SEIL,Search,Galaxy Z Flip8,478228,7211,18495,1119,590044,1.51,67.3,37.1,N/A,N/A,N/A,N/A,N/A,N/A,N/A,N/A,N/A,N/A,10.6,0.91
4,SEIL,Website,Galaxy Z Flip8,N/A,N/A,N/A,578,145876,N/A,44.0,41.3,N/A,N/A,N/A,N/A,N/A,N/A,54104,40.0,228,2.51,7.0,0.89
4,SEIL,PR,Galaxy Z Flip8,N/A,N/A,0,N/A,N/A,N/A,72.4,63.1,N/A,N/A,N/A,N/A,56,38.7,N/A,N/A,N/A,N/A,4.3,0.86
4,SEIL,B2B Roadshow,Galaxy Z Flip8,11340,N/A,4622,80,21991,5.51,57.2,61.3,N/A,N/A,N/A,N/A,N/A,N/A,N/A,N/A,N/A,N/A,6.5,0.85
4,SEIL,Paid Social,Galaxy S24,468914,4351,9600,264,99150,1.09,59.8,48.5,N/A,N/A,N/A,N/A,N/A,N/A,N/A,N/A,N/A,N/A,16.4,0.74
4,SEIL,Influencer,Galaxy S24,N/A,N/A,2764,6,1253,3.82,42.2,38.6,Influencer_17,289870,3.82,N/A,N/A,N/A,N/A,N/A,N/A,N/A,14.4,0.75
4,SEIL,TV,Galaxy S24,N/A,N/A,24903,N/A,N/A,N/A,76.9,57.6,N/A,N/A,N/A,411,N/A,N/A,N/A,N/A,N/A,N/A,17.1,0.73
4,SEIL,Search,Galaxy S24,215596,3713,5373,436,177025,1.72,69.7,41.0,N/A,N/A,N/A,N/A,N/A,N/A,N/A,N/A,N/A,N/A,9.8,0.9
4,SEIL,Website,Galaxy S24,N/A,N/A,N/A,634,234874,N/A,63.3,45.6,N/A,N/A,N/A,N/A,N/A,N/A,55801,31.9,230,3.73,9.8,0.76
4,SEIL,PR,Galaxy S24,N/A,N/A,0,N/A,N/A,N/A,76.2,44.9,N/A,N/A,N/A,N/A,33,41.2,N/A,N/A,N/A,N/A,10.6,0.86
4,SEIL,B2B Roadshow,Galaxy S24,7638,N/A,3210,60,12628,7.35,60.6,64.0,N/A,N/A,N/A,N/A,N/A,N/A,N/A,N/A,N/A,N/A,10.7,0.88
4,SEIL,Paid Social,Galaxy Tab S10,865403,11080,28948,899,283236,0.8,60.1,58.1,N/A,N/A,N/A,N/A,N/A,N/A,N/A,N/A,N/A,N/A,9.9,0.86
4,SEIL,Influencer,Galaxy Tab S10,N/A,N/A,6969,25,8634,3.64,57.4,47.8,Influencer_18,971555,3.64,N/A,N/A,N/A,N/A,N/A,N/A,N/A,10.3,0.94
4,SEIL,TV,Galaxy Tab S10,N/A,N/A,64262,N/A,N/A,N/A,74.4,63.6,N/A,N/A,N/A,772,N/A,N/A,N/A,N/A,N/A,N/A,16.4,0.78
4,SEIL,Search,Galaxy Tab S10,422389,8075,28392,1353,656825,1.91,63.5,35.2,N/A,N/A,N/A,N/A,N/A,N/A,N/A,N/A,N/A,N/A,9.9,0.79
4,SEIL,Website,Galaxy Tab S10,N/A,N/A,N/A,1130,352075,N/A,44.1,52.6,N/A,N/A,N/A,N/A,N/A,N/A,116743,27.3,211,2.87,13.0,0.77
4,SEIL,PR,Galaxy Tab S10,N/A,N/A,0,N/A,N/A,N/A,79.2,67.4,N/A,N/A,N/A,N/A,23,27.8,N/A,N/A,N/A,N/A,9.7,0.84
4,SEIL,B2B Roadshow,Galaxy Tab S10,19362,N/A,6901,168,62945,3.62,57.7,60.7,N/A,N/A,N/A,N/A,N/A,N/A,N/A,N/A,N/A,N/A,10.1,0.83
4,SEIL,Paid Social,Galaxy Buds3,1132285,11696,25373,1339,457381,1.22,60.3,41.1,N/A,N/A,N/A,N/A,N/A,N/A,N/A,N/A,N/A,N/A,14.6,0.88
4,SEIL,Influencer,Galaxy Buds3,N/A,N/A,9977,61,20196,4.75,42.2,31.8,Influencer_17,885684,4.75,N/A,N/A,N/A,N/A,N/A,N/A,N/A,9.7,0.77
4,SEIL,TV,Galaxy Buds3,N/A,N/A,68638,N/A,N/A,N/A,67.8,45.7,N/A,N/A,N/A,1021,N/A,N/A,N/A,N/A,N/A,N/A,18.9,0.83
4,SEIL,Search,Galaxy Buds3,481427,9885,29476,1361,340935,2.05,47.1,47.8,N/A,N/A,N/A,N/A,N/A,N/A,N/A,N/A,N/A,N/A,13.0,0.94
4,SEIL,Website,Galaxy Buds3,N/A,N/A,N/A,1895,756824,N/A,54.8,34.6,N/A,N/A,N/A,N/A,N/A,N/A,120613,43.7,182,3.28,10.0,0.85
4,SEIL,PR,Galaxy Buds3,N/A,N/A,0,N/A,N/A,N/A,76.4,52.2,N/A,N/A,N/A,N/A,102,32.5,N/A,N/A,N/A,N/A,4.8,0.91
4,SEIL,Paid Social,Galaxy Watch6,303078,3700,8808,369,133682,1.38,42.0,39.4,N/A,N/A,N/A,N/A,N/A,N/A,N/A,N/A,N/A,N/A,12.0,0.87
4,SEIL,Influencer,Galaxy Watch6,N/A,N/A,4288,56,19516,4.51,56.3,35.3,Influencer_17,940842,4.51,N/A,N/A,N/A,N/A,N/A,N/A,N/A,16.6,0.82
4,SEIL,TV,Galaxy Watch6,N/A,N/A,22996,N/A,N/A,N/A,71.3,61.3,N/A,N/A,N/A,437,N/A,N/A,N/A,N/A,N/A,N/A,16.0,0.73
4,SEIL,Search,Galaxy Watch6,206775,4252,11989,467,230933,2.06,68.4,38.4,N/A,N/A,N/A,N/A,N/A,N/A,N/A,N/A,N/A,N/A,5.6,0.84
4,SEIL,Website,Galaxy Watch6,N/A,N/A,N/A,817,365671,N/A,58.0,36.1,N/A,N/A,N/A,N/A,N/A,N/A,55318,40.2,250,2.61,15.2,0.88
4,SEIL,PR,Galaxy Watch6,N/A,N/A,0,N/A,N/A,N/A,59.3,63.6,N/A,N/A,N/A,N/A,47,26.8,N/A,N/A,N/A,N/A,8.0,0.93
4,SEIL,B2B Roadshow,Galaxy Watch6,10480,N/A,6748,64,14031,5.89,63.8,59.6,N/A,N/A,N/A,N/A,N/A,N/A,N/A,N/A,N/A,N/A,11.3,0.85
4,SEPAK,Paid Social,Galaxy Z Fold8,553028,7321,7378,504,183473,0.87,64.6,55.6,N/A,N/A,N/A,N/A,N/A,N/A,N/A,N/A,N/A,N/A,10.5,0.95
4,SEPAK,Influencer,Galaxy Z Fold8,N/A,N/A,2271,18,6158,5.74,63.6,27.5,Influencer_20,376394,5.74,N/A,N/A,N/A,N/A,N/A,N/A,N/A,12.0,0.82
4,SEPAK,TV,Galaxy Z Fold8,N/A,N/A,35058,N/A,N/A,N/A,56.7,59.1,N/A,N/A,N/A,537,N/A,N/A,N/A,N/A,N/A,N/A,10.5,0.74
4,SEPAK,Search,Galaxy Z Fold8,304773,5146,9391,747,270870,1.69,62.9,54.3,N/A,N/A,N/A,N/A,N/A,N/A,N/A,N/A,N/A,N/A,11.3,0.9
4,SEPAK,Website,Galaxy Z Fold8,N/A,N/A,N/A,645,234327,N/A,42.9,45.0,N/A,N/A,N/A,N/A,N/A,N/A,60049,32.3,180,2.67,15.1,0.79
4,SEPAK,PR,Galaxy Z Fold8,N/A,N/A,0,N/A,N/A,N/A,70.3,51.6,N/A,N/A,N/A,N/A,56,32.2,N/A,N/A,N/A,N/A,9.5,0.93
4,SEPAK,B2B Roadshow,Galaxy Z Fold8,9560,N/A,6145,60,34946,6.51,61.0,52.5,N/A,N/A,N/A,N/A,N/A,N/A,N/A,N/A,N/A,N/A,7.3,0.93
4,SEPAK,Paid Social,Galaxy Z Flip8,571227,7749,10834,561,182429,1.08,65.5,53.3,N/A,N/A,N/A,N/A,N/A,N/A,N/A,N/A,N/A,N/A,12.4,0.72
4,SEPAK,Influencer,Galaxy Z Flip8,N/A,N/A,5683,44,18746,5.0,41.4,43.8,Influencer_20,765163,5.0,N/A,N/A,N/A,N/A,N/A,N/A,N/A,8.0,0.92
4,SEPAK,TV,Galaxy Z Flip8,N/A,N/A,25075,N/A,N/A,N/A,66.9,61.0,N/A,N/A,N/A,241,N/A,N/A,N/A,N/A,N/A,N/A,9.1,0.75
4,SEPAK,Search,Galaxy Z Flip8,244873,4536,7725,618,312358,1.85,46.5,58.9,N/A,N/A,N/A,N/A,N/A,N/A,N/A,N/A,N/A,N/A,10.0,0.84
4,SEPAK,Website,Galaxy Z Flip8,N/A,N/A,N/A,531,231679,N/A,63.4,51.6,N/A,N/A,N/A,N/A,N/A,N/A,43495,25.0,226,2.57,8.9,0.85
4,SEPAK,PR,Galaxy Z Flip8,N/A,N/A,0,N/A,N/A,N/A,73.4,57.9,N/A,N/A,N/A,N/A,21,40.3,N/A,N/A,N/A,N/A,11.7,0.86
4,SEPAK,B2B Roadshow,Galaxy Z Flip8,16581,N/A,7182,39,13492,6.31,55.9,50.7,N/A,N/A,N/A,N/A,N/A,N/A,N/A,N/A,N/A,N/A,6.0,0.96
4,SEPAK,Paid Social,Galaxy S24,245132,3603,12692,303,90277,0.99,62.9,42.5,N/A,N/A,N/A,N/A,N/A,N/A,N/A,N/A,N/A,N/A,12.6,0.77
4,SEPAK,Influencer,Galaxy S24,N/A,N/A,1472,20,8059,3.9,63.4,28.3,Influencer_20,371252,3.9,N/A,N/A,N/A,N/A,N/A,N/A,N/A,8.8,0.88
4,SEPAK,TV,Galaxy S24,N/A,N/A,19061,N/A,N/A,N/A,70.4,45.8,N/A,N/A,N/A,289,N/A,N/A,N/A,N/A,N/A,N/A,12.1,0.85
4,SEPAK,Search,Galaxy S24,227253,4101,9500,665,229363,1.8,65.3,43.9,N/A,N/A,N/A,N/A,N/A,N/A,N/A,N/A,N/A,N/A,14.1,0.82
4,SEPAK,Website,Galaxy S24,N/A,N/A,N/A,315,71661,N/A,42.0,51.7,N/A,N/A,N/A,N/A,N/A,N/A,34161,36.0,166,2.99,13.8,0.78
4,SEPAK,PR,Galaxy S24,N/A,N/A,0,N/A,N/A,N/A,58.4,69.3,N/A,N/A,N/A,N/A,19,23.2,N/A,N/A,N/A,N/A,4.8,0.95
4,SEPAK,B2B Roadshow,Galaxy S24,5618,N/A,4439,42,14436,5.94,71.1,51.9,N/A,N/A,N/A,N/A,N/A,N/A,N/A,N/A,N/A,N/A,7.4,0.91
4,SEPAK,Paid Social,Galaxy Tab S10,518276,6147,25523,294,47625,1.02,63.6,35.2,N/A,N/A,N/A,N/A,N/A,N/A,N/A,N/A,N/A,N/A,15.7,0.87
4,SEPAK,Influencer,Galaxy Tab S10,N/A,N/A,7968,32,12086,4.58,43.0,44.6,Influencer_20,778469,4.58,N/A,N/A,N/A,N/A,N/A,N/A,N/A,13.9,0.88
4,SEPAK,TV,Galaxy Tab S10,N/A,N/A,31480,N/A,N/A,N/A,67.2,47.7,N/A,N/A,N/A,473,N/A,N/A,N/A,N/A,N/A,N/A,18.6,0.85
4,SEPAK,Search,Galaxy Tab S10,395251,7539,14529,1114,418277,1.91,57.0,45.4,N/A,N/A,N/A,N/A,N/A,N/A,N/A,N/A,N/A,N/A,8.6,0.85
4,SEPAK,Website,Galaxy Tab S10,N/A,N/A,N/A,753,231126,N/A,61.2,52.7,N/A,N/A,N/A,N/A,N/A,N/A,70075,43.8,208,2.96,10.1,0.81
4,SEPAK,PR,Galaxy Tab S10,N/A,N/A,0,N/A,N/A,N/A,57.9,50.8,N/A,N/A,N/A,N/A,24,42.0,N/A,N/A,N/A,N/A,3.6,0.89
4,SEPAK,B2B Roadshow,Galaxy Tab S10,10216,N/A,5341,88,38638,7.04,55.2,69.0,N/A,N/A,N/A,N/A,N/A,N/A,N/A,N/A,N/A,N/A,9.7,0.97
4,SEPAK,Paid Social,Galaxy Buds3,571526,6491,28874,615,196304,1.17,44.7,30.2,N/A,N/A,N/A,N/A,N/A,N/A,N/A,N/A,N/A,N/A,8.3,0.91
4,SEPAK,Influencer,Galaxy Buds3,N/A,N/A,7376,47,12843,3.99,57.4,52.5,Influencer_23,948851,3.99,N/A,N/A,N/A,N/A,N/A,N/A,N/A,15.0,0.93
4,SEPAK,TV,Galaxy Buds3,N/A,N/A,64610,N/A,N/A,N/A,68.2,56.2,N/A,N/A,N/A,750,N/A,N/A,N/A,N/A,N/A,N/A,19.2,0.85
4,SEPAK,Search,Galaxy Buds3,574472,12085,15728,1057,530426,2.1,58.4,58.2,N/A,N/A,N/A,N/A,N/A,N/A,N/A,N/A,N/A,N/A,9.2,0.84
4,SEPAK,Website,Galaxy Buds3,N/A,N/A,N/A,1750,497856,N/A,51.9,35.6,N/A,N/A,N/A,N/A,N/A,N/A,98926,38.6,180,2.94,6.0,0.86
4,SEPAK,PR,Galaxy Buds3,N/A,N/A,0,N/A,N/A,N/A,63.6,68.1,N/A,N/A,N/A,N/A,70,29.5,N/A,N/A,N/A,N/A,8.6,0.93
4,SEPAK,Paid Social,Galaxy Watch6,207429,3017,11199,134,20297,1.12,50.0,33.0,N/A,N/A,N/A,N/A,N/A,N/A,N/A,N/A,N/A,N/A,10.2,0.88
4,SEPAK,Influencer,Galaxy Watch6,N/A,N/A,2611,14,3155,2.53,50.6,28.6,Influencer_19,571754,2.53,N/A,N/A,N/A,N/A,N/A,N/A,N/A,8.0,0.85
4,SEPAK,TV,Galaxy Watch6,N/A,N/A,16079,N/A,N/A,N/A,69.4,46.7,N/A,N/A,N/A,316,N/A,N/A,N/A,N/A,N/A,N/A,12.3,0.78
4,SEPAK,Search,Galaxy Watch6,209829,4390,11030,707,199804,2.09,56.6,55.4,N/A,N/A,N/A,N/A,N/A,N/A,N/A,N/A,N/A,N/A,6.9,0.84
4,SEPAK,Website,Galaxy Watch6,N/A,N/A,N/A,344,144787,N/A,40.8,38.9,N/A,N/A,N/A,N/A,N/A,N/A,42752,39.2,178,2.78,13.4,0.91
4,SEPAK,PR,Galaxy Watch6,N/A,N/A,0,N/A,N/A,N/A,79.7,68.8,N/A,N/A,N/A,N/A,16,35.0,N/A,N/A,N/A,N/A,11.6,0.82
4,SEPAK,B2B Roadshow,Galaxy Watch6,10409,N/A,7506,40,9740,4.62,70.3,67.6,N/A,N/A,N/A,N/A,N/A,N/A,N/A,N/A,N/A,N/A,8.5,0.97
5,SGE,Paid Social,Galaxy Z Fold8,541653,7463,9375,364,64417,0.81,47.2,46.0,N/A,N/A,N/A,N/A,N/A,N/A,N/A,N/A,N/A,N/A,14.7,0.76
5,SGE,Influencer,Galaxy Z Fold8,N/A,N/A,4536,27,8918,4.0,45.2,39.6,Influencer_3,558760,4.0,N/A,N/A,N/A,N/A,N/A,N/A,N/A,14.1,0.8
5,SGE,TV,Galaxy Z Fold8,N/A,N/A,22995,N/A,N/A,N/A,67.8,48.7,N/A,N/A,N/A,443,N/A,N/A,N/A,N/A,N/A,N/A,16.2,0.89
5,SGE,Search,Galaxy Z Fold8,383813,5555,13835,554,255913,1.45,67.2,53.0,N/A,N/A,N/A,N/A,N/A,N/A,N/A,N/A,N/A,N/A,9.5,0.81
5,SGE,Website,Galaxy Z Fold8,N/A,N/A,N/A,411,95793,N/A,51.7,45.4,N/A,N/A,N/A,N/A,N/A,N/A,39957,25.8,199,3.89,6.4,0.76
5,SGE,PR,Galaxy Z Fold8,N/A,N/A,0,N/A,N/A,N/A,75.0,70.5,N/A,N/A,N/A,N/A,41,30.7,N/A,N/A,N/A,N/A,4.0,0.87
5,SGE,Paid Social,Galaxy Z Flip8,458991,5310,11809,341,74103,1.0,53.0,43.5,N/A,N/A,N/A,N/A,N/A,N/A,N/A,N/A,N/A,N/A,9.3,0.71
5,SGE,Influencer,Galaxy Z Flip8,N/A,N/A,7848,4,1142,2.68,44.9,43.2,Influencer_1,200561,2.68,N/A,N/A,N/A,N/A,N/A,N/A,N/A,10.8,0.8
5,SGE,TV,Galaxy Z Flip8,N/A,N/A,53644,N/A,N/A,N/A,63.4,45.3,N/A,N/A,N/A,505,N/A,N/A,N/A,N/A,N/A,N/A,15.0,0.86
5,SGE,Search,Galaxy Z Flip8,317674,4864,18837,750,320004,1.53,62.1,41.5,N/A,N/A,N/A,N/A,N/A,N/A,N/A,N/A,N/A,N/A,7.5,0.87
5,SGE,Website,Galaxy Z Flip8,N/A,N/A,N/A,893,207730,N/A,65.2,52.1,N/A,N/A,N/A,N/A,N/A,N/A,52985,39.9,180,2.56,13.7,0.78
5,SGE,PR,Galaxy Z Flip8,N/A,N/A,0,N/A,N/A,N/A,59.4,59.7,N/A,N/A,N/A,N/A,65,42.8,N/A,N/A,N/A,N/A,5.1,0.92
5,SGE,Paid Social,Galaxy S24,516911,4866,9794,211,41762,1.19,50.1,57.3,N/A,N/A,N/A,N/A,N/A,N/A,N/A,N/A,N/A,N/A,15.7,0.93
5,SGE,Influencer,Galaxy S24,N/A,N/A,5103,14,4631,4.07,51.0,40.7,Influencer_2,583791,4.07,N/A,N/A,N/A,N/A,N/A,N/A,N/A,16.0,0.91
5,SGE,TV,Galaxy S24,N/A,N/A,23540,N/A,N/A,N/A,61.9,66.7,N/A,N/A,N/A,405,N/A,N/A,N/A,N/A,N/A,N/A,10.5,0.91
5,SGE,Search,Galaxy S24,190826,3805,9333,586,216379,1.99,64.1,57.3,N/A,N/A,N/A,N/A,N/A,N/A,N/A,N/A,N/A,N/A,13.7,0.81
5,SGE,Website,Galaxy S24,N/A,N/A,N/A,794,313505,N/A,41.1,44.3,N/A,N/A,N/A,N/A,N/A,N/A,67132,33.0,219,2.81,11.4,0.75
5,SGE,PR,Galaxy S24,N/A,N/A,0,N/A,N/A,N/A,75.2,59.1,N/A,N/A,N/A,N/A,48,28.7,N/A,N/A,N/A,N/A,4.7,0.84
5,SGE,Paid Social,Galaxy Tab S10,751520,7424,13715,398,64238,0.97,43.7,35.4,N/A,N/A,N/A,N/A,N/A,N/A,N/A,N/A,N/A,N/A,16.1,0.93
5,SGE,Influencer,Galaxy Tab S10,N/A,N/A,4345,17,4470,4.75,40.0,44.5,Influencer_2,254022,4.75,N/A,N/A,N/A,N/A,N/A,N/A,N/A,12.8,0.94
5,SGE,TV,Galaxy Tab S10,N/A,N/A,44220,N/A,N/A,N/A,78.7,64.6,N/A,N/A,N/A,381,N/A,N/A,N/A,N/A,N/A,N/A,10.2,0.75
5,SGE,Search,Galaxy Tab S10,535260,8001,10243,1140,288559,1.49,55.9,53.8,N/A,N/A,N/A,N/A,N/A,N/A,N/A,N/A,N/A,N/A,7.5,0.82
5,SGE,Website,Galaxy Tab S10,N/A,N/A,N/A,600,266814,N/A,58.2,53.6,N/A,N/A,N/A,N/A,N/A,N/A,44891,40.6,177,3.58,8.1,0.86
5,SGE,PR,Galaxy Tab S10,N/A,N/A,0,N/A,N/A,N/A,77.9,51.5,N/A,N/A,N/A,N/A,82,41.5,N/A,N/A,N/A,N/A,4.4,0.89
5,SGE,Paid Social,Galaxy Buds3,1062006,14876,28701,780,162186,1.31,53.6,58.1,N/A,N/A,N/A,N/A,N/A,N/A,N/A,N/A,N/A,N/A,6.6,0.75
5,SGE,Influencer,Galaxy Buds3,N/A,N/A,8070,17,4320,3.16,45.0,34.3,Influencer_1,384665,3.16,N/A,N/A,N/A,N/A,N/A,N/A,N/A,15.4,0.91
5,SGE,TV,Galaxy Buds3,N/A,N/A,80309,N/A,N/A,N/A,56.7,44.3,N/A,N/A,N/A,570,N/A,N/A,N/A,N/A,N/A,N/A,9.9,0.9
5,SGE,Search,Galaxy Buds3,587682,7641,31348,716,340195,1.3,47.3,38.0,N/A,N/A,N/A,N/A,N/A,N/A,N/A,N/A,N/A,N/A,8.5,0.8
5,SGE,Website,Galaxy Buds3,N/A,N/A,N/A,930,335842,N/A,47.7,53.5,N/A,N/A,N/A,N/A,N/A,N/A,59542,25.9,213,3.66,11.5,0.89
5,SGE,PR,Galaxy Buds3,N/A,N/A,0,N/A,N/A,N/A,60.2,64.4,N/A,N/A,N/A,N/A,23,53.7,N/A,N/A,N/A,N/A,5.0,0.91
5,SGE,Paid Social,Galaxy Watch6,348492,3127,17504,348,123145,1.02,56.9,38.3,N/A,N/A,N/A,N/A,N/A,N/A,N/A,N/A,N/A,N/A,12.0,0.77
5,SGE,Influencer,Galaxy Watch6,N/A,N/A,1934,5,1445,2.57,51.8,50.1,Influencer_3,329054,2.57,N/A,N/A,N/A,N/A,N/A,N/A,N/A,7.9,0.93
5,SGE,TV,Galaxy Watch6,N/A,N/A,18153,N/A,N/A,N/A,65.7,46.2,N/A,N/A,N/A,296,N/A,N/A,N/A,N/A,N/A,N/A,14.9,0.77
5,SGE,Search,Galaxy Watch6,378827,6003,7867,775,424103,1.58,52.6,59.4,N/A,N/A,N/A,N/A,N/A,N/A,N/A,N/A,N/A,N/A,7.5,0.79
5,SGE,Website,Galaxy Watch6,N/A,N/A,N/A,494,212829,N/A,45.5,43.3,N/A,N/A,N/A,N/A,N/A,N/A,53900,43.4,161,3.41,11.5,0.87
5,SGE,PR,Galaxy Watch6,N/A,N/A,0,N/A,N/A,N/A,74.7,61.6,N/A,N/A,N/A,N/A,21,41.8,N/A,N/A,N/A,N/A,4.6,0.94
5,SESAR,Paid Social,Galaxy Z Fold8,321065,4627,12047,530,186920,1.3,44.8,31.1,N/A,N/A,N/A,N/A,N/A,N/A,N/A,N/A,N/A,N/A,16.7,0.74
5,SESAR,Influencer,Galaxy Z Fold8,N/A,N/A,3099,12,5268,3.62,65.8,49.4,Influencer_4,353709,3.62,N/A,N/A,N/A,N/A,N/A,N/A,N/A,7.6,0.84
5,SESAR,TV,Galaxy Z Fold8,N/A,N/A,24125,N/A,N/A,N/A,57.3,67.4,N/A,N/A,N/A,237,N/A,N/A,N/A,N/A,N/A,N/A,9.2,0.8
5,SESAR,Search,Galaxy Z Fold8,233706,3959,12885,591,221142,1.69,66.8,43.8,N/A,N/A,N/A,N/A,N/A,N/A,N/A,N/A,N/A,N/A,12.2,0.88
5,SESAR,Website,Galaxy Z Fold8,N/A,N/A,N/A,486,163944,N/A,61.5,39.6,N/A,N/A,N/A,N/A,N/A,N/A,41115,35.8,276,3.3,11.3,0.83
5,SESAR,PR,Galaxy Z Fold8,N/A,N/A,0,N/A,N/A,N/A,77.8,51.5,N/A,N/A,N/A,N/A,46,38.3,N/A,N/A,N/A,N/A,2.8,0.86
5,SESAR,Paid Social,Galaxy Z Flip8,454932,6804,9421,469,125917,0.89,45.8,58.3,N/A,N/A,N/A,N/A,N/A,N/A,N/A,N/A,N/A,N/A,9.8,0.91
5,SESAR,Influencer,Galaxy Z Flip8,N/A,N/A,7381,28,13763,4.11,63.9,32.3,Influencer_21,509012,4.11,N/A,N/A,N/A,N/A,N/A,N/A,N/A,14.8,0.76
5,SESAR,TV,Galaxy Z Flip8,N/A,N/A,29272,N/A,N/A,N/A,79.1,60.1,N/A,N/A,N/A,345,N/A,N/A,N/A,N/A,N/A,N/A,11.5,0.73
5,SESAR,Search,Galaxy Z Flip8,392001,6161,10104,901,245190,1.57,67.9,57.3,N/A,N/A,N/A,N/A,N/A,N/A,N/A,N/A,N/A,N/A,5.3,0.84
5,SESAR,Website,Galaxy Z Flip8,N/A,N/A,N/A,473,96075,N/A,45.6,48.6,N/A,N/A,N/A,N/A,N/A,N/A,45264,41.6,256,2.72,13.0,0.88
5,SESAR,PR,Galaxy Z Flip8,N/A,N/A,0,N/A,N/A,N/A,75.6,57.1,N/A,N/A,N/A,N/A,43,29.1,N/A,N/A,N/A,N/A,7.8,0.8
5,SESAR,Paid Social,Galaxy S24,279167,2537,6526,224,43320,0.91,54.4,43.7,N/A,N/A,N/A,N/A,N/A,N/A,N/A,N/A,N/A,N/A,16.9,0.81
5,SESAR,Influencer,Galaxy S24,N/A,N/A,3555,21,5632,5.72,64.4,33.2,Influencer_4,470589,5.72,N/A,N/A,N/A,N/A,N/A,N/A,N/A,7.4,0.83
5,SESAR,TV,Galaxy S24,N/A,N/A,19100,N/A,N/A,N/A,60.3,58.0,N/A,N/A,N/A,390,N/A,N/A,N/A,N/A,N/A,N/A,9.6,0.76
5,SESAR,Search,Galaxy S24,345558,7519,6264,1215,474494,2.18,54.8,51.5,N/A,N/A,N/A,N/A,N/A,N/A,N/A,N/A,N/A,N/A,12.4,0.81
5,SESAR,Website,Galaxy S24,N/A,N/A,N/A,713,177310,N/A,60.5,38.4,N/A,N/A,N/A,N/A,N/A,N/A,49345,27.2,169,3.04,7.9,0.78
5,SESAR,PR,Galaxy S24,N/A,N/A,0,N/A,N/A,N/A,72.4,64.9,N/A,N/A,N/A,N/A,16,17.0,N/A,N/A,N/A,N/A,4.8,0.89
5,SESAR,Paid Social,Galaxy Tab S10,626023,9080,14905,558,219944,1.2,59.4,54.7,N/A,N/A,N/A,N/A,N/A,N/A,N/A,N/A,N/A,N/A,6.0,0.78
5,SESAR,Influencer,Galaxy Tab S10,N/A,N/A,6867,9,2874,5.93,42.3,47.6,Influencer_5,208890,5.93,N/A,N/A,N/A,N/A,N/A,N/A,N/A,13.8,0.94
5,SESAR,TV,Galaxy Tab S10,N/A,N/A,27285,N/A,N/A,N/A,65.2,61.0,N/A,N/A,N/A,426,N/A,N/A,N/A,N/A,N/A,N/A,8.2,0.88
5,SESAR,Search,Galaxy Tab S10,284055,3475,16890,443,226215,1.22,47.9,39.5,N/A,N/A,N/A,N/A,N/A,N/A,N/A,N/A,N/A,N/A,11.1,0.79
5,SESAR,Website,Galaxy Tab S10,N/A,N/A,N/A,818,210956,N/A,45.0,54.1,N/A,N/A,N/A,N/A,N/A,N/A,46669,29.3,186,3.65,10.7,0.88
5,SESAR,PR,Galaxy Tab S10,N/A,N/A,0,N/A,N/A,N/A,66.0,65.6,N/A,N/A,N/A,N/A,64,52.9,N/A,N/A,N/A,N/A,5.1,0.86
5,SESAR,Paid Social,Galaxy Buds3,948764,13833,13310,1538,528370,1.07,48.8,49.3,N/A,N/A,N/A,N/A,N/A,N/A,N/A,N/A,N/A,N/A,6.4,0.74
5,SESAR,Influencer,Galaxy Buds3,N/A,N/A,3122,13,5994,2.84,52.9,54.1,Influencer_4,721690,2.84,N/A,N/A,N/A,N/A,N/A,N/A,N/A,14.3,0.77
5,SESAR,TV,Galaxy Buds3,N/A,N/A,36166,N/A,N/A,N/A,62.8,65.9,N/A,N/A,N/A,632,N/A,N/A,N/A,N/A,N/A,N/A,8.9,0.78
5,SESAR,Search,Galaxy Buds3,490488,7619,12330,746,359260,1.55,53.4,47.3,N/A,N/A,N/A,N/A,N/A,N/A,N/A,N/A,N/A,N/A,7.3,0.92
5,SESAR,Website,Galaxy Buds3,N/A,N/A,N/A,1190,527074,N/A,51.0,51.4,N/A,N/A,N/A,N/A,N/A,N/A,68408,34.8,243,3.79,14.7,0.77
5,SESAR,PR,Galaxy Buds3,N/A,N/A,0,N/A,N/A,N/A,73.1,53.8,N/A,N/A,N/A,N/A,66,40.4,N/A,N/A,N/A,N/A,2.8,0.87
5,SESAR,Paid Social,Galaxy Watch6,367988,3620,6699,324,100753,1.32,49.8,55.6,N/A,N/A,N/A,N/A,N/A,N/A,N/A,N/A,N/A,N/A,5.6,0.91
5,SESAR,Influencer,Galaxy Watch6,N/A,N/A,3135,24,6405,3.05,62.7,45.1,Influencer_5,594077,3.05,N/A,N/A,N/A,N/A,N/A,N/A,N/A,10.0,0.84
5,SESAR,TV,Galaxy Watch6,N/A,N/A,32534,N/A,N/A,N/A,75.5,45.2,N/A,N/A,N/A,430,N/A,N/A,N/A,N/A,N/A,N/A,9.2,0.74
5,SESAR,Search,Galaxy Watch6,254056,5000,8268,600,161604,1.97,55.6,50.6,N/A,N/A,N/A,N/A,N/A,N/A,N/A,N/A,N/A,N/A,6.9,0.9
5,SESAR,Website,Galaxy Watch6,N/A,N/A,N/A,350,73349,N/A,46.3,44.2,N/A,N/A,N/A,N/A,N/A,N/A,32492,28.1,270,2.72,15.4,0.89
5,SESAR,PR,Galaxy Watch6,N/A,N/A,0,N/A,N/A,N/A,66.5,56.8,N/A,N/A,N/A,N/A,13,43.1,N/A,N/A,N/A,N/A,6.3,0.81
5,SETK,Paid Social,Galaxy Z Fold8,453668,3702,12282,227,70125,0.86,44.6,43.2,N/A,N/A,N/A,N/A,N/A,N/A,N/A,N/A,N/A,N/A,9.1,0.88
5,SETK,Influencer,Galaxy Z Fold8,N/A,N/A,2433,16,3457,3.25,63.3,37.9,Influencer_6,750269,3.25,N/A,N/A,N/A,N/A,N/A,N/A,N/A,16.1,0.81
5,SETK,TV,Galaxy Z Fold8,N/A,N/A,20431,N/A,N/A,N/A,78.5,54.5,N/A,N/A,N/A,274,N/A,N/A,N/A,N/A,N/A,N/A,13.4,0.88
5,SETK,Search,Galaxy Z Fold8,316001,5172,10806,839,350930,1.64,69.3,40.5,N/A,N/A,N/A,N/A,N/A,N/A,N/A,N/A,N/A,N/A,11.5,0.87
5,SETK,Website,Galaxy Z Fold8,N/A,N/A,N/A,368,164345,N/A,63.4,53.3,N/A,N/A,N/A,N/A,N/A,N/A,32753,43.8,231,2.52,10.5,0.81
5,SETK,PR,Galaxy Z Fold8,N/A,N/A,0,N/A,N/A,N/A,75.6,70.7,N/A,N/A,N/A,N/A,34,22.9,N/A,N/A,N/A,N/A,10.5,0.94
5,SETK,Paid Social,Galaxy Z Flip8,593193,6611,22053,315,64466,1.49,55.1,47.4,N/A,N/A,N/A,N/A,N/A,N/A,N/A,N/A,N/A,N/A,7.5,0.79
5,SETK,Influencer,Galaxy Z Flip8,N/A,N/A,6103,26,5312,5.83,60.9,25.5,Influencer_6,419952,5.83,N/A,N/A,N/A,N/A,N/A,N/A,N/A,15.5,0.85
5,SETK,TV,Galaxy Z Flip8,N/A,N/A,27198,N/A,N/A,N/A,67.5,67.5,N/A,N/A,N/A,540,N/A,N/A,N/A,N/A,N/A,N/A,12.0,0.79
5,SETK,Search,Galaxy Z Flip8,416390,6769,14965,618,187095,1.63,57.7,39.9,N/A,N/A,N/A,N/A,N/A,N/A,N/A,N/A,N/A,N/A,10.4,0.87
5,SETK,Website,Galaxy Z Flip8,N/A,N/A,N/A,773,282068,N/A,64.4,52.6,N/A,N/A,N/A,N/A,N/A,N/A,71258,38.6,222,3.55,6.5,0.77
5,SETK,PR,Galaxy Z Flip8,N/A,N/A,0,N/A,N/A,N/A,57.9,69.3,N/A,N/A,N/A,N/A,22,17.7,N/A,N/A,N/A,N/A,2.9,0.92
5,SETK,Paid Social,Galaxy S24,392855,5692,7251,516,142333,1.36,62.5,56.6,N/A,N/A,N/A,N/A,N/A,N/A,N/A,N/A,N/A,N/A,8.0,0.89
5,SETK,Influencer,Galaxy S24,N/A,N/A,3251,25,7629,2.9,60.3,38.9,Influencer_24,599591,2.9,N/A,N/A,N/A,N/A,N/A,N/A,N/A,15.6,0.88
5,SETK,TV,Galaxy S24,N/A,N/A,26570,N/A,N/A,N/A,78.5,62.1,N/A,N/A,N/A,190,N/A,N/A,N/A,N/A,N/A,N/A,13.1,0.77
5,SETK,Search,Galaxy S24,306535,4489,11204,661,166074,1.46,69.7,36.3,N/A,N/A,N/A,N/A,N/A,N/A,N/A,N/A,N/A,N/A,5.2,0.91
5,SETK,Website,Galaxy S24,N/A,N/A,N/A,908,317787,N/A,65.3,34.8,N/A,N/A,N/A,N/A,N/A,N/A,56059,31.7,260,2.86,11.9,0.9
5,SETK,PR,Galaxy S24,N/A,N/A,0,N/A,N/A,N/A,81.0,55.8,N/A,N/A,N/A,N/A,43,27.9,N/A,N/A,N/A,N/A,8.6,0.86
5,SETK,Paid Social,Galaxy Tab S10,475086,5520,18761,322,105457,0.89,46.1,48.3,N/A,N/A,N/A,N/A,N/A,N/A,N/A,N/A,N/A,N/A,10.2,0.89
5,SETK,Influencer,Galaxy Tab S10,N/A,N/A,4018,16,3647,3.06,49.6,43.9,Influencer_6,779763,3.06,N/A,N/A,N/A,N/A,N/A,N/A,N/A,12.4,0.76
5,SETK,TV,Galaxy Tab S10,N/A,N/A,46761,N/A,N/A,N/A,79.3,56.8,N/A,N/A,N/A,619,N/A,N/A,N/A,N/A,N/A,N/A,7.3,0.87
5,SETK,Search,Galaxy Tab S10,383233,7030,15485,693,308909,1.83,52.5,40.3,N/A,N/A,N/A,N/A,N/A,N/A,N/A,N/A,N/A,N/A,12.6,0.9
5,SETK,Website,Galaxy Tab S10,N/A,N/A,N/A,1113,406038,N/A,57.0,44.5,N/A,N/A,N/A,N/A,N/A,N/A,70935,30.5,186,3.44,6.5,0.83
5,SETK,PR,Galaxy Tab S10,N/A,N/A,0,N/A,N/A,N/A,61.0,52.5,N/A,N/A,N/A,N/A,68,28.7,N/A,N/A,N/A,N/A,3.6,0.81
5,SETK,Paid Social,Galaxy Buds3,895684,9431,17873,672,183294,0.82,44.7,59.8,N/A,N/A,N/A,N/A,N/A,N/A,N/A,N/A,N/A,N/A,6.4,0.87
5,SETK,Influencer,Galaxy Buds3,N/A,N/A,6357,32,8126,4.72,36.8,30.4,Influencer_6,528817,4.72,N/A,N/A,N/A,N/A,N/A,N/A,N/A,12.2,0.87
5,SETK,TV,Galaxy Buds3,N/A,N/A,30457,N/A,N/A,N/A,79.4,67.3,N/A,N/A,N/A,437,N/A,N/A,N/A,N/A,N/A,N/A,12.8,0.84
5,SETK,Search,Galaxy Buds3,557188,6714,25741,1035,546454,1.2,51.8,36.2,N/A,N/A,N/A,N/A,N/A,N/A,N/A,N/A,N/A,N/A,5.2,0.86
5,SETK,Website,Galaxy Buds3,N/A,N/A,N/A,675,196575,N/A,46.5,48.2,N/A,N/A,N/A,N/A,N/A,N/A,66469,43.0,157,2.99,14.9,0.8
5,SETK,PR,Galaxy Buds3,N/A,N/A,0,N/A,N/A,N/A,59.8,63.7,N/A,N/A,N/A,N/A,76,31.0,N/A,N/A,N/A,N/A,7.9,0.87
5,SETK,Paid Social,Galaxy Watch6,438973,5035,13679,582,221501,0.98,48.4,56.4,N/A,N/A,N/A,N/A,N/A,N/A,N/A,N/A,N/A,N/A,14.1,0.94
5,SETK,Influencer,Galaxy Watch6,N/A,N/A,3710,34,14899,5.28,65.1,39.6,Influencer_7,811999,5.28,N/A,N/A,N/A,N/A,N/A,N/A,N/A,15.3,0.83
5,SETK,TV,Galaxy Watch6,N/A,N/A,22706,N/A,N/A,N/A,63.0,45.2,N/A,N/A,N/A,387,N/A,N/A,N/A,N/A,N/A,N/A,11.6,0.76
5,SETK,Search,Galaxy Watch6,230388,3626,5749,453,234126,1.57,71.0,41.8,N/A,N/A,N/A,N/A,N/A,N/A,N/A,N/A,N/A,N/A,8.7,0.88
5,SETK,Website,Galaxy Watch6,N/A,N/A,N/A,654,135695,N/A,45.6,36.1,N/A,N/A,N/A,N/A,N/A,N/A,56777,28.6,232,3.14,7.7,0.82
5,SETK,PR,Galaxy Watch6,N/A,N/A,0,N/A,N/A,N/A,60.6,54.0,N/A,N/A,N/A,N/A,18,38.4,N/A,N/A,N/A,N/A,2.1,0.85
5,SELV,Paid Social,Galaxy Z Fold8,409194,4898,12394,548,159144,1.07,60.6,46.8,N/A,N/A,N/A,N/A,N/A,N/A,N/A,N/A,N/A,N/A,6.7,0.77
5,SELV,Influencer,Galaxy Z Fold8,N/A,N/A,4561,22,9390,2.76,46.0,34.6,Influencer_8,903956,2.76,N/A,N/A,N/A,N/A,N/A,N/A,N/A,8.5,0.91
5,SELV,TV,Galaxy Z Fold8,N/A,N/A,34472,N/A,N/A,N/A,79.8,53.0,N/A,N/A,N/A,232,N/A,N/A,N/A,N/A,N/A,N/A,8.5,0.75
5,SELV,Search,Galaxy Z Fold8,259256,4643,9760,639,214391,1.79,63.1,56.9,N/A,N/A,N/A,N/A,N/A,N/A,N/A,N/A,N/A,N/A,13.9,0.93
5,SELV,Website,Galaxy Z Fold8,N/A,N/A,N/A,446,197004,N/A,41.4,41.7,N/A,N/A,N/A,N/A,N/A,N/A,47999,25.7,160,3.01,13.8,0.82
5,SELV,PR,Galaxy Z Fold8,N/A,N/A,0,N/A,N/A,N/A,76.3,56.0,N/A,N/A,N/A,N/A,31,23.2,N/A,N/A,N/A,N/A,7.0,0.85
5,SELV,Paid Social,Galaxy Z Flip8,677351,5642,17966,540,142368,1.39,71.5,34.6,N/A,N/A,N/A,N/A,N/A,N/A,N/A,N/A,N/A,N/A,10.0,0.85
5,SELV,Influencer,Galaxy Z Flip8,N/A,N/A,2544,7,3486,2.67,62.3,46.7,Influencer_9,434896,2.67,N/A,N/A,N/A,N/A,N/A,N/A,N/A,8.8,0.77
5,SELV,TV,Galaxy Z Flip8,N/A,N/A,44693,N/A,N/A,N/A,77.6,67.2,N/A,N/A,N/A,673,N/A,N/A,N/A,N/A,N/A,N/A,18.2,0.89
5,SELV,Search,Galaxy Z Flip8,359823,7496,9413,682,364285,2.08,48.9,43.7,N/A,N/A,N/A,N/A,N/A,N/A,N/A,N/A,N/A,N/A,10.5,0.91
5,SELV,Website,Galaxy Z Flip8,N/A,N/A,N/A,1055,454931,N/A,62.5,48.8,N/A,N/A,N/A,N/A,N/A,N/A,70435,36.7,180,2.69,14.4,0.92
5,SELV,PR,Galaxy Z Flip8,N/A,N/A,0,N/A,N/A,N/A,74.2,59.0,N/A,N/A,N/A,N/A,59,34.1,N/A,N/A,N/A,N/A,4.2,0.88
5,SELV,Paid Social,Galaxy S24,416324,6175,12401,628,169984,0.86,65.5,52.3,N/A,N/A,N/A,N/A,N/A,N/A,N/A,N/A,N/A,N/A,9.7,0.91
5,SELV,Influencer,Galaxy S24,N/A,N/A,2577,50,11127,4.76,51.3,31.4,Influencer_9,891515,4.76,N/A,N/A,N/A,N/A,N/A,N/A,N/A,13.2,0.84
5,SELV,TV,Galaxy S24,N/A,N/A,30378,N/A,N/A,N/A,67.2,51.0,N/A,N/A,N/A,272,N/A,N/A,N/A,N/A,N/A,N/A,16.8,0.87
5,SELV,Search,Galaxy S24,313194,6446,11118,972,434082,2.06,68.2,38.1,N/A,N/A,N/A,N/A,N/A,N/A,N/A,N/A,N/A,N/A,6.2,0.93
5,SELV,Website,Galaxy S24,N/A,N/A,N/A,981,409042,N/A,47.9,34.1,N/A,N/A,N/A,N/A,N/A,N/A,55295,35.3,252,2.78,8.6,0.91
5,SELV,PR,Galaxy S24,N/A,N/A,0,N/A,N/A,N/A,79.4,64.6,N/A,N/A,N/A,N/A,17,19.4,N/A,N/A,N/A,N/A,4.2,0.94
5,SELV,Paid Social,Galaxy Tab S10,493396,4868,22773,452,118948,0.99,70.3,33.5,N/A,N/A,N/A,N/A,N/A,N/A,N/A,N/A,N/A,N/A,10.7,0.74
5,SELV,Influencer,Galaxy Tab S10,N/A,N/A,2833,26,8084,4.28,38.0,36.5,Influencer_8,651777,4.28,N/A,N/A,N/A,N/A,N/A,N/A,N/A,15.8,0.79
5,SELV,TV,Galaxy Tab S10,N/A,N/A,34991,N/A,N/A,N/A,59.4,49.4,N/A,N/A,N/A,499,N/A,N/A,N/A,N/A,N/A,N/A,14.3,0.82
5,SELV,Search,Galaxy Tab S10,294726,5544,14978,975,307977,1.88,48.3,36.4,N/A,N/A,N/A,N/A,N/A,N/A,N/A,N/A,N/A,N/A,7.4,0.79
5,SELV,Website,Galaxy Tab S10,N/A,N/A,N/A,561,235984,N/A,43.5,48.3,N/A,N/A,N/A,N/A,N/A,N/A,52174,39.0,253,3.09,14.3,0.8
5,SELV,PR,Galaxy Tab S10,N/A,N/A,0,N/A,N/A,N/A,62.6,61.9,N/A,N/A,N/A,N/A,37,30.1,N/A,N/A,N/A,N/A,8.4,0.85
5,SELV,Paid Social,Galaxy Buds3,551790,4778,31339,538,164374,1.32,68.1,51.6,N/A,N/A,N/A,N/A,N/A,N/A,N/A,N/A,N/A,N/A,7.5,0.87
5,SELV,Influencer,Galaxy Buds3,N/A,N/A,7400,9,1834,3.66,50.7,35.0,Influencer_9,396444,3.66,N/A,N/A,N/A,N/A,N/A,N/A,N/A,8.3,0.8
5,SELV,TV,Galaxy Buds3,N/A,N/A,38548,N/A,N/A,N/A,72.0,63.8,N/A,N/A,N/A,534,N/A,N/A,N/A,N/A,N/A,N/A,14.1,0.91
5,SELV,Search,Galaxy Buds3,666316,8002,19921,1018,268296,1.2,47.4,52.5,N/A,N/A,N/A,N/A,N/A,N/A,N/A,N/A,N/A,N/A,7.6,0.82
5,SELV,Website,Galaxy Buds3,N/A,N/A,N/A,1233,291784,N/A,49.4,42.3,N/A,N/A,N/A,N/A,N/A,N/A,127542,26.9,227,3.71,9.0,0.85
5,SELV,PR,Galaxy Buds3,N/A,N/A,0,N/A,N/A,N/A,69.0,66.7,N/A,N/A,N/A,N/A,90,32.6,N/A,N/A,N/A,N/A,4.7,0.85
5,SELV,Paid Social,Galaxy Watch6,424320,5695,17336,448,97432,1.16,61.7,35.4,N/A,N/A,N/A,N/A,N/A,N/A,N/A,N/A,N/A,N/A,10.4,0.76
5,SELV,Influencer,Galaxy Watch6,N/A,N/A,2750,26,10627,4.24,49.4,31.2,Influencer_9,574545,4.24,N/A,N/A,N/A,N/A,N/A,N/A,N/A,7.4,0.93
5,SELV,TV,Galaxy Watch6,N/A,N/A,30116,N/A,N/A,N/A,57.7,49.3,N/A,N/A,N/A,399,N/A,N/A,N/A,N/A,N/A,N/A,14.5,0.83
5,SELV,Search,Galaxy Watch6,294550,6442,14995,628,328505,2.19,55.7,43.8,N/A,N/A,N/A,N/A,N/A,N/A,N/A,N/A,N/A,N/A,10.3,0.93
5,SELV,Website,Galaxy Watch6,N/A,N/A,N/A,525,110394,N/A,44.1,49.9,N/A,N/A,N/A,N/A,N/A,N/A,47414,35.4,237,3.75,11.2,0.89
5,SELV,PR,Galaxy Watch6,N/A,N/A,0,N/A,N/A,N/A,81.7,58.5,N/A,N/A,N/A,N/A,35,23.7,N/A,N/A,N/A,N/A,8.2,0.87
5,SEMAG,Paid Social,Galaxy Z Fold8,245973,2868,9134,257,81232,1.01,51.1,55.0,N/A,N/A,N/A,N/A,N/A,N/A,N/A,N/A,N/A,N/A,5.7,0.71
5,SEMAG,Influencer,Galaxy Z Fold8,N/A,N/A,2975,19,6252,2.93,56.3,25.0,Influencer_12,821880,2.93,N/A,N/A,N/A,N/A,N/A,N/A,N/A,9.0,0.82
5,SEMAG,TV,Galaxy Z Fold8,N/A,N/A,20639,N/A,N/A,N/A,76.5,59.1,N/A,N/A,N/A,340,N/A,N/A,N/A,N/A,N/A,N/A,16.2,0.75
5,SEMAG,Search,Galaxy Z Fold8,146663,2805,6236,503,155436,1.91,61.6,37.5,N/A,N/A,N/A,N/A,N/A,N/A,N/A,N/A,N/A,N/A,7.0,0.86
5,SEMAG,Website,Galaxy Z Fold8,N/A,N/A,N/A,430,158938,N/A,43.5,36.5,N/A,N/A,N/A,N/A,N/A,N/A,41004,32.7,252,3.95,8.5,0.81
5,SEMAG,PR,Galaxy Z Fold8,N/A,N/A,0,N/A,N/A,N/A,79.4,66.1,N/A,N/A,N/A,N/A,39,28.1,N/A,N/A,N/A,N/A,3.3,0.92
5,SEMAG,Paid Social,Galaxy Z Flip8,402314,3600,19228,201,45476,1.01,70.3,44.8,N/A,N/A,N/A,N/A,N/A,N/A,N/A,N/A,N/A,N/A,7.7,0.9
5,SEMAG,Influencer,Galaxy Z Flip8,N/A,N/A,4220,10,3511,2.99,57.1,35.7,Influencer_12,300707,2.99,N/A,N/A,N/A,N/A,N/A,N/A,N/A,10.0,0.84
5,SEMAG,TV,Galaxy Z Flip8,N/A,N/A,36264,N/A,N/A,N/A,55.7,56.5,N/A,N/A,N/A,405,N/A,N/A,N/A,N/A,N/A,N/A,18.5,0.8
5,SEMAG,Search,Galaxy Z Flip8,443882,5950,12691,944,400347,1.34,56.3,51.0,N/A,N/A,N/A,N/A,N/A,N/A,N/A,N/A,N/A,N/A,13.1,0.92
5,SEMAG,Website,Galaxy Z Flip8,N/A,N/A,N/A,565,168463,N/A,60.1,43.0,N/A,N/A,N/A,N/A,N/A,N/A,36347,33.1,151,3.19,13.9,0.77
5,SEMAG,PR,Galaxy Z Flip8,N/A,N/A,0,N/A,N/A,N/A,73.7,54.3,N/A,N/A,N/A,N/A,34,39.9,N/A,N/A,N/A,N/A,2.9,0.85
5,SEMAG,Paid Social,Galaxy S24,319781,4104,5947,204,60415,1.16,64.0,52.0,N/A,N/A,N/A,N/A,N/A,N/A,N/A,N/A,N/A,N/A,11.7,0.84
5,SEMAG,Influencer,Galaxy S24,N/A,N/A,3626,12,2957,3.28,55.3,46.6,Influencer_12,343028,3.28,N/A,N/A,N/A,N/A,N/A,N/A,N/A,15.9,0.91
5,SEMAG,TV,Galaxy S24,N/A,N/A,18339,N/A,N/A,N/A,56.7,46.3,N/A,N/A,N/A,194,N/A,N/A,N/A,N/A,N/A,N/A,17.6,0.82
5,SEMAG,Search,Galaxy S24,182582,2563,10846,211,84767,1.4,56.8,58.7,N/A,N/A,N/A,N/A,N/A,N/A,N/A,N/A,N/A,N/A,7.7,0.86
5,SEMAG,Website,Galaxy S24,N/A,N/A,N/A,510,209319,N/A,56.4,40.8,N/A,N/A,N/A,N/A,N/A,N/A,31501,35.9,262,3.79,11.9,0.78
5,SEMAG,PR,Galaxy S24,N/A,N/A,0,N/A,N/A,N/A,76.0,59.7,N/A,N/A,N/A,N/A,21,20.1,N/A,N/A,N/A,N/A,6.3,0.85
5,SEMAG,Paid Social,Galaxy Tab S10,541862,4714,19948,374,118529,1.07,63.4,34.2,N/A,N/A,N/A,N/A,N/A,N/A,N/A,N/A,N/A,N/A,10.5,0.81
5,SEMAG,Influencer,Galaxy Tab S10,N/A,N/A,4859,18,6734,4.1,37.5,44.5,Influencer_22,497189,4.1,N/A,N/A,N/A,N/A,N/A,N/A,N/A,13.1,0.84
5,SEMAG,TV,Galaxy Tab S10,N/A,N/A,33944,N/A,N/A,N/A,58.5,64.6,N/A,N/A,N/A,568,N/A,N/A,N/A,N/A,N/A,N/A,12.5,0.72
5,SEMAG,Search,Galaxy Tab S10,244163,3803,16886,384,199973,1.56,60.1,48.3,N/A,N/A,N/A,N/A,N/A,N/A,N/A,N/A,N/A,N/A,6.6,0.8
5,SEMAG,Website,Galaxy Tab S10,N/A,N/A,N/A,758,314316,N/A,42.7,51.0,N/A,N/A,N/A,N/A,N/A,N/A,60224,27.8,227,3.89,10.3,0.92
5,SEMAG,PR,Galaxy Tab S10,N/A,N/A,0,N/A,N/A,N/A,71.9,69.2,N/A,N/A,N/A,N/A,61,44.8,N/A,N/A,N/A,N/A,9.0,0.88
5,SEMAG,Paid Social,Galaxy Buds3,482675,6218,26599,723,171368,1.23,54.6,32.3,N/A,N/A,N/A,N/A,N/A,N/A,N/A,N/A,N/A,N/A,15.7,0.74
5,SEMAG,Influencer,Galaxy Buds3,N/A,N/A,7279,25,10699,2.87,65.9,49.3,Influencer_22,897576,2.87,N/A,N/A,N/A,N/A,N/A,N/A,N/A,13.8,0.8
5,SEMAG,TV,Galaxy Buds3,N/A,N/A,35191,N/A,N/A,N/A,77.3,61.4,N/A,N/A,N/A,656,N/A,N/A,N/A,N/A,N/A,N/A,12.0,0.73
5,SEMAG,Search,Galaxy Buds3,527690,7654,9542,1260,342549,1.45,66.1,50.7,N/A,N/A,N/A,N/A,N/A,N/A,N/A,N/A,N/A,N/A,12.6,0.93
5,SEMAG,Website,Galaxy Buds3,N/A,N/A,N/A,710,221787,N/A,53.3,47.0,N/A,N/A,N/A,N/A,N/A,N/A,78279,27.7,201,2.79,7.8,0.88
5,SEMAG,PR,Galaxy Buds3,N/A,N/A,0,N/A,N/A,N/A,77.7,50.8,N/A,N/A,N/A,N/A,62,49.4,N/A,N/A,N/A,N/A,7.2,0.9
5,SEMAG,Paid Social,Galaxy Watch6,361491,3135,5562,328,122449,1.05,54.7,47.4,N/A,N/A,N/A,N/A,N/A,N/A,N/A,N/A,N/A,N/A,6.4,0.75
5,SEMAG,Influencer,Galaxy Watch6,N/A,N/A,3002,31,8129,4.75,61.3,40.0,Influencer_11,963660,4.75,N/A,N/A,N/A,N/A,N/A,N/A,N/A,10.1,0.93
5,SEMAG,TV,Galaxy Watch6,N/A,N/A,16589,N/A,N/A,N/A,56.7,53.2,N/A,N/A,N/A,344,N/A,N/A,N/A,N/A,N/A,N/A,11.5,0.73
5,SEMAG,Search,Galaxy Watch6,144911,1923,11452,211,60214,1.33,52.8,50.5,N/A,N/A,N/A,N/A,N/A,N/A,N/A,N/A,N/A,N/A,8.0,0.82
5,SEMAG,Website,Galaxy Watch6,N/A,N/A,N/A,644,169272,N/A,44.9,37.2,N/A,N/A,N/A,N/A,N/A,N/A,37398,39.1,167,3.81,10.8,0.79
5,SEMAG,PR,Galaxy Watch6,N/A,N/A,0,N/A,N/A,N/A,70.0,56.0,N/A,N/A,N/A,N/A,36,43.0,N/A,N/A,N/A,N/A,2.5,0.91
5,SEEG,Paid Social,Galaxy Z Fold8,251158,3033,9278,279,44101,1.09,48.5,57.6,N/A,N/A,N/A,N/A,N/A,N/A,N/A,N/A,N/A,N/A,6.2,0.75
5,SEEG,Influencer,Galaxy Z Fold8,N/A,N/A,3795,44,9622,5.73,51.3,49.2,Influencer_13,545620,5.73,N/A,N/A,N/A,N/A,N/A,N/A,N/A,12.1,0.87
5,SEEG,TV,Galaxy Z Fold8,N/A,N/A,14542,N/A,N/A,N/A,79.5,66.2,N/A,N/A,N/A,259,N/A,N/A,N/A,N/A,N/A,N/A,14.2,0.84
5,SEEG,Search,Galaxy Z Fold8,154014,3215,11559,561,185776,2.09,48.0,36.4,N/A,N/A,N/A,N/A,N/A,N/A,N/A,N/A,N/A,N/A,9.6,0.88
5,SEEG,Website,Galaxy Z Fold8,N/A,N/A,N/A,612,241975,N/A,42.4,49.3,N/A,N/A,N/A,N/A,N/A,N/A,47951,42.5,208,2.53,13.6,0.85
5,SEEG,PR,Galaxy Z Fold8,N/A,N/A,0,N/A,N/A,N/A,75.9,59.8,N/A,N/A,N/A,N/A,30,35.5,N/A,N/A,N/A,N/A,2.5,0.92
5,SEEG,Paid Social,Galaxy Z Flip8,583611,5180,17540,434,77640,0.88,61.0,58.1,N/A,N/A,N/A,N/A,N/A,N/A,N/A,N/A,N/A,N/A,9.7,0.79
5,SEEG,Influencer,Galaxy Z Flip8,N/A,N/A,5278,7,2267,3.31,59.1,49.2,Influencer_14,449739,3.31,N/A,N/A,N/A,N/A,N/A,N/A,N/A,11.9,0.76
5,SEEG,TV,Galaxy Z Flip8,N/A,N/A,20908,N/A,N/A,N/A,73.0,62.8,N/A,N/A,N/A,571,N/A,N/A,N/A,N/A,N/A,N/A,7.9,0.75
5,SEEG,Search,Galaxy Z Flip8,266410,3949,13697,454,202739,1.48,53.1,42.8,N/A,N/A,N/A,N/A,N/A,N/A,N/A,N/A,N/A,N/A,10.5,0.86
5,SEEG,Website,Galaxy Z Flip8,N/A,N/A,N/A,649,142192,N/A,59.4,38.9,N/A,N/A,N/A,N/A,N/A,N/A,44577,43.8,202,3.24,14.7,0.79
5,SEEG,PR,Galaxy Z Flip8,N/A,N/A,0,N/A,N/A,N/A,77.0,53.3,N/A,N/A,N/A,N/A,39,43.2,N/A,N/A,N/A,N/A,7.9,0.88
5,SEEG,Paid Social,Galaxy S24,288118,2948,13383,236,38585,1.43,63.7,49.7,N/A,N/A,N/A,N/A,N/A,N/A,N/A,N/A,N/A,N/A,8.9,0.75
5,SEEG,Influencer,Galaxy S24,N/A,N/A,4084,26,6157,3.31,58.2,48.6,Influencer_14,746302,3.31,N/A,N/A,N/A,N/A,N/A,N/A,N/A,6.9,0.8
5,SEEG,TV,Galaxy S24,N/A,N/A,26484,N/A,N/A,N/A,74.1,66.3,N/A,N/A,N/A,329,N/A,N/A,N/A,N/A,N/A,N/A,7.3,0.89
5,SEEG,Search,Galaxy S24,198771,2937,10164,323,174267,1.48,48.5,56.9,N/A,N/A,N/A,N/A,N/A,N/A,N/A,N/A,N/A,N/A,8.5,0.78
5,SEEG,Website,Galaxy S24,N/A,N/A,N/A,533,112518,N/A,54.3,46.5,N/A,N/A,N/A,N/A,N/A,N/A,45065,29.1,197,3.49,5.8,0.89
5,SEEG,PR,Galaxy S24,N/A,N/A,0,N/A,N/A,N/A,76.4,54.4,N/A,N/A,N/A,N/A,9,42.3,N/A,N/A,N/A,N/A,9.5,0.84
5,SEEG,Paid Social,Galaxy Tab S10,604093,7331,8704,493,176153,1.1,55.3,52.9,N/A,N/A,N/A,N/A,N/A,N/A,N/A,N/A,N/A,N/A,14.3,0.71
5,SEEG,Influencer,Galaxy Tab S10,N/A,N/A,6012,43,12307,3.86,66.2,41.0,Influencer_14,780170,3.86,N/A,N/A,N/A,N/A,N/A,N/A,N/A,10.7,0.89
5,SEEG,TV,Galaxy Tab S10,N/A,N/A,43204,N/A,N/A,N/A,59.1,52.0,N/A,N/A,N/A,359,N/A,N/A,N/A,N/A,N/A,N/A,15.9,0.9
5,SEEG,Search,Galaxy Tab S10,249168,5251,12957,839,449108,2.11,49.1,41.7,N/A,N/A,N/A,N/A,N/A,N/A,N/A,N/A,N/A,N/A,9.9,0.83
5,SEEG,Website,Galaxy Tab S10,N/A,N/A,N/A,575,154426,N/A,61.3,45.2,N/A,N/A,N/A,N/A,N/A,N/A,68661,30.4,214,3.67,6.7,0.85
5,SEEG,PR,Galaxy Tab S10,N/A,N/A,0,N/A,N/A,N/A,78.7,57.1,N/A,N/A,N/A,N/A,40,50.1,N/A,N/A,N/A,N/A,2.2,0.8
5,SEEG,Paid Social,Galaxy Buds3,467460,6900,24960,628,181587,1.09,59.9,33.4,N/A,N/A,N/A,N/A,N/A,N/A,N/A,N/A,N/A,N/A,16.3,0.84
5,SEEG,Influencer,Galaxy Buds3,N/A,N/A,8346,26,7224,3.13,51.3,31.8,Influencer_14,661834,3.13,N/A,N/A,N/A,N/A,N/A,N/A,N/A,8.2,0.92
5,SEEG,TV,Galaxy Buds3,N/A,N/A,29923,N/A,N/A,N/A,57.9,43.5,N/A,N/A,N/A,466,N/A,N/A,N/A,N/A,N/A,N/A,15.2,0.89
5,SEEG,Search,Galaxy Buds3,543625,8248,15721,709,329234,1.52,53.5,41.9,N/A,N/A,N/A,N/A,N/A,N/A,N/A,N/A,N/A,N/A,11.1,0.92
5,SEEG,Website,Galaxy Buds3,N/A,N/A,N/A,1161,245183,N/A,52.1,42.8,N/A,N/A,N/A,N/A,N/A,N/A,86680,29.7,177,2.62,7.9,0.81
5,SEEG,PR,Galaxy Buds3,N/A,N/A,0,N/A,N/A,N/A,74.5,47.8,N/A,N/A,N/A,N/A,59,49.9,N/A,N/A,N/A,N/A,5.8,0.85
5,SEEG,Paid Social,Galaxy Watch6,230825,2374,10711,158,39821,1.26,56.6,60.2,N/A,N/A,N/A,N/A,N/A,N/A,N/A,N/A,N/A,N/A,13.0,0.74
5,SEEG,Influencer,Galaxy Watch6,N/A,N/A,3528,15,5740,5.76,60.7,40.3,Influencer_14,505002,5.76,N/A,N/A,N/A,N/A,N/A,N/A,N/A,14.3,0.85
5,SEEG,TV,Galaxy Watch6,N/A,N/A,30648,N/A,N/A,N/A,63.6,47.9,N/A,N/A,N/A,343,N/A,N/A,N/A,N/A,N/A,N/A,17.0,0.73
5,SEEG,Search,Galaxy Watch6,306345,4135,5656,725,389750,1.35,71.8,49.6,N/A,N/A,N/A,N/A,N/A,N/A,N/A,N/A,N/A,N/A,14.0,0.88
5,SEEG,Website,Galaxy Watch6,N/A,N/A,N/A,631,145325,N/A,57.5,43.0,N/A,N/A,N/A,N/A,N/A,N/A,47159,42.6,163,3.41,8.7,0.79
5,SEEG,PR,Galaxy Watch6,N/A,N/A,0,N/A,N/A,N/A,63.6,52.1,N/A,N/A,N/A,N/A,41,23.8,N/A,N/A,N/A,N/A,8.9,0.86
5,SEIL,Paid Social,Galaxy Z Fold8,387964,3958,8284,377,98491,1.47,54.8,33.4,N/A,N/A,N/A,N/A,N/A,N/A,N/A,N/A,N/A,N/A,12.2,0.72
5,SEIL,Influencer,Galaxy Z Fold8,N/A,N/A,2565,35,11397,4.19,53.6,49.8,Influencer_17,885066,4.19,N/A,N/A,N/A,N/A,N/A,N/A,N/A,7.8,0.86
5,SEIL,TV,Galaxy Z Fold8,N/A,N/A,29773,N/A,N/A,N/A,69.6,46.0,N/A,N/A,N/A,390,N/A,N/A,N/A,N/A,N/A,N/A,10.1,0.78
5,SEIL,Search,Galaxy Z Fold8,243885,3214,12276,392,213629,1.32,61.4,51.3,N/A,N/A,N/A,N/A,N/A,N/A,N/A,N/A,N/A,N/A,12.0,0.92
5,SEIL,Website,Galaxy Z Fold8,N/A,N/A,N/A,468,107732,N/A,44.2,30.9,N/A,N/A,N/A,N/A,N/A,N/A,57494,30.3,270,3.61,9.8,0.87
5,SEIL,PR,Galaxy Z Fold8,N/A,N/A,0,N/A,N/A,N/A,79.2,69.0,N/A,N/A,N/A,N/A,14,19.0,N/A,N/A,N/A,N/A,10.1,0.86
5,SEIL,Paid Social,Galaxy Z Flip8,559857,7210,15679,699,125650,1.43,69.5,48.7,N/A,N/A,N/A,N/A,N/A,N/A,N/A,N/A,N/A,N/A,12.9,0.95
5,SEIL,Influencer,Galaxy Z Flip8,N/A,N/A,4650,20,9464,5.09,55.4,47.2,Influencer_18,277335,5.09,N/A,N/A,N/A,N/A,N/A,N/A,N/A,10.9,0.9
5,SEIL,TV,Galaxy Z Flip8,N/A,N/A,30570,N/A,N/A,N/A,59.6,61.6,N/A,N/A,N/A,609,N/A,N/A,N/A,N/A,N/A,N/A,18.0,0.91
5,SEIL,Search,Galaxy Z Flip8,270843,3662,8075,510,184090,1.35,63.2,45.0,N/A,N/A,N/A,N/A,N/A,N/A,N/A,N/A,N/A,N/A,8.9,0.86
5,SEIL,Website,Galaxy Z Flip8,N/A,N/A,N/A,1189,266603,N/A,53.9,43.1,N/A,N/A,N/A,N/A,N/A,N/A,68203,30.9,237,2.57,10.6,0.92
5,SEIL,PR,Galaxy Z Flip8,N/A,N/A,0,N/A,N/A,N/A,65.5,50.5,N/A,N/A,N/A,N/A,44,24.7,N/A,N/A,N/A,N/A,3.3,0.93
5,SEIL,Paid Social,Galaxy S24,464705,6587,9923,490,107586,1.42,51.9,41.4,N/A,N/A,N/A,N/A,N/A,N/A,N/A,N/A,N/A,N/A,7.5,0.77
5,SEIL,Influencer,Galaxy S24,N/A,N/A,2302,17,8080,3.28,66.2,47.6,Influencer_17,660237,3.28,N/A,N/A,N/A,N/A,N/A,N/A,N/A,15.7,0.88
5,SEIL,TV,Galaxy S24,N/A,N/A,20601,N/A,N/A,N/A,60.2,63.5,N/A,N/A,N/A,235,N/A,N/A,N/A,N/A,N/A,N/A,16.1,0.73
5,SEIL,Search,Galaxy S24,168438,3638,14536,486,149950,2.16,59.2,56.1,N/A,N/A,N/A,N/A,N/A,N/A,N/A,N/A,N/A,N/A,8.3,0.83
5,SEIL,Website,Galaxy S24,N/A,N/A,N/A,851,281020,N/A,58.9,53.0,N/A,N/A,N/A,N/A,N/A,N/A,55598,41.6,225,3.88,6.7,0.91
5,SEIL,PR,Galaxy S24,N/A,N/A,0,N/A,N/A,N/A,79.1,70.8,N/A,N/A,N/A,N/A,43,22.9,N/A,N/A,N/A,N/A,8.6,0.82
5,SEIL,Paid Social,Galaxy Tab S10,539791,7354,15189,722,167344,1.15,50.8,49.9,N/A,N/A,N/A,N/A,N/A,N/A,N/A,N/A,N/A,N/A,11.7,0.89
5,SEIL,Influencer,Galaxy Tab S10,N/A,N/A,2609,30,14391,3.6,60.3,34.5,Influencer_16,921354,3.6,N/A,N/A,N/A,N/A,N/A,N/A,N/A,14.9,0.88
5,SEIL,TV,Galaxy Tab S10,N/A,N/A,25463,N/A,N/A,N/A,70.9,42.7,N/A,N/A,N/A,696,N/A,N/A,N/A,N/A,N/A,N/A,8.6,0.8
5,SEIL,Search,Galaxy Tab S10,327168,6128,14719,778,307583,1.87,51.7,47.9,N/A,N/A,N/A,N/A,N/A,N/A,N/A,N/A,N/A,N/A,6.2,0.88
5,SEIL,Website,Galaxy Tab S10,N/A,N/A,N/A,849,351731,N/A,53.3,45.3,N/A,N/A,N/A,N/A,N/A,N/A,48530,40.0,150,3.15,12.6,0.76
5,SEIL,PR,Galaxy Tab S10,N/A,N/A,0,N/A,N/A,N/A,73.3,51.9,N/A,N/A,N/A,N/A,40,43.4,N/A,N/A,N/A,N/A,5.1,0.88
5,SEIL,Paid Social,Galaxy Buds3,624124,8828,20577,971,307801,1.14,61.4,48.9,N/A,N/A,N/A,N/A,N/A,N/A,N/A,N/A,N/A,N/A,12.0,0.77
5,SEIL,Influencer,Galaxy Buds3,N/A,N/A,9643,23,7495,5.87,49.9,32.4,Influencer_18,317825,5.87,N/A,N/A,N/A,N/A,N/A,N/A,N/A,10.7,0.79
5,SEIL,TV,Galaxy Buds3,N/A,N/A,53442,N/A,N/A,N/A,57.8,59.9,N/A,N/A,N/A,774,N/A,N/A,N/A,N/A,N/A,N/A,15.5,0.87
5,SEIL,Search,Galaxy Buds3,581298,11859,27329,1661,757692,2.04,47.7,42.2,N/A,N/A,N/A,N/A,N/A,N/A,N/A,N/A,N/A,N/A,6.9,0.92
5,SEIL,Website,Galaxy Buds3,N/A,N/A,N/A,936,367800,N/A,61.2,40.6,N/A,N/A,N/A,N/A,N/A,N/A,108788,30.2,231,3.12,8.1,0.76
5,SEIL,PR,Galaxy Buds3,N/A,N/A,0,N/A,N/A,N/A,66.0,66.5,N/A,N/A,N/A,N/A,86,46.8,N/A,N/A,N/A,N/A,4.8,0.87
5,SEIL,Paid Social,Galaxy Watch6,420081,5935,15521,335,102617,1.46,60.9,40.9,N/A,N/A,N/A,N/A,N/A,N/A,N/A,N/A,N/A,N/A,12.8,0.7
5,SEIL,Influencer,Galaxy Watch6,N/A,N/A,1962,15,4499,5.31,47.1,48.0,Influencer_16,222143,5.31,N/A,N/A,N/A,N/A,N/A,N/A,N/A,7.1,0.76
5,SEIL,TV,Galaxy Watch6,N/A,N/A,22990,N/A,N/A,N/A,68.4,67.1,N/A,N/A,N/A,306,N/A,N/A,N/A,N/A,N/A,N/A,17.1,0.8
5,SEIL,Search,Galaxy Watch6,355080,5075,8026,868,303323,1.43,52.4,53.8,N/A,N/A,N/A,N/A,N/A,N/A,N/A,N/A,N/A,N/A,13.5,0.79
5,SEIL,Website,Galaxy Watch6,N/A,N/A,N/A,429,142273,N/A,48.1,30.6,N/A,N/A,N/A,N/A,N/A,N/A,27627,35.0,274,2.56,11.8,0.87
5,SEIL,PR,Galaxy Watch6,N/A,N/A,0,N/A,N/A,N/A,60.6,65.6,N/A,N/A,N/A,N/A,12,23.2,N/A,N/A,N/A,N/A,7.9,0.82
5,SEPAK,Paid Social,Galaxy Z Fold8,355299,5022,5912,231,63785,1.29,64.5,31.6,N/A,N/A,N/A,N/A,N/A,N/A,N/A,N/A,N/A,N/A,14.4,0.84
5,SEPAK,Influencer,Galaxy Z Fold8,N/A,N/A,3796,13,5842,5.08,62.3,48.5,Influencer_23,300198,5.08,N/A,N/A,N/A,N/A,N/A,N/A,N/A,10.8,0.9
5,SEPAK,TV,Galaxy Z Fold8,N/A,N/A,19920,N/A,N/A,N/A,66.5,45.0,N/A,N/A,N/A,216,N/A,N/A,N/A,N/A,N/A,N/A,18.6,0.84
5,SEPAK,Search,Galaxy Z Fold8,198974,2967,5219,303,112685,1.49,54.0,42.6,N/A,N/A,N/A,N/A,N/A,N/A,N/A,N/A,N/A,N/A,11.3,0.86
5,SEPAK,Website,Galaxy Z Fold8,N/A,N/A,N/A,327,106032,N/A,58.9,41.3,N/A,N/A,N/A,N/A,N/A,N/A,40048,32.9,245,3.64,11.3,0.75
5,SEPAK,PR,Galaxy Z Fold8,N/A,N/A,0,N/A,N/A,N/A,69.4,48.7,N/A,N/A,N/A,N/A,19,28.4,N/A,N/A,N/A,N/A,4.8,0.82
5,SEPAK,Paid Social,Galaxy Z Flip8,498153,7387,9074,626,126402,1.46,60.3,33.5,N/A,N/A,N/A,N/A,N/A,N/A,N/A,N/A,N/A,N/A,10.3,0.91
5,SEPAK,Influencer,Galaxy Z Flip8,N/A,N/A,5538,38,16348,5.44,44.1,34.3,Influencer_20,958154,5.44,N/A,N/A,N/A,N/A,N/A,N/A,N/A,9.9,0.78
5,SEPAK,TV,Galaxy Z Flip8,N/A,N/A,30639,N/A,N/A,N/A,69.1,52.7,N/A,N/A,N/A,451,N/A,N/A,N/A,N/A,N/A,N/A,7.1,0.86
5,SEPAK,Search,Galaxy Z Flip8,417513,7358,15608,990,340465,1.76,63.3,43.5,N/A,N/A,N/A,N/A,N/A,N/A,N/A,N/A,N/A,N/A,11.4,0.86
5,SEPAK,Website,Galaxy Z Flip8,N/A,N/A,N/A,626,191822,N/A,45.1,48.7,N/A,N/A,N/A,N/A,N/A,N/A,36403,26.6,182,3.64,7.2,0.83
5,SEPAK,PR,Galaxy Z Flip8,N/A,N/A,0,N/A,N/A,N/A,68.1,50.3,N/A,N/A,N/A,N/A,20,16.2,N/A,N/A,N/A,N/A,9.2,0.88
5,SEPAK,Paid Social,Galaxy S24,357075,5041,10280,362,81155,1.1,51.3,58.7,N/A,N/A,N/A,N/A,N/A,N/A,N/A,N/A,N/A,N/A,13.6,0.83
5,SEPAK,Influencer,Galaxy S24,N/A,N/A,1743,16,5711,4.47,42.6,43.4,Influencer_20,589684,4.47,N/A,N/A,N/A,N/A,N/A,N/A,N/A,13.6,0.85
5,SEPAK,TV,Galaxy S24,N/A,N/A,18585,N/A,N/A,N/A,66.6,65.9,N/A,N/A,N/A,256,N/A,N/A,N/A,N/A,N/A,N/A,18.1,0.86
5,SEPAK,Search,Galaxy S24,148382,2024,10210,163,61107,1.36,50.8,37.2,N/A,N/A,N/A,N/A,N/A,N/A,N/A,N/A,N/A,N/A,13.8,0.83
5,SEPAK,Website,Galaxy S24,N/A,N/A,N/A,298,66591,N/A,52.7,33.9,N/A,N/A,N/A,N/A,N/A,N/A,29839,34.2,174,2.59,9.0,0.85
5,SEPAK,PR,Galaxy S24,N/A,N/A,0,N/A,N/A,N/A,57.9,50.8,N/A,N/A,N/A,N/A,19,25.3,N/A,N/A,N/A,N/A,4.6,0.95
5,SEPAK,Paid Social,Galaxy Tab S10,434059,5248,13210,364,124395,1.45,59.3,50.2,N/A,N/A,N/A,N/A,N/A,N/A,N/A,N/A,N/A,N/A,7.9,0.85
5,SEPAK,Influencer,Galaxy Tab S10,N/A,N/A,2676,24,5536,3.26,60.4,42.6,Influencer_23,966150,3.26,N/A,N/A,N/A,N/A,N/A,N/A,N/A,14.2,0.82
5,SEPAK,TV,Galaxy Tab S10,N/A,N/A,41284,N/A,N/A,N/A,61.9,62.7,N/A,N/A,N/A,424,N/A,N/A,N/A,N/A,N/A,N/A,17.5,0.85
5,SEPAK,Search,Galaxy Tab S10,328920,4635,6051,733,400750,1.41,49.3,55.6,N/A,N/A,N/A,N/A,N/A,N/A,N/A,N/A,N/A,N/A,6.3,0.81
5,SEPAK,Website,Galaxy Tab S10,N/A,N/A,N/A,337,142884,N/A,51.6,41.8,N/A,N/A,N/A,N/A,N/A,N/A,30019,26.0,280,3.71,8.5,0.89
5,SEPAK,PR,Galaxy Tab S10,N/A,N/A,0,N/A,N/A,N/A,66.9,55.6,N/A,N/A,N/A,N/A,30,41.8,N/A,N/A,N/A,N/A,6.3,0.85
5,SEPAK,Paid Social,Galaxy Buds3,618936,6324,11649,699,252022,1.47,70.9,56.0,N/A,N/A,N/A,N/A,N/A,N/A,N/A,N/A,N/A,N/A,14.0,0.91
5,SEPAK,Influencer,Galaxy Buds3,N/A,N/A,7569,21,4957,4.22,63.5,44.6,Influencer_20,663100,4.22,N/A,N/A,N/A,N/A,N/A,N/A,N/A,8.3,0.92
5,SEPAK,TV,Galaxy Buds3,N/A,N/A,48435,N/A,N/A,N/A,71.8,60.7,N/A,N/A,N/A,635,N/A,N/A,N/A,N/A,N/A,N/A,9.6,0.83
5,SEPAK,Search,Galaxy Buds3,320104,5065,12691,877,481149,1.58,51.9,44.5,N/A,N/A,N/A,N/A,N/A,N/A,N/A,N/A,N/A,N/A,6.8,0.87
5,SEPAK,Website,Galaxy Buds3,N/A,N/A,N/A,665,194324,N/A,41.8,36.9,N/A,N/A,N/A,N/A,N/A,N/A,74440,30.1,153,3.41,10.3,0.76
5,SEPAK,PR,Galaxy Buds3,N/A,N/A,0,N/A,N/A,N/A,58.9,60.3,N/A,N/A,N/A,N/A,41,33.2,N/A,N/A,N/A,N/A,2.3,0.91
5,SEPAK,Paid Social,Galaxy Watch6,298735,4475,10756,354,95000,1.41,65.0,55.2,N/A,N/A,N/A,N/A,N/A,N/A,N/A,N/A,N/A,N/A,6.0,0.71
5,SEPAK,Influencer,Galaxy Watch6,N/A,N/A,1779,24,5747,4.97,49.1,50.4,Influencer_20,360633,4.97,N/A,N/A,N/A,N/A,N/A,N/A,N/A,7.1,0.88
5,SEPAK,TV,Galaxy Watch6,N/A,N/A,13633,N/A,N/A,N/A,57.4,56.1,N/A,N/A,N/A,224,N/A,N/A,N/A,N/A,N/A,N/A,18.8,0.76
5,SEPAK,Search,Galaxy Watch6,248765,4819,8360,789,398026,1.94,54.9,53.2,N/A,N/A,N/A,N/A,N/A,N/A,N/A,N/A,N/A,N/A,13.2,0.87
5,SEPAK,Website,Galaxy Watch6,N/A,N/A,N/A,516,224530,N/A,61.6,42.5,N/A,N/A,N/A,N/A,N/A,N/A,39201,33.1,165,2.6,12.8,0.77
5,SEPAK,PR,Galaxy Watch6,N/A,N/A,0,N/A,N/A,N/A,72.7,63.2,N/A,N/A,N/A,N/A,30,16.3,N/A,N/A,N/A,N/A,5.7,0.9
6,SGE,Paid Social,Galaxy Z Fold8,541370,7506,6959,487,141298,0.88,58.0,57.3,N/A,N/A,N/A,N/A,N/A,N/A,N/A,N/A,N/A,N/A,6.0,0.93
6,SGE,Influencer,Galaxy Z Fold8,N/A,N/A,2584,22,5625,5.71,55.5,55.0,Influencer_1,321909,5.71,N/A,N/A,N/A,N/A,N/A,N/A,N/A,13.9,0.91
6,SGE,TV,Galaxy Z Fold8,N/A,N/A,25446,N/A,N/A,N/A,66.4,46.0,N/A,N/A,N/A,417,N/A,N/A,N/A,N/A,N/A,N/A,15.1,0.77
6,SGE,Search,Galaxy Z Fold8,377764,6959,9349,1076,507262,1.84,56.2,46.1,N/A,N/A,N/A,N/A,N/A,N/A,N/A,N/A,N/A,N/A,7.2,0.82
6,SGE,Website,Galaxy Z Fold8,N/A,N/A,N/A,637,260417,N/A,49.6,48.4,N/A,N/A,N/A,N/A,N/A,N/A,52530,30.5,201,2.77,7.6,0.84
6,SGE,PR,Galaxy Z Fold8,N/A,N/A,0,N/A,N/A,N/A,78.3,60.3,N/A,N/A,N/A,N/A,54,25.9,N/A,N/A,N/A,N/A,8.7,0.91
6,SGE,B2B Roadshow,Galaxy Z Fold8,8961,N/A,3300,92,31252,4.93,65.8,54.2,N/A,N/A,N/A,N/A,N/A,N/A,N/A,N/A,N/A,N/A,9.9,0.88
6,SGE,Retail,Galaxy Z Fold8,20077,N/A,2849,83,51766,4.21,64.9,50.4,N/A,N/A,N/A,N/A,N/A,N/A,N/A,N/A,N/A,N/A,10.1,0.83
6,SGE,Paid Social,Galaxy Z Flip8,353296,3982,7492,452,126224,1.24,58.3,46.2,N/A,N/A,N/A,N/A,N/A,N/A,N/A,N/A,N/A,N/A,8.9,0.84
6,SGE,Influencer,Galaxy Z Flip8,N/A,N/A,3242,55,21386,5.65,63.9,26.2,Influencer_3,816972,5.65,N/A,N/A,N/A,N/A,N/A,N/A,N/A,10.4,0.82
6,SGE,TV,Galaxy Z Flip8,N/A,N/A,21025,N/A,N/A,N/A,79.8,51.7,N/A,N/A,N/A,284,N/A,N/A,N/A,N/A,N/A,N/A,12.0,0.76
6,SGE,Search,Galaxy Z Flip8,179056,2934,14349,408,187006,1.64,66.7,48.4,N/A,N/A,N/A,N/A,N/A,N/A,N/A,N/A,N/A,N/A,6.8,0.9
6,SGE,Website,Galaxy Z Flip8,N/A,N/A,N/A,695,208700,N/A,64.7,43.7,N/A,N/A,N/A,N/A,N/A,N/A,54214,25.8,209,3.64,9.2,0.89
6,SGE,PR,Galaxy Z Flip8,N/A,N/A,0,N/A,N/A,N/A,59.7,60.0,N/A,N/A,N/A,N/A,52,27.0,N/A,N/A,N/A,N/A,9.5,0.94
6,SGE,B2B Roadshow,Galaxy Z Flip8,15623,N/A,4625,92,30602,6.76,57.6,56.7,N/A,N/A,N/A,N/A,N/A,N/A,N/A,N/A,N/A,N/A,11.7,0.98
6,SGE,Retail,Galaxy Z Flip8,20854,N/A,5247,55,39884,3.83,53.3,45.0,N/A,N/A,N/A,N/A,N/A,N/A,N/A,N/A,N/A,N/A,7.2,0.93
6,SGE,Paid Social,Galaxy S24,378325,3841,10377,226,45387,0.86,51.3,52.7,N/A,N/A,N/A,N/A,N/A,N/A,N/A,N/A,N/A,N/A,15.1,0.79
6,SGE,Influencer,Galaxy S24,N/A,N/A,3942,14,4454,3.71,44.2,40.2,Influencer_2,367069,3.71,N/A,N/A,N/A,N/A,N/A,N/A,N/A,10.0,0.84
6,SGE,TV,Galaxy S24,N/A,N/A,26397,N/A,N/A,N/A,79.9,53.7,N/A,N/A,N/A,454,N/A,N/A,N/A,N/A,N/A,N/A,10.2,0.91
6,SGE,Search,Galaxy S24,293051,5782,11084,936,439088,1.97,59.0,46.4,N/A,N/A,N/A,N/A,N/A,N/A,N/A,N/A,N/A,N/A,5.2,0.86
6,SGE,Website,Galaxy S24,N/A,N/A,N/A,314,110569,N/A,54.7,31.0,N/A,N/A,N/A,N/A,N/A,N/A,30776,40.4,244,3.04,11.0,0.82
6,SGE,PR,Galaxy S24,N/A,N/A,0,N/A,N/A,N/A,62.5,51.9,N/A,N/A,N/A,N/A,16,34.4,N/A,N/A,N/A,N/A,3.1,0.87
6,SGE,B2B Roadshow,Galaxy S24,12147,N/A,6146,70,15978,5.13,60.7,57.7,N/A,N/A,N/A,N/A,N/A,N/A,N/A,N/A,N/A,N/A,10.7,0.83
6,SGE,Retail,Galaxy S24,25091,N/A,2735,57,43811,4.73,66.7,54.3,N/A,N/A,N/A,N/A,N/A,N/A,N/A,N/A,N/A,N/A,6.7,0.9
6,SGE,Paid Social,Galaxy Tab S10,477103,6007,21779,626,95813,1.02,61.2,43.7,N/A,N/A,N/A,N/A,N/A,N/A,N/A,N/A,N/A,N/A,10.5,0.82
6,SGE,Influencer,Galaxy Tab S10,N/A,N/A,2972,19,5274,3.98,56.8,44.1,Influencer_3,621216,3.98,N/A,N/A,N/A,N/A,N/A,N/A,N/A,14.2,0.84
6,SGE,TV,Galaxy Tab S10,N/A,N/A,46947,N/A,N/A,N/A,68.8,52.4,N/A,N/A,N/A,688,N/A,N/A,N/A,N/A,N/A,N/A,12.8,0.79
6,SGE,Search,Galaxy Tab S10,339619,7406,23651,1155,590313,2.18,50.4,36.8,N/A,N/A,N/A,N/A,N/A,N/A,N/A,N/A,N/A,N/A,13.1,0.89
6,SGE,Website,Galaxy Tab S10,N/A,N/A,N/A,720,290310,N/A,53.8,32.0,N/A,N/A,N/A,N/A,N/A,N/A,72272,39.6,266,3.15,13.7,0.83
6,SGE,PR,Galaxy Tab S10,N/A,N/A,0,N/A,N/A,N/A,76.2,53.5,N/A,N/A,N/A,N/A,22,41.7,N/A,N/A,N/A,N/A,4.2,0.85
6,SGE,B2B Roadshow,Galaxy Tab S10,9289,N/A,7446,63,23901,4.47,63.3,58.9,N/A,N/A,N/A,N/A,N/A,N/A,N/A,N/A,N/A,N/A,7.1,0.83
6,SGE,Retail,Galaxy Tab S10,20111,N/A,3463,58,80759,4.95,55.0,46.7,N/A,N/A,N/A,N/A,N/A,N/A,N/A,N/A,N/A,N/A,6.8,0.91
6,SGE,Paid Social,Galaxy Buds3,717455,8217,18112,555,146801,1.23,71.6,59.3,N/A,N/A,N/A,N/A,N/A,N/A,N/A,N/A,N/A,N/A,16.2,0.91
6,SGE,Influencer,Galaxy Buds3,N/A,N/A,4893,15,3660,2.64,67.1,45.1,Influencer_3,680687,2.64,N/A,N/A,N/A,N/A,N/A,N/A,N/A,15.0,0.83
6,SGE,TV,Galaxy Buds3,N/A,N/A,30325,N/A,N/A,N/A,80.2,62.7,N/A,N/A,N/A,493,N/A,N/A,N/A,N/A,N/A,N/A,11.5,0.72
6,SGE,Search,Galaxy Buds3,596436,8689,10864,1422,540403,1.46,51.3,41.4,N/A,N/A,N/A,N/A,N/A,N/A,N/A,N/A,N/A,N/A,6.9,0.83
6,SGE,Website,Galaxy Buds3,N/A,N/A,N/A,1355,539873,N/A,54.0,50.0,N/A,N/A,N/A,N/A,N/A,N/A,101236,38.9,162,3.06,9.4,0.88
6,SGE,PR,Galaxy Buds3,N/A,N/A,0,N/A,N/A,N/A,75.8,62.3,N/A,N/A,N/A,N/A,36,35.3,N/A,N/A,N/A,N/A,9.4,0.91
6,SGE,B2B Roadshow,Galaxy Buds3,16330,N/A,3041,79,25507,3.09,63.3,52.6,N/A,N/A,N/A,N/A,N/A,N/A,N/A,N/A,N/A,N/A,6.9,0.92
6,SGE,Retail,Galaxy Buds3,31783,N/A,2397,100,46116,2.07,56.5,46.3,N/A,N/A,N/A,N/A,N/A,N/A,N/A,N/A,N/A,N/A,8.3,0.91
6,SGE,Paid Social,Galaxy Watch6,536803,6025,14826,546,126774,1.07,71.9,32.6,N/A,N/A,N/A,N/A,N/A,N/A,N/A,N/A,N/A,N/A,9.1,0.79
6,SGE,Influencer,Galaxy Watch6,N/A,N/A,5222,14,5035,4.12,42.9,37.7,Influencer_2,359151,4.12,N/A,N/A,N/A,N/A,N/A,N/A,N/A,10.2,0.88
6,SGE,TV,Galaxy Watch6,N/A,N/A,38778,N/A,N/A,N/A,59.0,56.2,N/A,N/A,N/A,514,N/A,N/A,N/A,N/A,N/A,N/A,18.2,0.74
6,SGE,Search,Galaxy Watch6,397998,8695,12705,959,455771,2.18,59.7,48.3,N/A,N/A,N/A,N/A,N/A,N/A,N/A,N/A,N/A,N/A,6.0,0.87
6,SGE,Website,Galaxy Watch6,N/A,N/A,N/A,754,229101,N/A,54.5,36.9,N/A,N/A,N/A,N/A,N/A,N/A,55250,40.3,222,3.33,14.2,0.77
6,SGE,PR,Galaxy Watch6,N/A,N/A,0,N/A,N/A,N/A,62.1,57.1,N/A,N/A,N/A,N/A,55,43.5,N/A,N/A,N/A,N/A,3.1,0.82
6,SGE,B2B Roadshow,Galaxy Watch6,11201,N/A,4463,86,15194,6.83,74.7,69.6,N/A,N/A,N/A,N/A,N/A,N/A,N/A,N/A,N/A,N/A,8.9,0.88
6,SGE,Retail,Galaxy Watch6,17405,N/A,3712,121,34817,3.28,57.3,47.1,N/A,N/A,N/A,N/A,N/A,N/A,N/A,N/A,N/A,N/A,13.1,0.94
6,SESAR,Paid Social,Galaxy Z Fold8,449689,5600,14229,463,114844,1.4,58.8,46.1,N/A,N/A,N/A,N/A,N/A,N/A,N/A,N/A,N/A,N/A,14.9,0.81
6,SESAR,Influencer,Galaxy Z Fold8,N/A,N/A,3681,28,12008,3.51,57.5,46.5,Influencer_21,619487,3.51,N/A,N/A,N/A,N/A,N/A,N/A,N/A,7.2,0.87
6,SESAR,TV,Galaxy Z Fold8,N/A,N/A,28700,N/A,N/A,N/A,67.5,48.7,N/A,N/A,N/A,449,N/A,N/A,N/A,N/A,N/A,N/A,6.7,0.76
6,SESAR,Search,Galaxy Z Fold8,309830,5638,6319,789,370549,1.82,72.0,44.7,N/A,N/A,N/A,N/A,N/A,N/A,N/A,N/A,N/A,N/A,6.8,0.87
6,SESAR,Website,Galaxy Z Fold8,N/A,N/A,N/A,830,363508,N/A,63.8,52.3,N/A,N/A,N/A,N/A,N/A,N/A,55927,25.5,249,3.33,6.6,0.82
6,SESAR,PR,Galaxy Z Fold8,N/A,N/A,0,N/A,N/A,N/A,82.4,70.2,N/A,N/A,N/A,N/A,25,20.3,N/A,N/A,N/A,N/A,4.1,0.85
6,SESAR,B2B Roadshow,Galaxy Z Fold8,5506,N/A,4695,56,23111,5.3,68.7,58.9,N/A,N/A,N/A,N/A,N/A,N/A,N/A,N/A,N/A,N/A,6.7,0.85
6,SESAR,Retail,Galaxy Z Fold8,23119,N/A,4048,112,19284,5.21,66.8,62.4,N/A,N/A,N/A,N/A,N/A,N/A,N/A,N/A,N/A,N/A,13.3,0.84
6,SESAR,Paid Social,Galaxy Z Flip8,439280,6473,6112,646,207046,1.08,59.6,46.3,N/A,N/A,N/A,N/A,N/A,N/A,N/A,N/A,N/A,N/A,9.6,0.9
6,SESAR,Influencer,Galaxy Z Flip8,N/A,N/A,4431,53,20888,4.38,53.8,26.7,Influencer_5,950755,4.38,N/A,N/A,N/A,N/A,N/A,N/A,N/A,11.0,0.9
6,SESAR,TV,Galaxy Z Flip8,N/A,N/A,24599,N/A,N/A,N/A,67.0,64.6,N/A,N/A,N/A,407,N/A,N/A,N/A,N/A,N/A,N/A,15.6,0.79
6,SESAR,Search,Galaxy Z Flip8,337858,7187,12209,882,253325,2.13,52.0,43.2,N/A,N/A,N/A,N/A,N/A,N/A,N/A,N/A,N/A,N/A,12.0,0.9
6,SESAR,Website,Galaxy Z Flip8,N/A,N/A,N/A,491,143183,N/A,62.1,36.3,N/A,N/A,N/A,N/A,N/A,N/A,32325,38.1,186,3.87,6.0,0.87
6,SESAR,PR,Galaxy Z Flip8,N/A,N/A,0,N/A,N/A,N/A,76.7,66.0,N/A,N/A,N/A,N/A,14,28.7,N/A,N/A,N/A,N/A,8.0,0.85
6,SESAR,B2B Roadshow,Galaxy Z Flip8,12285,N/A,5708,70,22757,6.5,66.4,61.9,N/A,N/A,N/A,N/A,N/A,N/A,N/A,N/A,N/A,N/A,10.3,0.84
6,SESAR,Retail,Galaxy Z Flip8,17451,N/A,2106,58,36304,4.25,64.3,51.1,N/A,N/A,N/A,N/A,N/A,N/A,N/A,N/A,N/A,N/A,11.7,0.89
6,SESAR,Paid Social,Galaxy S24,329886,3736,13206,350,66013,1.36,47.9,50.4,N/A,N/A,N/A,N/A,N/A,N/A,N/A,N/A,N/A,N/A,15.3,0.76
6,SESAR,Influencer,Galaxy S24,N/A,N/A,3888,10,3752,5.48,45.6,47.6,Influencer_21,229365,5.48,N/A,N/A,N/A,N/A,N/A,N/A,N/A,13.7,0.95
6,SESAR,TV,Galaxy S24,N/A,N/A,28298,N/A,N/A,N/A,72.5,48.3,N/A,N/A,N/A,322,N/A,N/A,N/A,N/A,N/A,N/A,10.5,0.75
6,SESAR,Search,Galaxy S24,281359,4260,11133,501,264440,1.51,64.6,58.4,N/A,N/A,N/A,N/A,N/A,N/A,N/A,N/A,N/A,N/A,8.9,0.86
6,SESAR,Website,Galaxy S24,N/A,N/A,N/A,406,177315,N/A,46.0,46.2,N/A,N/A,N/A,N/A,N/A,N/A,49895,31.8,229,2.81,12.3,0.77
6,SESAR,PR,Galaxy S24,N/A,N/A,0,N/A,N/A,N/A,70.5,70.0,N/A,N/A,N/A,N/A,22,25.7,N/A,N/A,N/A,N/A,9.4,0.93
6,SESAR,B2B Roadshow,Galaxy S24,13587,N/A,4870,67,14636,4.82,55.7,62.5,N/A,N/A,N/A,N/A,N/A,N/A,N/A,N/A,N/A,N/A,11.7,0.9
6,SESAR,Retail,Galaxy S24,16895,N/A,4266,98,47240,5.49,69.4,46.1,N/A,N/A,N/A,N/A,N/A,N/A,N/A,N/A,N/A,N/A,10.5,0.84
6,SESAR,Paid Social,Galaxy Tab S10,475690,6460,13489,614,191998,0.97,64.7,45.9,N/A,N/A,N/A,N/A,N/A,N/A,N/A,N/A,N/A,N/A,5.5,0.85
6,SESAR,Influencer,Galaxy Tab S10,N/A,N/A,3417,17,8079,2.82,65.0,30.0,Influencer_4,490955,2.82,N/A,N/A,N/A,N/A,N/A,N/A,N/A,9.2,0.79
6,SESAR,TV,Galaxy Tab S10,N/A,N/A,34489,N/A,N/A,N/A,76.0,55.9,N/A,N/A,N/A,523,N/A,N/A,N/A,N/A,N/A,N/A,7.6,0.9
6,SESAR,Search,Galaxy Tab S10,245086,3722,9294,370,105421,1.52,50.5,41.5,N/A,N/A,N/A,N/A,N/A,N/A,N/A,N/A,N/A,N/A,9.5,0.81
6,SESAR,Website,Galaxy Tab S10,N/A,N/A,N/A,939,190054,N/A,53.3,47.1,N/A,N/A,N/A,N/A,N/A,N/A,85396,33.6,178,3.58,10.9,0.86
6,SESAR,PR,Galaxy Tab S10,N/A,N/A,0,N/A,N/A,N/A,65.3,57.4,N/A,N/A,N/A,N/A,58,44.8,N/A,N/A,N/A,N/A,3.6,0.9
6,SESAR,B2B Roadshow,Galaxy Tab S10,15576,N/A,7155,75,37273,4.42,67.9,55.3,N/A,N/A,N/A,N/A,N/A,N/A,N/A,N/A,N/A,N/A,8.7,0.87
6,SESAR,Retail,Galaxy Tab S10,36726,N/A,3264,165,61257,2.45,65.1,48.6,N/A,N/A,N/A,N/A,N/A,N/A,N/A,N/A,N/A,N/A,6.1,0.93
6,SESAR,Paid Social,Galaxy Buds3,575361,6497,13008,352,119718,1.27,46.8,58.1,N/A,N/A,N/A,N/A,N/A,N/A,N/A,N/A,N/A,N/A,9.1,0.87
6,SESAR,Influencer,Galaxy Buds3,N/A,N/A,6936,15,4382,5.23,47.0,49.0,Influencer_21,402999,5.23,N/A,N/A,N/A,N/A,N/A,N/A,N/A,10.9,0.89
6,SESAR,TV,Galaxy Buds3,N/A,N/A,52458,N/A,N/A,N/A,71.3,47.9,N/A,N/A,N/A,379,N/A,N/A,N/A,N/A,N/A,N/A,8.3,0.87
6,SESAR,Search,Galaxy Buds3,292545,6004,11361,675,273334,2.05,60.2,51.5,N/A,N/A,N/A,N/A,N/A,N/A,N/A,N/A,N/A,N/A,8.4,0.9
6,SESAR,Website,Galaxy Buds3,N/A,N/A,N/A,1039,330397,N/A,49.9,49.2,N/A,N/A,N/A,N/A,N/A,N/A,59983,42.1,227,3.06,13.3,0.81
6,SESAR,PR,Galaxy Buds3,N/A,N/A,0,N/A,N/A,N/A,68.8,57.6,N/A,N/A,N/A,N/A,43,39.8,N/A,N/A,N/A,N/A,8.1,0.86
6,SESAR,B2B Roadshow,Galaxy Buds3,17545,N/A,5896,91,18877,7.87,70.3,50.4,N/A,N/A,N/A,N/A,N/A,N/A,N/A,N/A,N/A,N/A,9.9,0.85
6,SESAR,Retail,Galaxy Buds3,24579,N/A,3207,115,20326,3.29,65.8,51.5,N/A,N/A,N/A,N/A,N/A,N/A,N/A,N/A,N/A,N/A,10.5,0.83
6,SESAR,Paid Social,Galaxy Watch6,306355,3775,13210,409,72273,0.97,53.8,46.6,N/A,N/A,N/A,N/A,N/A,N/A,N/A,N/A,N/A,N/A,13.7,0.82
6,SESAR,Influencer,Galaxy Watch6,N/A,N/A,4393,34,9657,3.87,56.0,37.3,Influencer_21,891450,3.87,N/A,N/A,N/A,N/A,N/A,N/A,N/A,7.2,0.88
6,SESAR,TV,Galaxy Watch6,N/A,N/A,24045,N/A,N/A,N/A,66.2,67.1,N/A,N/A,N/A,337,N/A,N/A,N/A,N/A,N/A,N/A,7.7,0.75
6,SESAR,Search,Galaxy Watch6,346562,4415,11779,717,367236,1.27,63.1,51.0,N/A,N/A,N/A,N/A,N/A,N/A,N/A,N/A,N/A,N/A,9.7,0.85
6,SESAR,Website,Galaxy Watch6,N/A,N/A,N/A,638,249264,N/A,45.7,50.2,N/A,N/A,N/A,N/A,N/A,N/A,46485,30.2,224,3.53,13.7,0.88
6,SESAR,PR,Galaxy Watch6,N/A,N/A,0,N/A,N/A,N/A,68.0,66.5,N/A,N/A,N/A,N/A,30,43.7,N/A,N/A,N/A,N/A,7.9,0.83
6,SESAR,B2B Roadshow,Galaxy Watch6,10263,N/A,6836,34,23099,4.81,59.0,69.4,N/A,N/A,N/A,N/A,N/A,N/A,N/A,N/A,N/A,N/A,6.8,0.92
6,SESAR,Retail,Galaxy Watch6,8758,N/A,2574,45,38920,3.71,66.1,61.0,N/A,N/A,N/A,N/A,N/A,N/A,N/A,N/A,N/A,N/A,12.7,0.81
6,SETK,Paid Social,Galaxy Z Fold8,365071,3874,14504,290,45826,1.15,67.9,55.9,N/A,N/A,N/A,N/A,N/A,N/A,N/A,N/A,N/A,N/A,10.9,0.84
6,SETK,Influencer,Galaxy Z Fold8,N/A,N/A,3624,8,2939,5.07,41.2,30.7,Influencer_24,270369,5.07,N/A,N/A,N/A,N/A,N/A,N/A,N/A,11.3,0.92
6,SETK,TV,Galaxy Z Fold8,N/A,N/A,32115,N/A,N/A,N/A,68.7,60.3,N/A,N/A,N/A,414,N/A,N/A,N/A,N/A,N/A,N/A,8.7,0.73
6,SETK,Search,Galaxy Z Fold8,312829,5102,9059,645,333340,1.63,73.3,40.4,N/A,N/A,N/A,N/A,N/A,N/A,N/A,N/A,N/A,N/A,7.6,0.81
6,SETK,Website,Galaxy Z Fold8,N/A,N/A,N/A,563,222541,N/A,52.2,38.3,N/A,N/A,N/A,N/A,N/A,N/A,44905,39.8,260,3.83,11.2,0.82
6,SETK,PR,Galaxy Z Fold8,N/A,N/A,0,N/A,N/A,N/A,69.7,53.7,N/A,N/A,N/A,N/A,9,21.8,N/A,N/A,N/A,N/A,3.2,0.91
6,SETK,B2B Roadshow,Galaxy Z Fold8,9833,N/A,7361,46,27946,6.33,70.4,61.5,N/A,N/A,N/A,N/A,N/A,N/A,N/A,N/A,N/A,N/A,7.5,0.96
6,SETK,Retail,Galaxy Z Fold8,12350,N/A,2773,45,24233,3.23,52.0,55.7,N/A,N/A,N/A,N/A,N/A,N/A,N/A,N/A,N/A,N/A,13.6,0.81
6,SETK,Paid Social,Galaxy Z Flip8,269208,3171,6777,209,47826,0.96,50.3,41.3,N/A,N/A,N/A,N/A,N/A,N/A,N/A,N/A,N/A,N/A,10.1,0.77
6,SETK,Influencer,Galaxy Z Flip8,N/A,N/A,3135,9,4359,2.6,38.6,52.0,Influencer_7,572605,2.6,N/A,N/A,N/A,N/A,N/A,N/A,N/A,14.7,0.79
6,SETK,TV,Galaxy Z Flip8,N/A,N/A,15781,N/A,N/A,N/A,68.0,49.0,N/A,N/A,N/A,298,N/A,N/A,N/A,N/A,N/A,N/A,15.7,0.84
6,SETK,Search,Galaxy Z Flip8,173542,2243,7474,293,124082,1.29,61.3,40.7,N/A,N/A,N/A,N/A,N/A,N/A,N/A,N/A,N/A,N/A,6.5,0.93
6,SETK,Website,Galaxy Z Flip8,N/A,N/A,N/A,713,199083,N/A,51.2,37.4,N/A,N/A,N/A,N/A,N/A,N/A,46062,28.8,173,3.7,6.1,0.83
6,SETK,PR,Galaxy Z Flip8,N/A,N/A,0,N/A,N/A,N/A,69.5,71.2,N/A,N/A,N/A,N/A,9,26.4,N/A,N/A,N/A,N/A,2.1,0.86
6,SETK,B2B Roadshow,Galaxy Z Flip8,9574,N/A,3534,44,27895,4.5,75.0,51.7,N/A,N/A,N/A,N/A,N/A,N/A,N/A,N/A,N/A,N/A,9.5,0.88
6,SETK,Retail,Galaxy Z Flip8,22272,N/A,2064,61,31525,2.18,66.9,48.5,N/A,N/A,N/A,N/A,N/A,N/A,N/A,N/A,N/A,N/A,6.1,0.88
6,SETK,Paid Social,Galaxy S24,272419,3504,6306,157,55043,1.41,63.8,43.4,N/A,N/A,N/A,N/A,N/A,N/A,N/A,N/A,N/A,N/A,10.0,0.74
6,SETK,Influencer,Galaxy S24,N/A,N/A,2014,27,11963,5.78,43.2,52.4,Influencer_7,383120,5.78,N/A,N/A,N/A,N/A,N/A,N/A,N/A,7.3,0.78
6,SETK,TV,Galaxy S24,N/A,N/A,29737,N/A,N/A,N/A,64.7,59.6,N/A,N/A,N/A,239,N/A,N/A,N/A,N/A,N/A,N/A,17.3,0.77
6,SETK,Search,Galaxy S24,222458,2732,5151,309,159643,1.23,49.3,58.4,N/A,N/A,N/A,N/A,N/A,N/A,N/A,N/A,N/A,N/A,12.8,0.79
6,SETK,Website,Galaxy S24,N/A,N/A,N/A,737,280524,N/A,64.6,33.3,N/A,N/A,N/A,N/A,N/A,N/A,47223,28.4,175,2.52,14.9,0.77
6,SETK,PR,Galaxy S24,N/A,N/A,0,N/A,N/A,N/A,69.4,69.7,N/A,N/A,N/A,N/A,38,28.9,N/A,N/A,N/A,N/A,5.2,0.94
6,SETK,B2B Roadshow,Galaxy S24,4760,N/A,5551,47,22214,7.5,60.1,56.5,N/A,N/A,N/A,N/A,N/A,N/A,N/A,N/A,N/A,N/A,8.8,0.97
6,SETK,Retail,Galaxy S24,10600,N/A,3957,88,46964,2.79,54.4,47.6,N/A,N/A,N/A,N/A,N/A,N/A,N/A,N/A,N/A,N/A,13.5,0.83
6,SETK,Paid Social,Galaxy Tab S10,386951,5108,17977,319,96897,0.97,51.5,54.1,N/A,N/A,N/A,N/A,N/A,N/A,N/A,N/A,N/A,N/A,8.6,0.88
6,SETK,Influencer,Galaxy Tab S10,N/A,N/A,5154,44,20463,4.57,60.6,30.0,Influencer_6,900822,4.57,N/A,N/A,N/A,N/A,N/A,N/A,N/A,10.4,0.88
6,SETK,TV,Galaxy Tab S10,N/A,N/A,48427,N/A,N/A,N/A,80.4,44.9,N/A,N/A,N/A,552,N/A,N/A,N/A,N/A,N/A,N/A,17.3,0.8
6,SETK,Search,Galaxy Tab S10,231686,4620,11377,376,165586,1.99,69.3,42.5,N/A,N/A,N/A,N/A,N/A,N/A,N/A,N/A,N/A,N/A,8.2,0.78
6,SETK,Website,Galaxy Tab S10,N/A,N/A,N/A,1033,295412,N/A,47.6,46.5,N/A,N/A,N/A,N/A,N/A,N/A,80523,37.6,253,3.18,10.5,0.77
6,SETK,PR,Galaxy Tab S10,N/A,N/A,0,N/A,N/A,N/A,71.9,55.6,N/A,N/A,N/A,N/A,38,34.7,N/A,N/A,N/A,N/A,10.2,0.83
6,SETK,B2B Roadshow,Galaxy Tab S10,15085,N/A,6992,98,37030,5.28,56.9,67.1,N/A,N/A,N/A,N/A,N/A,N/A,N/A,N/A,N/A,N/A,10.3,0.86
6,SETK,Retail,Galaxy Tab S10,28462,N/A,3747,159,19472,5.86,52.5,49.5,N/A,N/A,N/A,N/A,N/A,N/A,N/A,N/A,N/A,N/A,9.7,0.82
6,SETK,Paid Social,Galaxy Buds3,561878,7298,11498,801,181632,1.11,73.5,34.7,N/A,N/A,N/A,N/A,N/A,N/A,N/A,N/A,N/A,N/A,15.4,0.83
6,SETK,Influencer,Galaxy Buds3,N/A,N/A,7039,27,11684,3.18,43.8,48.3,Influencer_6,735722,3.18,N/A,N/A,N/A,N/A,N/A,N/A,N/A,11.5,0.91
6,SETK,TV,Galaxy Buds3,N/A,N/A,47657,N/A,N/A,N/A,70.3,45.2,N/A,N/A,N/A,598,N/A,N/A,N/A,N/A,N/A,N/A,12.8,0.83
6,SETK,Search,Galaxy Buds3,472881,10153,19518,981,291970,2.15,65.4,52.5,N/A,N/A,N/A,N/A,N/A,N/A,N/A,N/A,N/A,N/A,12.3,0.82
6,SETK,Website,Galaxy Buds3,N/A,N/A,N/A,668,293106,N/A,66.2,54.7,N/A,N/A,N/A,N/A,N/A,N/A,49823,33.5,201,2.92,8.0,0.91
6,SETK,PR,Galaxy Buds3,N/A,N/A,0,N/A,N/A,N/A,70.7,50.6,N/A,N/A,N/A,N/A,51,53.8,N/A,N/A,N/A,N/A,9.6,0.8
6,SETK,B2B Roadshow,Galaxy Buds3,12991,N/A,7552,88,25949,4.04,69.7,61.9,N/A,N/A,N/A,N/A,N/A,N/A,N/A,N/A,N/A,N/A,5.5,0.94
6,SETK,Retail,Galaxy Buds3,17950,N/A,2588,129,32065,5.06,66.1,64.0,N/A,N/A,N/A,N/A,N/A,N/A,N/A,N/A,N/A,N/A,7.9,0.92
6,SETK,Paid Social,Galaxy Watch6,398398,4355,14904,241,86418,0.85,72.9,40.5,N/A,N/A,N/A,N/A,N/A,N/A,N/A,N/A,N/A,N/A,15.7,0.73
6,SETK,Influencer,Galaxy Watch6,N/A,N/A,2014,33,8009,5.81,46.1,35.8,Influencer_24,814391,5.81,N/A,N/A,N/A,N/A,N/A,N/A,N/A,12.6,0.85
6,SETK,TV,Galaxy Watch6,N/A,N/A,30569,N/A,N/A,N/A,76.3,59.0,N/A,N/A,N/A,214,N/A,N/A,N/A,N/A,N/A,N/A,9.2,0.81
6,SETK,Search,Galaxy Watch6,173595,3022,11821,288,148051,1.74,67.3,54.6,N/A,N/A,N/A,N/A,N/A,N/A,N/A,N/A,N/A,N/A,12.5,0.93
6,SETK,Website,Galaxy Watch6,N/A,N/A,N/A,310,131061,N/A,46.4,48.7,N/A,N/A,N/A,N/A,N/A,N/A,26300,27.3,269,3.14,13.7,0.84
6,SETK,PR,Galaxy Watch6,N/A,N/A,0,N/A,N/A,N/A,61.6,72.1,N/A,N/A,N/A,N/A,26,21.7,N/A,N/A,N/A,N/A,6.6,0.9
6,SETK,B2B Roadshow,Galaxy Watch6,10393,N/A,4976,71,28297,5.47,69.0,58.6,N/A,N/A,N/A,N/A,N/A,N/A,N/A,N/A,N/A,N/A,5.4,0.84
6,SETK,Retail,Galaxy Watch6,16321,N/A,5450,61,27068,4.56,56.6,58.3,N/A,N/A,N/A,N/A,N/A,N/A,N/A,N/A,N/A,N/A,8.0,0.85
6,SELV,Paid Social,Galaxy Z Fold8,278726,2427,15350,144,39419,1.21,64.0,35.3,N/A,N/A,N/A,N/A,N/A,N/A,N/A,N/A,N/A,N/A,14.4,0.88
6,SELV,Influencer,Galaxy Z Fold8,N/A,N/A,3342,50,23055,5.43,57.8,27.3,Influencer_8,836108,5.43,N/A,N/A,N/A,N/A,N/A,N/A,N/A,7.3,0.92
6,SELV,TV,Galaxy Z Fold8,N/A,N/A,20053,N/A,N/A,N/A,59.4,68.2,N/A,N/A,N/A,381,N/A,N/A,N/A,N/A,N/A,N/A,9.3,0.84
6,SELV,Search,Galaxy Z Fold8,369534,7774,13102,1255,584185,2.1,49.4,52.8,N/A,N/A,N/A,N/A,N/A,N/A,N/A,N/A,N/A,N/A,8.6,0.85
6,SELV,Website,Galaxy Z Fold8,N/A,N/A,N/A,545,163321,N/A,42.8,45.2,N/A,N/A,N/A,N/A,N/A,N/A,65184,41.1,260,3.5,5.2,0.92
6,SELV,PR,Galaxy Z Fold8,N/A,N/A,0,N/A,N/A,N/A,69.3,47.9,N/A,N/A,N/A,N/A,17,23.8,N/A,N/A,N/A,N/A,5.3,0.94
6,SELV,B2B Roadshow,Galaxy Z Fold8,11962,N/A,5818,46,17763,4.38,70.7,56.5,N/A,N/A,N/A,N/A,N/A,N/A,N/A,N/A,N/A,N/A,9.9,0.92
6,SELV,Retail,Galaxy Z Fold8,14588,N/A,2857,111,52652,4.59,64.8,60.1,N/A,N/A,N/A,N/A,N/A,N/A,N/A,N/A,N/A,N/A,12.2,0.83
6,SELV,Paid Social,Galaxy Z Flip8,419131,5866,12614,399,113538,1.36,73.0,41.7,N/A,N/A,N/A,N/A,N/A,N/A,N/A,N/A,N/A,N/A,8.7,0.93
6,SELV,Influencer,Galaxy Z Flip8,N/A,N/A,4450,34,8699,3.92,49.3,33.9,Influencer_9,870513,3.92,N/A,N/A,N/A,N/A,N/A,N/A,N/A,13.3,0.82
6,SELV,TV,Galaxy Z Flip8,N/A,N/A,32278,N/A,N/A,N/A,66.0,48.0,N/A,N/A,N/A,471,N/A,N/A,N/A,N/A,N/A,N/A,8.4,0.72
6,SELV,Search,Galaxy Z Flip8,219727,3915,14621,587,245451,1.78,67.3,50.1,N/A,N/A,N/A,N/A,N/A,N/A,N/A,N/A,N/A,N/A,8.2,0.89
6,SELV,Website,Galaxy Z Flip8,N/A,N/A,N/A,373,140962,N/A,45.8,39.5,N/A,N/A,N/A,N/A,N/A,N/A,41817,43.3,253,3.78,8.5,0.77
6,SELV,PR,Galaxy Z Flip8,N/A,N/A,0,N/A,N/A,N/A,82.9,67.6,N/A,N/A,N/A,N/A,37,18.1,N/A,N/A,N/A,N/A,9.2,0.85
6,SELV,B2B Roadshow,Galaxy Z Flip8,15774,N/A,3673,44,16903,5.21,55.8,61.0,N/A,N/A,N/A,N/A,N/A,N/A,N/A,N/A,N/A,N/A,9.7,0.86
6,SELV,Retail,Galaxy Z Flip8,26623,N/A,2919,129,28985,2.98,54.5,58.0,N/A,N/A,N/A,N/A,N/A,N/A,N/A,N/A,N/A,N/A,7.7,0.8
6,SELV,Paid Social,Galaxy S24,345266,5093,15308,545,138229,1.19,61.0,44.6,N/A,N/A,N/A,N/A,N/A,N/A,N/A,N/A,N/A,N/A,15.2,0.85
6,SELV,Influencer,Galaxy S24,N/A,N/A,3393,56,23073,5.61,67.3,50.1,Influencer_8,803410,5.61,N/A,N/A,N/A,N/A,N/A,N/A,N/A,8.8,0.82
6,SELV,TV,Galaxy S24,N/A,N/A,24959,N/A,N/A,N/A,70.5,45.9,N/A,N/A,N/A,309,N/A,N/A,N/A,N/A,N/A,N/A,14.7,0.78
6,SELV,Search,Galaxy S24,367552,5318,15200,733,204497,1.45,71.3,61.2,N/A,N/A,N/A,N/A,N/A,N/A,N/A,N/A,N/A,N/A,11.0,0.87
6,SELV,Website,Galaxy S24,N/A,N/A,N/A,563,197625,N/A,56.6,32.3,N/A,N/A,N/A,N/A,N/A,N/A,35054,39.4,207,3.2,11.2,0.84
6,SELV,PR,Galaxy S24,N/A,N/A,0,N/A,N/A,N/A,83.9,47.8,N/A,N/A,N/A,N/A,40,16.9,N/A,N/A,N/A,N/A,5.2,0.9
6,SELV,B2B Roadshow,Galaxy S24,11764,N/A,6904,82,14129,3.32,62.1,69.1,N/A,N/A,N/A,N/A,N/A,N/A,N/A,N/A,N/A,N/A,6.9,0.86
6,SELV,Retail,Galaxy S24,9793,N/A,4922,116,48581,3.72,65.3,47.7,N/A,N/A,N/A,N/A,N/A,N/A,N/A,N/A,N/A,N/A,9.2,0.9
6,SELV,Paid Social,Galaxy Tab S10,546509,6431,18135,427,124882,1.41,72.4,36.5,N/A,N/A,N/A,N/A,N/A,N/A,N/A,N/A,N/A,N/A,11.5,0.87
6,SELV,Influencer,Galaxy Tab S10,N/A,N/A,2831,14,4305,5.9,41.4,55.3,Influencer_10,207104,5.9,N/A,N/A,N/A,N/A,N/A,N/A,N/A,12.3,0.86
6,SELV,TV,Galaxy Tab S10,N/A,N/A,33465,N/A,N/A,N/A,61.9,68.5,N/A,N/A,N/A,638,N/A,N/A,N/A,N/A,N/A,N/A,15.7,0.92
6,SELV,Search,Galaxy Tab S10,325891,4006,21629,612,213916,1.23,50.8,46.7,N/A,N/A,N/A,N/A,N/A,N/A,N/A,N/A,N/A,N/A,10.9,0.89
6,SELV,Website,Galaxy Tab S10,N/A,N/A,N/A,1007,320832,N/A,51.1,48.7,N/A,N/A,N/A,N/A,N/A,N/A,85321,41.9,196,2.64,13.8,0.84
6,SELV,PR,Galaxy Tab S10,N/A,N/A,0,N/A,N/A,N/A,64.0,56.0,N/A,N/A,N/A,N/A,34,22.8,N/A,N/A,N/A,N/A,7.0,0.81
6,SELV,B2B Roadshow,Galaxy Tab S10,20461,N/A,3770,87,27135,3.1,67.1,69.6,N/A,N/A,N/A,N/A,N/A,N/A,N/A,N/A,N/A,N/A,5.4,0.88
6,SELV,Retail,Galaxy Tab S10,22309,N/A,2007,160,21159,2.02,57.7,45.6,N/A,N/A,N/A,N/A,N/A,N/A,N/A,N/A,N/A,N/A,13.2,0.88
6,SELV,Paid Social,Galaxy Buds3,784203,6654,14559,366,111709,0.93,50.6,42.6,N/A,N/A,N/A,N/A,N/A,N/A,N/A,N/A,N/A,N/A,15.5,0.93
6,SELV,Influencer,Galaxy Buds3,N/A,N/A,5453,32,14844,4.51,43.1,30.5,Influencer_8,592343,4.51,N/A,N/A,N/A,N/A,N/A,N/A,N/A,14.4,0.76
6,SELV,TV,Galaxy Buds3,N/A,N/A,26845,N/A,N/A,N/A,70.4,68.0,N/A,N/A,N/A,724,N/A,N/A,N/A,N/A,N/A,N/A,17.7,0.88
6,SELV,Search,Galaxy Buds3,382306,8162,11162,937,284965,2.13,61.4,59.1,N/A,N/A,N/A,N/A,N/A,N/A,N/A,N/A,N/A,N/A,9.1,0.88
6,SELV,Website,Galaxy Buds3,N/A,N/A,N/A,1350,583404,N/A,65.8,47.7,N/A,N/A,N/A,N/A,N/A,N/A,77733,36.0,249,3.68,5.7,0.79
6,SELV,PR,Galaxy Buds3,N/A,N/A,0,N/A,N/A,N/A,79.4,51.9,N/A,N/A,N/A,N/A,31,34.2,N/A,N/A,N/A,N/A,4.8,0.86
6,SELV,B2B Roadshow,Galaxy Buds3,21237,N/A,7842,42,41306,3.45,68.1,68.2,N/A,N/A,N/A,N/A,N/A,N/A,N/A,N/A,N/A,N/A,8.9,0.93
6,SELV,Retail,Galaxy Buds3,34511,N/A,5100,163,41527,3.13,52.7,60.3,N/A,N/A,N/A,N/A,N/A,N/A,N/A,N/A,N/A,N/A,8.3,0.89
6,SELV,Paid Social,Galaxy Watch6,391564,4325,8083,342,93300,1.03,58.5,43.9,N/A,N/A,N/A,N/A,N/A,N/A,N/A,N/A,N/A,N/A,11.0,0.9
6,SELV,Influencer,Galaxy Watch6,N/A,N/A,4026,60,15385,4.95,40.5,52.8,Influencer_10,917280,4.95,N/A,N/A,N/A,N/A,N/A,N/A,N/A,13.7,0.86
6,SELV,TV,Galaxy Watch6,N/A,N/A,22748,N/A,N/A,N/A,64.8,45.2,N/A,N/A,N/A,400,N/A,N/A,N/A,N/A,N/A,N/A,6.7,0.91
6,SELV,Search,Galaxy Watch6,275988,3831,15191,326,162223,1.39,70.2,55.1,N/A,N/A,N/A,N/A,N/A,N/A,N/A,N/A,N/A,N/A,9.3,0.81
6,SELV,Website,Galaxy Watch6,N/A,N/A,N/A,803,169577,N/A,64.5,48.8,N/A,N/A,N/A,N/A,N/A,N/A,54232,29.3,267,3.92,5.7,0.79
6,SELV,PR,Galaxy Watch6,N/A,N/A,0,N/A,N/A,N/A,74.3,48.3,N/A,N/A,N/A,N/A,25,32.1,N/A,N/A,N/A,N/A,4.6,0.94
6,SELV,B2B Roadshow,Galaxy Watch6,7595,N/A,5379,22,17464,6.3,73.3,56.6,N/A,N/A,N/A,N/A,N/A,N/A,N/A,N/A,N/A,N/A,6.2,0.88
6,SELV,Retail,Galaxy Watch6,17031,N/A,3522,89,16426,2.62,62.0,57.4,N/A,N/A,N/A,N/A,N/A,N/A,N/A,N/A,N/A,N/A,8.1,0.94
6,SEMAG,Paid Social,Galaxy Z Fold8,364106,4367,9412,246,90938,1.32,52.2,52.9,N/A,N/A,N/A,N/A,N/A,N/A,N/A,N/A,N/A,N/A,10.0,0.8
6,SEMAG,Influencer,Galaxy Z Fold8,N/A,N/A,2974,16,3250,5.36,58.6,27.3,Influencer_12,398701,5.36,N/A,N/A,N/A,N/A,N/A,N/A,N/A,13.9,0.78
6,SEMAG,TV,Galaxy Z Fold8,N/A,N/A,18960,N/A,N/A,N/A,72.9,46.9,N/A,N/A,N/A,185,N/A,N/A,N/A,N/A,N/A,N/A,17.2,0.82
6,SEMAG,Search,Galaxy Z Fold8,168356,2924,6580,509,166417,1.74,65.4,59.9,N/A,N/A,N/A,N/A,N/A,N/A,N/A,N/A,N/A,N/A,8.2,0.87
6,SEMAG,Website,Galaxy Z Fold8,N/A,N/A,N/A,614,162940,N/A,64.3,54.8,N/A,N/A,N/A,N/A,N/A,N/A,37109,40.2,251,3.73,10.5,0.84
6,SEMAG,PR,Galaxy Z Fold8,N/A,N/A,0,N/A,N/A,N/A,59.9,59.2,N/A,N/A,N/A,N/A,15,30.5,N/A,N/A,N/A,N/A,2.2,0.81
6,SEMAG,B2B Roadshow,Galaxy Z Fold8,9654,N/A,4511,21,8676,4.21,67.3,58.8,N/A,N/A,N/A,N/A,N/A,N/A,N/A,N/A,N/A,N/A,6.0,0.92
6,SEMAG,Retail,Galaxy Z Fold8,7943,N/A,4715,79,20726,5.07,64.5,45.9,N/A,N/A,N/A,N/A,N/A,N/A,N/A,N/A,N/A,N/A,6.1,0.82
6,SEMAG,Paid Social,Galaxy Z Flip8,404012,5919,7543,402,80465,1.25,55.7,36.8,N/A,N/A,N/A,N/A,N/A,N/A,N/A,N/A,N/A,N/A,8.5,0.72
6,SEMAG,Influencer,Galaxy Z Flip8,N/A,N/A,3565,33,6850,3.18,51.0,51.3,Influencer_22,857681,3.18,N/A,N/A,N/A,N/A,N/A,N/A,N/A,12.2,0.81
6,SEMAG,TV,Galaxy Z Flip8,N/A,N/A,17236,N/A,N/A,N/A,70.7,51.9,N/A,N/A,N/A,200,N/A,N/A,N/A,N/A,N/A,N/A,7.7,0.73
6,SEMAG,Search,Galaxy Z Flip8,242931,4213,6615,642,222450,1.73,49.4,59.1,N/A,N/A,N/A,N/A,N/A,N/A,N/A,N/A,N/A,N/A,10.8,0.78
6,SEMAG,Website,Galaxy Z Flip8,N/A,N/A,N/A,292,117800,N/A,61.3,31.9,N/A,N/A,N/A,N/A,N/A,N/A,21440,40.4,180,3.79,10.5,0.75
6,SEMAG,PR,Galaxy Z Flip8,N/A,N/A,0,N/A,N/A,N/A,75.1,54.3,N/A,N/A,N/A,N/A,34,43.1,N/A,N/A,N/A,N/A,6.7,0.87
6,SEMAG,B2B Roadshow,Galaxy Z Flip8,7559,N/A,7018,50,13764,4.73,74.8,59.1,N/A,N/A,N/A,N/A,N/A,N/A,N/A,N/A,N/A,N/A,11.4,0.84
6,SEMAG,Retail,Galaxy Z Flip8,16830,N/A,2916,40,26179,4.55,53.5,64.3,N/A,N/A,N/A,N/A,N/A,N/A,N/A,N/A,N/A,N/A,14.0,0.93
6,SEMAG,Paid Social,Galaxy S24,294515,3881,11112,405,75328,1.12,65.3,48.4,N/A,N/A,N/A,N/A,N/A,N/A,N/A,N/A,N/A,N/A,7.7,0.8
6,SEMAG,Influencer,Galaxy S24,N/A,N/A,2687,16,5205,3.23,59.8,39.3,Influencer_11,570085,3.23,N/A,N/A,N/A,N/A,N/A,N/A,N/A,10.1,0.82
6,SEMAG,TV,Galaxy S24,N/A,N/A,21829,N/A,N/A,N/A,67.0,62.1,N/A,N/A,N/A,314,N/A,N/A,N/A,N/A,N/A,N/A,8.9,0.76
6,SEMAG,Search,Galaxy S24,170051,3007,9310,511,211789,1.77,67.5,46.8,N/A,N/A,N/A,N/A,N/A,N/A,N/A,N/A,N/A,N/A,10.4,0.81
6,SEMAG,Website,Galaxy S24,N/A,N/A,N/A,369,123875,N/A,47.6,44.8,N/A,N/A,N/A,N/A,N/A,N/A,29122,34.0,255,2.58,6.6,0.82
6,SEMAG,PR,Galaxy S24,N/A,N/A,0,N/A,N/A,N/A,82.6,47.8,N/A,N/A,N/A,N/A,36,28.0,N/A,N/A,N/A,N/A,3.1,0.89
6,SEMAG,B2B Roadshow,Galaxy S24,6649,N/A,5239,56,22491,6.85,67.8,61.5,N/A,N/A,N/A,N/A,N/A,N/A,N/A,N/A,N/A,N/A,10.6,0.84
6,SEMAG,Retail,Galaxy S24,15614,N/A,3919,51,17472,5.05,59.7,57.2,N/A,N/A,N/A,N/A,N/A,N/A,N/A,N/A,N/A,N/A,12.1,0.88
6,SEMAG,Paid Social,Galaxy Tab S10,528676,7470,9677,769,131835,0.81,69.9,33.8,N/A,N/A,N/A,N/A,N/A,N/A,N/A,N/A,N/A,N/A,15.2,0.78
6,SEMAG,Influencer,Galaxy Tab S10,N/A,N/A,3024,17,3736,5.1,56.5,35.5,Influencer_12,412868,5.1,N/A,N/A,N/A,N/A,N/A,N/A,N/A,15.2,0.84
6,SEMAG,TV,Galaxy Tab S10,N/A,N/A,33271,N/A,N/A,N/A,61.4,51.6,N/A,N/A,N/A,484,N/A,N/A,N/A,N/A,N/A,N/A,16.0,0.75
6,SEMAG,Search,Galaxy Tab S10,242058,3299,8848,439,191178,1.36,52.4,50.4,N/A,N/A,N/A,N/A,N/A,N/A,N/A,N/A,N/A,N/A,8.8,0.94
6,SEMAG,Website,Galaxy Tab S10,N/A,N/A,N/A,936,342545,N/A,43.2,53.0,N/A,N/A,N/A,N/A,N/A,N/A,52713,27.9,263,2.65,9.7,0.84
6,SEMAG,PR,Galaxy Tab S10,N/A,N/A,0,N/A,N/A,N/A,83.7,56.3,N/A,N/A,N/A,N/A,14,32.6,N/A,N/A,N/A,N/A,5.2,0.89
6,SEMAG,B2B Roadshow,Galaxy Tab S10,15719,N/A,3162,65,33879,4.72,61.8,51.7,N/A,N/A,N/A,N/A,N/A,N/A,N/A,N/A,N/A,N/A,7.6,0.85
6,SEMAG,Retail,Galaxy Tab S10,22737,N/A,4774,102,27789,2.44,68.7,64.2,N/A,N/A,N/A,N/A,N/A,N/A,N/A,N/A,N/A,N/A,7.6,0.9
6,SEMAG,Paid Social,Galaxy Buds3,416462,5405,9385,369,146084,1.15,62.7,49.9,N/A,N/A,N/A,N/A,N/A,N/A,N/A,N/A,N/A,N/A,16.9,0.79
6,SEMAG,Influencer,Galaxy Buds3,N/A,N/A,4629,24,4968,4.3,47.4,31.0,Influencer_12,401350,4.3,N/A,N/A,N/A,N/A,N/A,N/A,N/A,12.7,0.89
6,SEMAG,TV,Galaxy Buds3,N/A,N/A,30116,N/A,N/A,N/A,81.9,52.4,N/A,N/A,N/A,400,N/A,N/A,N/A,N/A,N/A,N/A,9.7,0.92
6,SEMAG,Search,Galaxy Buds3,410738,6810,8050,771,200006,1.66,70.2,59.8,N/A,N/A,N/A,N/A,N/A,N/A,N/A,N/A,N/A,N/A,4.7,0.87
6,SEMAG,Website,Galaxy Buds3,N/A,N/A,N/A,674,287214,N/A,49.0,40.4,N/A,N/A,N/A,N/A,N/A,N/A,57168,32.6,159,3.54,8.7,0.84
6,SEMAG,PR,Galaxy Buds3,N/A,N/A,0,N/A,N/A,N/A,67.6,70.8,N/A,N/A,N/A,N/A,47,39.2,N/A,N/A,N/A,N/A,7.7,0.89
6,SEMAG,B2B Roadshow,Galaxy Buds3,16585,N/A,5307,47,13679,7.57,73.4,51.7,N/A,N/A,N/A,N/A,N/A,N/A,N/A,N/A,N/A,N/A,9.7,0.87
6,SEMAG,Retail,Galaxy Buds3,31456,N/A,5669,56,17221,5.24,66.1,47.1,N/A,N/A,N/A,N/A,N/A,N/A,N/A,N/A,N/A,N/A,6.6,0.86
6,SEMAG,Paid Social,Galaxy Watch6,246815,2962,8399,303,110874,0.81,44.4,56.4,N/A,N/A,N/A,N/A,N/A,N/A,N/A,N/A,N/A,N/A,15.4,0.85
6,SEMAG,Influencer,Galaxy Watch6,N/A,N/A,2878,43,12868,4.69,57.7,44.4,Influencer_22,811062,4.69,N/A,N/A,N/A,N/A,N/A,N/A,N/A,6.8,0.78
6,SEMAG,TV,Galaxy Watch6,N/A,N/A,15010,N/A,N/A,N/A,59.3,67.8,N/A,N/A,N/A,209,N/A,N/A,N/A,N/A,N/A,N/A,6.4,0.88
6,SEMAG,Search,Galaxy Watch6,179434,2530,5355,300,131290,1.41,53.2,57.0,N/A,N/A,N/A,N/A,N/A,N/A,N/A,N/A,N/A,N/A,11.0,0.86
6,SEMAG,Website,Galaxy Watch6,N/A,N/A,N/A,401,153539,N/A,54.9,33.0,N/A,N/A,N/A,N/A,N/A,N/A,31614,36.8,165,3.16,14.7,0.8
6,SEMAG,PR,Galaxy Watch6,N/A,N/A,0,N/A,N/A,N/A,63.7,50.3,N/A,N/A,N/A,N/A,37,32.3,N/A,N/A,N/A,N/A,8.1,0.83
6,SEMAG,B2B Roadshow,Galaxy Watch6,8725,N/A,4865,25,17792,6.18,66.8,62.0,N/A,N/A,N/A,N/A,N/A,N/A,N/A,N/A,N/A,N/A,8.5,0.87
6,SEMAG,Retail,Galaxy Watch6,18679,N/A,3027,62,23612,4.12,63.1,64.4,N/A,N/A,N/A,N/A,N/A,N/A,N/A,N/A,N/A,N/A,8.0,0.91
6,SEEG,Paid Social,Galaxy Z Fold8,240253,2025,12682,136,45319,1.23,68.5,34.6,N/A,N/A,N/A,N/A,N/A,N/A,N/A,N/A,N/A,N/A,14.2,0.88
6,SEEG,Influencer,Galaxy Z Fold8,N/A,N/A,2523,51,24219,4.86,48.6,46.4,Influencer_14,980422,4.86,N/A,N/A,N/A,N/A,N/A,N/A,N/A,13.0,0.76
6,SEEG,TV,Galaxy Z Fold8,N/A,N/A,21239,N/A,N/A,N/A,78.0,55.3,N/A,N/A,N/A,347,N/A,N/A,N/A,N/A,N/A,N/A,15.3,0.82
6,SEEG,Search,Galaxy Z Fold8,252892,3794,11711,422,231985,1.5,53.2,51.3,N/A,N/A,N/A,N/A,N/A,N/A,N/A,N/A,N/A,N/A,5.0,0.84
6,SEEG,Website,Galaxy Z Fold8,N/A,N/A,N/A,838,235555,N/A,64.7,42.3,N/A,N/A,N/A,N/A,N/A,N/A,49923,40.9,253,3.2,6.4,0.89
6,SEEG,PR,Galaxy Z Fold8,N/A,N/A,0,N/A,N/A,N/A,80.8,66.9,N/A,N/A,N/A,N/A,32,43.5,N/A,N/A,N/A,N/A,4.6,0.94
6,SEEG,B2B Roadshow,Galaxy Z Fold8,6702,N/A,6272,38,7611,5.17,71.3,68.1,N/A,N/A,N/A,N/A,N/A,N/A,N/A,N/A,N/A,N/A,6.1,0.97
6,SEEG,Retail,Galaxy Z Fold8,13599,N/A,2388,28,33878,3.89,55.4,49.0,N/A,N/A,N/A,N/A,N/A,N/A,N/A,N/A,N/A,N/A,10.0,0.82
6,SEEG,Paid Social,Galaxy Z Flip8,420768,6179,13500,384,75834,1.22,59.0,45.3,N/A,N/A,N/A,N/A,N/A,N/A,N/A,N/A,N/A,N/A,15.2,0.82
6,SEEG,Influencer,Galaxy Z Flip8,N/A,N/A,1740,5,1484,3.74,52.1,34.7,Influencer_13,262663,3.74,N/A,N/A,N/A,N/A,N/A,N/A,N/A,8.6,0.94
6,SEEG,TV,Galaxy Z Flip8,N/A,N/A,19881,N/A,N/A,N/A,69.3,67.9,N/A,N/A,N/A,275,N/A,N/A,N/A,N/A,N/A,N/A,14.0,0.79
6,SEEG,Search,Galaxy Z Flip8,208282,3924,10825,553,237643,1.88,61.6,45.1,N/A,N/A,N/A,N/A,N/A,N/A,N/A,N/A,N/A,N/A,8.0,0.89
6,SEEG,Website,Galaxy Z Flip8,N/A,N/A,N/A,351,155355,N/A,48.4,54.6,N/A,N/A,N/A,N/A,N/A,N/A,30057,26.3,264,3.06,11.9,0.91
6,SEEG,PR,Galaxy Z Flip8,N/A,N/A,0,N/A,N/A,N/A,81.5,59.1,N/A,N/A,N/A,N/A,27,34.0,N/A,N/A,N/A,N/A,3.7,0.85
6,SEEG,B2B Roadshow,Galaxy Z Flip8,9381,N/A,4592,69,10948,7.83,70.6,61.4,N/A,N/A,N/A,N/A,N/A,N/A,N/A,N/A,N/A,N/A,11.4,0.93
6,SEEG,Retail,Galaxy Z Flip8,14189,N/A,5331,54,39618,4.25,67.8,51.3,N/A,N/A,N/A,N/A,N/A,N/A,N/A,N/A,N/A,N/A,13.0,0.86
6,SEEG,Paid Social,Galaxy S24,260001,3214,6598,264,70137,1.43,72.4,54.0,N/A,N/A,N/A,N/A,N/A,N/A,N/A,N/A,N/A,N/A,5.8,0.8
6,SEEG,Influencer,Galaxy S24,N/A,N/A,2691,32,6966,4.99,45.2,45.0,Influencer_14,489627,4.99,N/A,N/A,N/A,N/A,N/A,N/A,N/A,9.5,0.91
6,SEEG,TV,Galaxy S24,N/A,N/A,27730,N/A,N/A,N/A,60.7,50.8,N/A,N/A,N/A,308,N/A,N/A,N/A,N/A,N/A,N/A,10.2,0.92
6,SEEG,Search,Galaxy S24,277683,5784,7449,939,416683,2.08,72.3,51.5,N/A,N/A,N/A,N/A,N/A,N/A,N/A,N/A,N/A,N/A,5.7,0.9
6,SEEG,Website,Galaxy S24,N/A,N/A,N/A,449,146388,N/A,62.7,31.3,N/A,N/A,N/A,N/A,N/A,N/A,33997,30.0,246,3.13,7.6,0.78
6,SEEG,PR,Galaxy S24,N/A,N/A,0,N/A,N/A,N/A,75.1,57.7,N/A,N/A,N/A,N/A,9,15.9,N/A,N/A,N/A,N/A,4.5,0.92
6,SEEG,B2B Roadshow,Galaxy S24,6676,N/A,6659,54,18466,5.78,66.9,65.2,N/A,N/A,N/A,N/A,N/A,N/A,N/A,N/A,N/A,N/A,5.8,0.86
6,SEEG,Retail,Galaxy S24,15337,N/A,2810,108,37538,3.14,61.7,51.5,N/A,N/A,N/A,N/A,N/A,N/A,N/A,N/A,N/A,N/A,6.1,0.81
6,SEEG,Paid Social,Galaxy Tab S10,453058,5376,16256,276,98794,1.06,44.8,45.2,N/A,N/A,N/A,N/A,N/A,N/A,N/A,N/A,N/A,N/A,8.9,0.74
6,SEEG,Influencer,Galaxy Tab S10,N/A,N/A,3588,21,8965,2.62,39.0,41.4,Influencer_13,997475,2.62,N/A,N/A,N/A,N/A,N/A,N/A,N/A,13.4,0.89
6,SEEG,TV,Galaxy Tab S10,N/A,N/A,42221,N/A,N/A,N/A,80.2,47.5,N/A,N/A,N/A,291,N/A,N/A,N/A,N/A,N/A,N/A,7.6,0.75
6,SEEG,Search,Galaxy Tab S10,455128,6531,14719,1157,406624,1.43,58.7,55.4,N/A,N/A,N/A,N/A,N/A,N/A,N/A,N/A,N/A,N/A,9.0,0.87
6,SEEG,Website,Galaxy Tab S10,N/A,N/A,N/A,975,387496,N/A,53.4,33.9,N/A,N/A,N/A,N/A,N/A,N/A,80169,38.9,172,3.72,14.1,0.8
6,SEEG,PR,Galaxy Tab S10,N/A,N/A,0,N/A,N/A,N/A,76.1,47.8,N/A,N/A,N/A,N/A,33,16.7,N/A,N/A,N/A,N/A,7.0,0.91
6,SEEG,B2B Roadshow,Galaxy Tab S10,17336,N/A,3347,29,20487,6.79,74.0,69.1,N/A,N/A,N/A,N/A,N/A,N/A,N/A,N/A,N/A,N/A,6.0,0.87
6,SEEG,Retail,Galaxy Tab S10,27942,N/A,5096,149,51217,2.08,65.3,54.8,N/A,N/A,N/A,N/A,N/A,N/A,N/A,N/A,N/A,N/A,11.4,0.9
6,SEEG,Paid Social,Galaxy Buds3,532152,4510,12525,393,79468,1.21,44.2,53.3,N/A,N/A,N/A,N/A,N/A,N/A,N/A,N/A,N/A,N/A,12.0,0.79
6,SEEG,Influencer,Galaxy Buds3,N/A,N/A,4989,10,3883,3.24,56.5,34.0,Influencer_14,616474,3.24,N/A,N/A,N/A,N/A,N/A,N/A,N/A,9.9,0.83
6,SEEG,TV,Galaxy Buds3,N/A,N/A,29166,N/A,N/A,N/A,72.2,52.4,N/A,N/A,N/A,530,N/A,N/A,N/A,N/A,N/A,N/A,10.3,0.77
6,SEEG,Search,Galaxy Buds3,244672,4527,16738,375,161628,1.85,64.7,49.4,N/A,N/A,N/A,N/A,N/A,N/A,N/A,N/A,N/A,N/A,8.3,0.81
6,SEEG,Website,Galaxy Buds3,N/A,N/A,N/A,444,100646,N/A,56.5,49.7,N/A,N/A,N/A,N/A,N/A,N/A,37435,43.7,202,2.8,13.3,0.87
6,SEEG,PR,Galaxy Buds3,N/A,N/A,0,N/A,N/A,N/A,68.0,48.6,N/A,N/A,N/A,N/A,63,51.5,N/A,N/A,N/A,N/A,6.8,0.89
6,SEEG,B2B Roadshow,Galaxy Buds3,12330,N/A,4776,70,11853,4.55,59.3,53.6,N/A,N/A,N/A,N/A,N/A,N/A,N/A,N/A,N/A,N/A,7.3,0.9
6,SEEG,Retail,Galaxy Buds3,27988,N/A,4948,95,56709,5.94,62.0,48.3,N/A,N/A,N/A,N/A,N/A,N/A,N/A,N/A,N/A,N/A,9.9,0.88
6,SEEG,Paid Social,Galaxy Watch6,292320,3965,9063,183,32357,0.8,44.9,33.7,N/A,N/A,N/A,N/A,N/A,N/A,N/A,N/A,N/A,N/A,5.1,0.77
6,SEEG,Influencer,Galaxy Watch6,N/A,N/A,4035,22,5452,4.06,39.4,32.5,Influencer_14,518186,4.06,N/A,N/A,N/A,N/A,N/A,N/A,N/A,8.1,0.83
6,SEEG,TV,Galaxy Watch6,N/A,N/A,24494,N/A,N/A,N/A,64.0,60.3,N/A,N/A,N/A,197,N/A,N/A,N/A,N/A,N/A,N/A,10.0,0.73
6,SEEG,Search,Galaxy Watch6,163329,2453,8373,308,163139,1.5,73.0,59.5,N/A,N/A,N/A,N/A,N/A,N/A,N/A,N/A,N/A,N/A,5.7,0.88
6,SEEG,Website,Galaxy Watch6,N/A,N/A,N/A,408,176668,N/A,48.1,52.7,N/A,N/A,N/A,N/A,N/A,N/A,24291,28.5,178,2.63,10.8,0.85
6,SEEG,PR,Galaxy Watch6,N/A,N/A,0,N/A,N/A,N/A,73.1,48.8,N/A,N/A,N/A,N/A,24,15.7,N/A,N/A,N/A,N/A,7.4,0.83
6,SEEG,B2B Roadshow,Galaxy Watch6,10361,N/A,6091,18,8295,5.49,71.6,58.2,N/A,N/A,N/A,N/A,N/A,N/A,N/A,N/A,N/A,N/A,11.8,0.91
6,SEEG,Retail,Galaxy Watch6,8497,N/A,4689,34,27363,4.84,64.4,49.1,N/A,N/A,N/A,N/A,N/A,N/A,N/A,N/A,N/A,N/A,8.1,0.9
6,SEIL,Paid Social,Galaxy Z Fold8,502516,4681,14005,490,195490,0.83,60.9,57.9,N/A,N/A,N/A,N/A,N/A,N/A,N/A,N/A,N/A,N/A,11.7,0.88
6,SEIL,Influencer,Galaxy Z Fold8,N/A,N/A,1777,40,9060,5.47,48.8,50.6,Influencer_18,950328,5.47,N/A,N/A,N/A,N/A,N/A,N/A,N/A,11.6,0.82
6,SEIL,TV,Galaxy Z Fold8,N/A,N/A,28523,N/A,N/A,N/A,70.8,47.6,N/A,N/A,N/A,404,N/A,N/A,N/A,N/A,N/A,N/A,15.2,0.79
6,SEIL,Search,Galaxy Z Fold8,205383,3656,11650,463,164009,1.78,55.7,57.0,N/A,N/A,N/A,N/A,N/A,N/A,N/A,N/A,N/A,N/A,11.4,0.86
6,SEIL,Website,Galaxy Z Fold8,N/A,N/A,N/A,630,193994,N/A,51.2,42.7,N/A,N/A,N/A,N/A,N/A,N/A,54313,37.0,185,3.0,12.5,0.91
6,SEIL,PR,Galaxy Z Fold8,N/A,N/A,0,N/A,N/A,N/A,67.6,70.2,N/A,N/A,N/A,N/A,21,41.7,N/A,N/A,N/A,N/A,10.0,0.82
6,SEIL,B2B Roadshow,Galaxy Z Fold8,11126,N/A,7425,63,13885,7.26,66.5,69.5,N/A,N/A,N/A,N/A,N/A,N/A,N/A,N/A,N/A,N/A,10.5,0.95
6,SEIL,Retail,Galaxy Z Fold8,22036,N/A,2334,87,20298,5.96,60.9,55.4,N/A,N/A,N/A,N/A,N/A,N/A,N/A,N/A,N/A,N/A,10.6,0.84
6,SEIL,Paid Social,Galaxy Z Flip8,414010,5238,9132,519,166600,1.35,58.7,42.0,N/A,N/A,N/A,N/A,N/A,N/A,N/A,N/A,N/A,N/A,15.0,0.79
6,SEIL,Influencer,Galaxy Z Flip8,N/A,N/A,3263,25,7633,4.8,50.0,48.5,Influencer_17,748532,4.8,N/A,N/A,N/A,N/A,N/A,N/A,N/A,7.3,0.88
6,SEIL,TV,Galaxy Z Flip8,N/A,N/A,31358,N/A,N/A,N/A,77.9,66.4,N/A,N/A,N/A,250,N/A,N/A,N/A,N/A,N/A,N/A,8.7,0.72
6,SEIL,Search,Galaxy Z Flip8,296366,5927,13768,559,151859,2.0,72.2,42.6,N/A,N/A,N/A,N/A,N/A,N/A,N/A,N/A,N/A,N/A,8.3,0.91
6,SEIL,Website,Galaxy Z Flip8,N/A,N/A,N/A,576,142704,N/A,46.8,50.4,N/A,N/A,N/A,N/A,N/A,N/A,32895,25.3,225,2.68,5.7,0.8
6,SEIL,PR,Galaxy Z Flip8,N/A,N/A,0,N/A,N/A,N/A,67.9,57.3,N/A,N/A,N/A,N/A,17,27.7,N/A,N/A,N/A,N/A,7.5,0.85
6,SEIL,B2B Roadshow,Galaxy Z Flip8,11919,N/A,6071,34,18851,5.14,66.8,59.6,N/A,N/A,N/A,N/A,N/A,N/A,N/A,N/A,N/A,N/A,9.3,0.83
6,SEIL,Retail,Galaxy Z Flip8,25305,N/A,2129,97,34594,3.41,55.1,54.5,N/A,N/A,N/A,N/A,N/A,N/A,N/A,N/A,N/A,N/A,12.4,0.91
6,SEIL,Paid Social,Galaxy S24,474384,4120,16399,369,87734,1.48,58.7,33.0,N/A,N/A,N/A,N/A,N/A,N/A,N/A,N/A,N/A,N/A,5.5,0.82
6,SEIL,Influencer,Galaxy S24,N/A,N/A,1970,13,5424,3.38,59.3,53.7,Influencer_18,697939,3.38,N/A,N/A,N/A,N/A,N/A,N/A,N/A,10.7,0.9
6,SEIL,TV,Galaxy S24,N/A,N/A,24054,N/A,N/A,N/A,81.6,44.9,N/A,N/A,N/A,371,N/A,N/A,N/A,N/A,N/A,N/A,10.1,0.88
6,SEIL,Search,Galaxy S24,281692,3990,12313,357,162487,1.42,63.2,53.5,N/A,N/A,N/A,N/A,N/A,N/A,N/A,N/A,N/A,N/A,4.9,0.86
6,SEIL,Website,Galaxy S24,N/A,N/A,N/A,403,127265,N/A,55.6,49.1,N/A,N/A,N/A,N/A,N/A,N/A,31004,38.9,249,3.7,7.5,0.77
6,SEIL,PR,Galaxy S24,N/A,N/A,0,N/A,N/A,N/A,81.6,54.5,N/A,N/A,N/A,N/A,45,29.7,N/A,N/A,N/A,N/A,2.7,0.85
6,SEIL,B2B Roadshow,Galaxy S24,10950,N/A,6495,28,13725,7.84,56.5,59.6,N/A,N/A,N/A,N/A,N/A,N/A,N/A,N/A,N/A,N/A,6.7,0.88
6,SEIL,Retail,Galaxy S24,14476,N/A,5164,81,15618,3.21,54.5,62.3,N/A,N/A,N/A,N/A,N/A,N/A,N/A,N/A,N/A,N/A,10.7,0.87
6,SEIL,Paid Social,Galaxy Tab S10,688471,7650,12445,368,68006,1.32,72.4,49.1,N/A,N/A,N/A,N/A,N/A,N/A,N/A,N/A,N/A,N/A,10.3,0.79
6,SEIL,Influencer,Galaxy Tab S10,N/A,N/A,5750,23,7141,2.57,54.1,38.6,Influencer_16,650859,2.57,N/A,N/A,N/A,N/A,N/A,N/A,N/A,6.5,0.84
6,SEIL,TV,Galaxy Tab S10,N/A,N/A,45416,N/A,N/A,N/A,58.6,50.6,N/A,N/A,N/A,341,N/A,N/A,N/A,N/A,N/A,N/A,17.8,0.79
6,SEIL,Search,Galaxy Tab S10,401947,6861,14151,1170,599812,1.71,51.4,40.6,N/A,N/A,N/A,N/A,N/A,N/A,N/A,N/A,N/A,N/A,9.7,0.89
6,SEIL,Website,Galaxy Tab S10,N/A,N/A,N/A,1247,419590,N/A,61.9,35.6,N/A,N/A,N/A,N/A,N/A,N/A,85420,36.1,272,2.6,9.1,0.85
6,SEIL,PR,Galaxy Tab S10,N/A,N/A,0,N/A,N/A,N/A,66.5,65.9,N/A,N/A,N/A,N/A,37,21.1,N/A,N/A,N/A,N/A,4.7,0.86
6,SEIL,B2B Roadshow,Galaxy Tab S10,21040,N/A,3099,42,39671,6.33,66.7,50.2,N/A,N/A,N/A,N/A,N/A,N/A,N/A,N/A,N/A,N/A,11.2,0.84
6,SEIL,Retail,Galaxy Tab S10,25174,N/A,5524,143,40942,2.75,59.5,54.6,N/A,N/A,N/A,N/A,N/A,N/A,N/A,N/A,N/A,N/A,6.8,0.86
6,SEIL,Paid Social,Galaxy Buds3,655264,8118,11278,419,76148,1.16,69.8,34.2,N/A,N/A,N/A,N/A,N/A,N/A,N/A,N/A,N/A,N/A,11.2,0.95
6,SEIL,Influencer,Galaxy Buds3,N/A,N/A,7221,11,4264,3.36,65.9,50.8,Influencer_16,372734,3.36,N/A,N/A,N/A,N/A,N/A,N/A,N/A,10.3,0.9
6,SEIL,TV,Galaxy Buds3,N/A,N/A,25839,N/A,N/A,N/A,65.0,53.9,N/A,N/A,N/A,664,N/A,N/A,N/A,N/A,N/A,N/A,8.7,0.87
6,SEIL,Search,Galaxy Buds3,390533,6212,13672,961,276958,1.59,63.8,56.4,N/A,N/A,N/A,N/A,N/A,N/A,N/A,N/A,N/A,N/A,12.6,0.88
6,SEIL,Website,Galaxy Buds3,N/A,N/A,N/A,579,191252,N/A,43.0,32.7,N/A,N/A,N/A,N/A,N/A,N/A,55608,34.9,169,3.15,5.8,0.91
6,SEIL,PR,Galaxy Buds3,N/A,N/A,0,N/A,N/A,N/A,60.0,54.1,N/A,N/A,N/A,N/A,29,50.2,N/A,N/A,N/A,N/A,3.7,0.9
6,SEIL,B2B Roadshow,Galaxy Buds3,16685,N/A,5486,114,40225,6.03,73.4,67.1,N/A,N/A,N/A,N/A,N/A,N/A,N/A,N/A,N/A,N/A,8.3,0.9
6,SEIL,Retail,Galaxy Buds3,19682,N/A,3922,114,28290,4.77,69.5,55.7,N/A,N/A,N/A,N/A,N/A,N/A,N/A,N/A,N/A,N/A,10.9,0.81
6,SEIL,Paid Social,Galaxy Watch6,435666,4303,10966,473,141241,0.96,71.8,41.9,N/A,N/A,N/A,N/A,N/A,N/A,N/A,N/A,N/A,N/A,7.9,0.75
6,SEIL,Influencer,Galaxy Watch6,N/A,N/A,3801,25,7088,5.39,55.7,46.1,Influencer_17,401165,5.39,N/A,N/A,N/A,N/A,N/A,N/A,N/A,8.1,0.87
6,SEIL,TV,Galaxy Watch6,N/A,N/A,20541,N/A,N/A,N/A,76.2,51.4,N/A,N/A,N/A,425,N/A,N/A,N/A,N/A,N/A,N/A,14.6,0.79
6,SEIL,Search,Galaxy Watch6,306899,5379,8766,859,364666,1.75,52.7,54.7,N/A,N/A,N/A,N/A,N/A,N/A,N/A,N/A,N/A,N/A,12.5,0.88
6,SEIL,Website,Galaxy Watch6,N/A,N/A,N/A,564,202115,N/A,52.0,48.9,N/A,N/A,N/A,N/A,N/A,N/A,40406,31.7,277,3.06,14.3,0.83
6,SEIL,PR,Galaxy Watch6,N/A,N/A,0,N/A,N/A,N/A,74.1,53.5,N/A,N/A,N/A,N/A,32,19.4,N/A,N/A,N/A,N/A,9.9,0.93
6,SEIL,B2B Roadshow,Galaxy Watch6,12012,N/A,3026,25,14899,7.06,60.1,59.9,N/A,N/A,N/A,N/A,N/A,N/A,N/A,N/A,N/A,N/A,11.5,0.91
6,SEIL,Retail,Galaxy Watch6,17932,N/A,4093,107,41534,2.8,51.0,53.6,N/A,N/A,N/A,N/A,N/A,N/A,N/A,N/A,N/A,N/A,13.9,0.89
6,SEPAK,Paid Social,Galaxy Z Fold8,299901,3316,8904,164,32025,1.05,68.0,33.8,N/A,N/A,N/A,N/A,N/A,N/A,N/A,N/A,N/A,N/A,15.2,0.77
6,SEPAK,Influencer,Galaxy Z Fold8,N/A,N/A,3768,15,6343,3.44,50.5,27.2,Influencer_20,761221,3.44,N/A,N/A,N/A,N/A,N/A,N/A,N/A,12.8,0.76
6,SEPAK,TV,Galaxy Z Fold8,N/A,N/A,14920,N/A,N/A,N/A,81.4,62.0,N/A,N/A,N/A,228,N/A,N/A,N/A,N/A,N/A,N/A,9.8,0.77
6,SEPAK,Search,Galaxy Z Fold8,166228,3022,7496,522,185866,1.82,54.3,37.2,N/A,N/A,N/A,N/A,N/A,N/A,N/A,N/A,N/A,N/A,9.9,0.9
6,SEPAK,Website,Galaxy Z Fold8,N/A,N/A,N/A,465,188920,N/A,44.5,49.5,N/A,N/A,N/A,N/A,N/A,N/A,29008,29.1,154,3.93,14.8,0.8
6,SEPAK,PR,Galaxy Z Fold8,N/A,N/A,0,N/A,N/A,N/A,65.2,57.4,N/A,N/A,N/A,N/A,32,18.7,N/A,N/A,N/A,N/A,3.4,0.9
6,SEPAK,B2B Roadshow,Galaxy Z Fold8,6274,N/A,4805,29,9214,3.02,68.4,58.7,N/A,N/A,N/A,N/A,N/A,N/A,N/A,N/A,N/A,N/A,11.0,0.96
6,SEPAK,Retail,Galaxy Z Fold8,18095,N/A,2874,47,14861,5.39,58.2,53.9,N/A,N/A,N/A,N/A,N/A,N/A,N/A,N/A,N/A,N/A,7.2,0.93
6,SEPAK,Paid Social,Galaxy Z Flip8,378380,4656,9782,194,66205,0.94,64.2,45.3,N/A,N/A,N/A,N/A,N/A,N/A,N/A,N/A,N/A,N/A,15.5,0.79
6,SEPAK,Influencer,Galaxy Z Flip8,N/A,N/A,2470,41,15660,4.28,49.0,47.1,Influencer_23,723273,4.28,N/A,N/A,N/A,N/A,N/A,N/A,N/A,12.2,0.89
6,SEPAK,TV,Galaxy Z Flip8,N/A,N/A,21900,N/A,N/A,N/A,76.7,49.2,N/A,N/A,N/A,194,N/A,N/A,N/A,N/A,N/A,N/A,10.2,0.8
6,SEPAK,Search,Galaxy Z Flip8,172169,3296,7025,388,199167,1.91,72.4,53.8,N/A,N/A,N/A,N/A,N/A,N/A,N/A,N/A,N/A,N/A,9.7,0.88
6,SEPAK,Website,Galaxy Z Flip8,N/A,N/A,N/A,292,116807,N/A,42.7,41.9,N/A,N/A,N/A,N/A,N/A,N/A,23391,32.8,238,3.04,9.5,0.83
6,SEPAK,PR,Galaxy Z Flip8,N/A,N/A,0,N/A,N/A,N/A,64.7,56.4,N/A,N/A,N/A,N/A,29,22.6,N/A,N/A,N/A,N/A,10.2,0.88
6,SEPAK,B2B Roadshow,Galaxy Z Flip8,6208,N/A,4795,59,21748,6.23,67.0,66.2,N/A,N/A,N/A,N/A,N/A,N/A,N/A,N/A,N/A,N/A,10.9,0.98
6,SEPAK,Retail,Galaxy Z Flip8,15956,N/A,2196,47,14316,4.83,53.2,57.3,N/A,N/A,N/A,N/A,N/A,N/A,N/A,N/A,N/A,N/A,10.4,0.84
6,SEPAK,Paid Social,Galaxy S24,310153,4504,10738,233,43200,1.11,70.1,37.8,N/A,N/A,N/A,N/A,N/A,N/A,N/A,N/A,N/A,N/A,9.9,0.74
6,SEPAK,Influencer,Galaxy S24,N/A,N/A,3234,13,5153,5.55,61.3,54.6,Influencer_23,443076,5.55,N/A,N/A,N/A,N/A,N/A,N/A,N/A,15.6,0.79
6,SEPAK,TV,Galaxy S24,N/A,N/A,26363,N/A,N/A,N/A,80.6,66.4,N/A,N/A,N/A,256,N/A,N/A,N/A,N/A,N/A,N/A,9.2,0.88
6,SEPAK,Search,Galaxy S24,160975,2901,5009,251,70393,1.8,68.8,41.1,N/A,N/A,N/A,N/A,N/A,N/A,N/A,N/A,N/A,N/A,5.7,0.85
6,SEPAK,Website,Galaxy S24,N/A,N/A,N/A,599,142669,N/A,50.3,35.3,N/A,N/A,N/A,N/A,N/A,N/A,39342,43.6,212,3.68,7.7,0.9
6,SEPAK,PR,Galaxy S24,N/A,N/A,0,N/A,N/A,N/A,60.4,50.6,N/A,N/A,N/A,N/A,33,30.1,N/A,N/A,N/A,N/A,1.6,0.82
6,SEPAK,B2B Roadshow,Galaxy S24,5733,N/A,4981,60,22363,7.17,66.5,55.6,N/A,N/A,N/A,N/A,N/A,N/A,N/A,N/A,N/A,N/A,6.7,0.85
6,SEPAK,Retail,Galaxy S24,9280,N/A,4922,48,18097,4.56,65.1,46.3,N/A,N/A,N/A,N/A,N/A,N/A,N/A,N/A,N/A,N/A,9.0,0.8
6,SEPAK,Paid Social,Galaxy Tab S10,444945,5206,16832,490,121889,1.18,56.1,48.0,N/A,N/A,N/A,N/A,N/A,N/A,N/A,N/A,N/A,N/A,16.5,0.94
6,SEPAK,Influencer,Galaxy Tab S10,N/A,N/A,5916,47,19998,4.52,53.5,38.2,Influencer_19,834930,4.52,N/A,N/A,N/A,N/A,N/A,N/A,N/A,11.2,0.85
6,SEPAK,TV,Galaxy Tab S10,N/A,N/A,19431,N/A,N/A,N/A,58.8,68.9,N/A,N/A,N/A,302,N/A,N/A,N/A,N/A,N/A,N/A,16.5,0.74
6,SEPAK,Search,Galaxy Tab S10,309733,4901,11888,575,198009,1.58,53.4,37.0,N/A,N/A,N/A,N/A,N/A,N/A,N/A,N/A,N/A,N/A,8.5,0.88
6,SEPAK,Website,Galaxy Tab S10,N/A,N/A,N/A,519,180408,N/A,49.7,37.1,N/A,N/A,N/A,N/A,N/A,N/A,41572,40.2,185,3.47,5.2,0.79
6,SEPAK,PR,Galaxy Tab S10,N/A,N/A,0,N/A,N/A,N/A,69.0,65.0,N/A,N/A,N/A,N/A,45,22.6,N/A,N/A,N/A,N/A,4.5,0.83
6,SEPAK,B2B Roadshow,Galaxy Tab S10,8563,N/A,6406,27,19248,7.74,72.9,68.5,N/A,N/A,N/A,N/A,N/A,N/A,N/A,N/A,N/A,N/A,7.1,0.83
6,SEPAK,Retail,Galaxy Tab S10,27888,N/A,5724,94,48482,2.31,55.9,61.4,N/A,N/A,N/A,N/A,N/A,N/A,N/A,N/A,N/A,N/A,10.4,0.81
6,SEPAK,Paid Social,Galaxy Buds3,573246,7985,8532,544,107913,1.45,49.0,62.0,N/A,N/A,N/A,N/A,N/A,N/A,N/A,N/A,N/A,N/A,6.8,0.88
6,SEPAK,Influencer,Galaxy Buds3,N/A,N/A,2874,7,2179,2.59,51.3,36.0,Influencer_19,262796,2.59,N/A,N/A,N/A,N/A,N/A,N/A,N/A,12.3,0.82
6,SEPAK,TV,Galaxy Buds3,N/A,N/A,30840,N/A,N/A,N/A,66.2,64.0,N/A,N/A,N/A,326,N/A,N/A,N/A,N/A,N/A,N/A,13.4,0.9
6,SEPAK,Search,Galaxy Buds3,418600,7063,16104,590,285437,1.69,66.6,50.8,N/A,N/A,N/A,N/A,N/A,N/A,N/A,N/A,N/A,N/A,5.2,0.93
6,SEPAK,Website,Galaxy Buds3,N/A,N/A,N/A,674,255154,N/A,61.3,35.9,N/A,N/A,N/A,N/A,N/A,N/A,59720,39.6,218,2.72,11.2,0.8
6,SEPAK,PR,Galaxy Buds3,N/A,N/A,0,N/A,N/A,N/A,66.6,71.0,N/A,N/A,N/A,N/A,28,28.3,N/A,N/A,N/A,N/A,3.0,0.89
6,SEPAK,B2B Roadshow,Galaxy Buds3,14209,N/A,4242,56,31110,5.84,74.8,54.2,N/A,N/A,N/A,N/A,N/A,N/A,N/A,N/A,N/A,N/A,11.9,0.85
6,SEPAK,Retail,Galaxy Buds3,11072,N/A,3087,109,19597,2.88,68.3,48.3,N/A,N/A,N/A,N/A,N/A,N/A,N/A,N/A,N/A,N/A,11.4,0.82
6,SEPAK,Paid Social,Galaxy Watch6,340386,3818,9292,341,134648,1.4,72.7,39.9,N/A,N/A,N/A,N/A,N/A,N/A,N/A,N/A,N/A,N/A,11.7,0.92
6,SEPAK,Influencer,Galaxy Watch6,N/A,N/A,2269,26,10408,4.71,62.9,43.7,Influencer_20,546659,4.71,N/A,N/A,N/A,N/A,N/A,N/A,N/A,13.0,0.91
6,SEPAK,TV,Galaxy Watch6,N/A,N/A,18429,N/A,N/A,N/A,77.4,54.8,N/A,N/A,N/A,205,N/A,N/A,N/A,N/A,N/A,N/A,9.7,0.91
6,SEPAK,Search,Galaxy Watch6,183033,3109,9304,264,112862,1.7,68.4,43.0,N/A,N/A,N/A,N/A,N/A,N/A,N/A,N/A,N/A,N/A,12.0,0.87
6,SEPAK,Website,Galaxy Watch6,N/A,N/A,N/A,529,138695,N/A,54.8,41.3,N/A,N/A,N/A,N/A,N/A,N/A,31479,43.1,175,3.55,9.0,0.85
6,SEPAK,PR,Galaxy Watch6,N/A,N/A,0,N/A,N/A,N/A,63.1,59.2,N/A,N/A,N/A,N/A,23,17.4,N/A,N/A,N/A,N/A,9.6,0.81
6,SEPAK,B2B Roadshow,Galaxy Watch6,8114,N/A,3466,37,17040,7.08,58.1,59.5,N/A,N/A,N/A,N/A,N/A,N/A,N/A,N/A,N/A,N/A,5.2,0.97
6,SEPAK,Retail,Galaxy Watch6,9499,N/A,3261,48,35107,5.52,59.8,64.2,N/A,N/A,N/A,N/A,N/A,N/A,N/A,N/A,N/A,N/A,10.7,0.86
7,SGE,Paid Social,Galaxy Z Fold8,543579,5243,11482,465,88918,0.91,55.3,44.7,N/A,N/A,N/A,N/A,N/A,N/A,N/A,N/A,N/A,N/A,5.5,0.72
7,SGE,Influencer,Galaxy Z Fold8,N/A,N/A,3743,6,1366,3.03,68.2,51.2,Influencer_3,208902,3.03,N/A,N/A,N/A,N/A,N/A,N/A,N/A,12.4,0.95
7,SGE,TV,Galaxy Z Fold8,N/A,N/A,17328,N/A,N/A,N/A,63.4,48.8,N/A,N/A,N/A,368,N/A,N/A,N/A,N/A,N/A,N/A,17.6,0.79
7,SGE,Search,Galaxy Z Fold8,379203,8031,12480,1177,325153,2.12,53.9,45.4,N/A,N/A,N/A,N/A,N/A,N/A,N/A,N/A,N/A,N/A,5.1,0.94
7,SGE,Website,Galaxy Z Fold8,N/A,N/A,N/A,625,220994,N/A,65.8,52.6,N/A,N/A,N/A,N/A,N/A,N/A,34955,41.4,199,3.68,9.4,0.8
7,SGE,PR,Galaxy Z Fold8,N/A,N/A,0,N/A,N/A,N/A,73.7,69.2,N/A,N/A,N/A,N/A,32,33.5,N/A,N/A,N/A,N/A,3.0,0.81
7,SGE,Paid Social,Galaxy Z Flip8,470238,6567,9864,600,194991,0.87,63.7,54.1,N/A,N/A,N/A,N/A,N/A,N/A,N/A,N/A,N/A,N/A,4.9,0.91
7,SGE,Influencer,Galaxy Z Flip8,N/A,N/A,5540,17,8253,4.93,48.3,46.6,Influencer_3,370715,4.93,N/A,N/A,N/A,N/A,N/A,N/A,N/A,14.0,0.83
7,SGE,TV,Galaxy Z Flip8,N/A,N/A,26109,N/A,N/A,N/A,83.6,53.2,N/A,N/A,N/A,463,N/A,N/A,N/A,N/A,N/A,N/A,9.7,0.77
7,SGE,Search,Galaxy Z Flip8,217333,4136,6442,363,154748,1.9,52.7,40.4,N/A,N/A,N/A,N/A,N/A,N/A,N/A,N/A,N/A,N/A,8.2,0.8
7,SGE,Website,Galaxy Z Flip8,N/A,N/A,N/A,371,105060,N/A,54.3,35.1,N/A,N/A,N/A,N/A,N/A,N/A,34284,31.4,211,3.58,10.9,0.92
7,SGE,PR,Galaxy Z Flip8,N/A,N/A,0,N/A,N/A,N/A,68.1,66.1,N/A,N/A,N/A,N/A,51,36.9,N/A,N/A,N/A,N/A,8.5,0.9
7,SGE,Paid Social,Galaxy S24,397296,3613,10507,244,39583,1.39,69.6,45.1,N/A,N/A,N/A,N/A,N/A,N/A,N/A,N/A,N/A,N/A,14.3,0.82
7,SGE,Influencer,Galaxy S24,N/A,N/A,3842,32,9538,5.52,68.1,39.7,Influencer_2,943588,5.52,N/A,N/A,N/A,N/A,N/A,N/A,N/A,9.0,0.93
7,SGE,TV,Galaxy S24,N/A,N/A,38599,N/A,N/A,N/A,76.5,45.7,N/A,N/A,N/A,485,N/A,N/A,N/A,N/A,N/A,N/A,15.2,0.91
7,SGE,Search,Galaxy S24,297848,3851,12053,365,188071,1.29,55.8,52.8,N/A,N/A,N/A,N/A,N/A,N/A,N/A,N/A,N/A,N/A,12.8,0.93
7,SGE,Website,Galaxy S24,N/A,N/A,N/A,515,202248,N/A,52.7,32.1,N/A,N/A,N/A,N/A,N/A,N/A,42354,37.6,237,3.7,9.3,0.9
7,SGE,PR,Galaxy S24,N/A,N/A,0,N/A,N/A,N/A,64.2,65.4,N/A,N/A,N/A,N/A,48,21.1,N/A,N/A,N/A,N/A,8.1,0.92
7,SGE,Paid Social,Galaxy Tab S10,369934,4334,16861,517,156710,1.23,58.5,61.9,N/A,N/A,N/A,N/A,N/A,N/A,N/A,N/A,N/A,N/A,14.1,0.81
7,SGE,Influencer,Galaxy Tab S10,N/A,N/A,4261,54,18194,4.41,47.6,27.5,Influencer_3,819682,4.41,N/A,N/A,N/A,N/A,N/A,N/A,N/A,11.8,0.94
7,SGE,TV,Galaxy Tab S10,N/A,N/A,19615,N/A,N/A,N/A,79.7,55.9,N/A,N/A,N/A,369,N/A,N/A,N/A,N/A,N/A,N/A,11.4,0.9
7,SGE,Search,Galaxy Tab S10,344906,4935,11687,806,255397,1.43,56.4,60.0,N/A,N/A,N/A,N/A,N/A,N/A,N/A,N/A,N/A,N/A,11.9,0.91
7,SGE,Website,Galaxy Tab S10,N/A,N/A,N/A,572,115012,N/A,54.6,41.9,N/A,N/A,N/A,N/A,N/A,N/A,47903,29.6,206,3.93,8.8,0.92
7,SGE,PR,Galaxy Tab S10,N/A,N/A,0,N/A,N/A,N/A,83.0,71.9,N/A,N/A,N/A,N/A,31,31.1,N/A,N/A,N/A,N/A,0.5,0.94
7,SGE,Paid Social,Galaxy Buds3,762598,10342,19002,1049,331304,1.15,62.9,49.4,N/A,N/A,N/A,N/A,N/A,N/A,N/A,N/A,N/A,N/A,11.1,0.89
7,SGE,Influencer,Galaxy Buds3,N/A,N/A,4907,18,7142,4.46,39.5,39.9,Influencer_1,607923,4.46,N/A,N/A,N/A,N/A,N/A,N/A,N/A,9.2,0.8
7,SGE,TV,Galaxy Buds3,N/A,N/A,52998,N/A,N/A,N/A,61.5,68.8,N/A,N/A,N/A,353,N/A,N/A,N/A,N/A,N/A,N/A,14.6,0.75
7,SGE,Search,Galaxy Buds3,390935,7317,20368,703,265688,1.87,68.0,46.7,N/A,N/A,N/A,N/A,N/A,N/A,N/A,N/A,N/A,N/A,11.1,0.83
7,SGE,Website,Galaxy Buds3,N/A,N/A,N/A,445,106307,N/A,45.0,51.3,N/A,N/A,N/A,N/A,N/A,N/A,50878,27.4,150,3.93,12.1,0.8
7,SGE,PR,Galaxy Buds3,N/A,N/A,0,N/A,N/A,N/A,71.8,51.4,N/A,N/A,N/A,N/A,36,18.4,N/A,N/A,N/A,N/A,7.3,0.92
7,SGE,Paid Social,Galaxy Watch6,427770,4951,15966,462,101443,0.86,69.2,44.0,N/A,N/A,N/A,N/A,N/A,N/A,N/A,N/A,N/A,N/A,9.2,0.75
7,SGE,Influencer,Galaxy Watch6,N/A,N/A,4646,32,14015,2.56,41.7,28.9,Influencer_2,960548,2.56,N/A,N/A,N/A,N/A,N/A,N/A,N/A,7.4,0.78
7,SGE,TV,Galaxy Watch6,N/A,N/A,37402,N/A,N/A,N/A,71.0,68.6,N/A,N/A,N/A,286,N/A,N/A,N/A,N/A,N/A,N/A,13.4,0.73
7,SGE,Search,Galaxy Watch6,289852,5775,13896,521,210341,1.99,70.1,43.0,N/A,N/A,N/A,N/A,N/A,N/A,N/A,N/A,N/A,N/A,5.9,0.88
7,SGE,Website,Galaxy Watch6,N/A,N/A,N/A,600,231697,N/A,54.8,40.1,N/A,N/A,N/A,N/A,N/A,N/A,33791,41.7,276,3.34,8.2,0.91
7,SGE,PR,Galaxy Watch6,N/A,N/A,0,N/A,N/A,N/A,60.6,57.3,N/A,N/A,N/A,N/A,13,28.6,N/A,N/A,N/A,N/A,9.3,0.95
7,SESAR,Paid Social,Galaxy Z Fold8,420057,4356,6121,512,187136,0.86,70.8,51.2,N/A,N/A,N/A,N/A,N/A,N/A,N/A,N/A,N/A,N/A,11.2,0.73
7,SESAR,Influencer,Galaxy Z Fold8,N/A,N/A,3759,36,10879,4.23,57.8,28.0,Influencer_21,696427,4.23,N/A,N/A,N/A,N/A,N/A,N/A,N/A,14.3,0.81
7,SESAR,TV,Galaxy Z Fold8,N/A,N/A,25225,N/A,N/A,N/A,79.6,52.8,N/A,N/A,N/A,337,N/A,N/A,N/A,N/A,N/A,N/A,16.1,0.73
7,SESAR,Search,Galaxy Z Fold8,228696,4264,7243,637,315128,1.86,74.8,44.7,N/A,N/A,N/A,N/A,N/A,N/A,N/A,N/A,N/A,N/A,11.8,0.94
7,SESAR,Website,Galaxy Z Fold8,N/A,N/A,N/A,695,225577,N/A,67.9,40.2,N/A,N/A,N/A,N/A,N/A,N/A,59797,39.8,254,2.53,11.6,0.91
7,SESAR,PR,Galaxy Z Fold8,N/A,N/A,0,N/A,N/A,N/A,81.8,57.5,N/A,N/A,N/A,N/A,43,33.1,N/A,N/A,N/A,N/A,1.3,0.84
7,SESAR,Paid Social,Galaxy Z Flip8,337499,3452,8027,188,38178,1.36,52.4,41.7,N/A,N/A,N/A,N/A,N/A,N/A,N/A,N/A,N/A,N/A,14.6,0.84
7,SESAR,Influencer,Galaxy Z Flip8,N/A,N/A,3748,21,9682,5.34,55.5,54.2,Influencer_4,283532,5.34,N/A,N/A,N/A,N/A,N/A,N/A,N/A,12.5,0.77
7,SESAR,TV,Galaxy Z Flip8,N/A,N/A,28226,N/A,N/A,N/A,82.3,53.3,N/A,N/A,N/A,392,N/A,N/A,N/A,N/A,N/A,N/A,16.3,0.74
7,SESAR,Search,Galaxy Z Flip8,237363,3486,5852,326,90724,1.47,73.4,37.8,N/A,N/A,N/A,N/A,N/A,N/A,N/A,N/A,N/A,N/A,12.2,0.79
7,SESAR,Website,Galaxy Z Flip8,N/A,N/A,N/A,586,132859,N/A,47.6,48.2,N/A,N/A,N/A,N/A,N/A,N/A,48666,28.2,213,2.62,10.2,0.91
7,SESAR,PR,Galaxy Z Flip8,N/A,N/A,0,N/A,N/A,N/A,72.3,66.6,N/A,N/A,N/A,N/A,50,39.4,N/A,N/A,N/A,N/A,1.5,0.92
7,SESAR,Paid Social,Galaxy S24,465528,6539,14350,386,97263,1.28,71.8,50.7,N/A,N/A,N/A,N/A,N/A,N/A,N/A,N/A,N/A,N/A,13.3,0.91
7,SESAR,Influencer,Galaxy S24,N/A,N/A,3260,18,7201,3.33,44.9,42.8,Influencer_5,774162,3.33,N/A,N/A,N/A,N/A,N/A,N/A,N/A,9.3,0.83
7,SESAR,TV,Galaxy S24,N/A,N/A,34358,N/A,N/A,N/A,81.8,52.7,N/A,N/A,N/A,305,N/A,N/A,N/A,N/A,N/A,N/A,8.8,0.89
7,SESAR,Search,Galaxy S24,182675,3483,9177,504,201248,1.91,74.2,47.8,N/A,N/A,N/A,N/A,N/A,N/A,N/A,N/A,N/A,N/A,5.9,0.82
7,SESAR,Website,Galaxy S24,N/A,N/A,N/A,459,185257,N/A,44.4,57.0,N/A,N/A,N/A,N/A,N/A,N/A,33401,36.6,213,2.7,11.9,0.88
7,SESAR,PR,Galaxy S24,N/A,N/A,0,N/A,N/A,N/A,66.0,72.4,N/A,N/A,N/A,N/A,35,19.0,N/A,N/A,N/A,N/A,5.6,0.9
7,SESAR,Paid Social,Galaxy Tab S10,438019,3843,6225,280,65894,1.11,49.9,52.8,N/A,N/A,N/A,N/A,N/A,N/A,N/A,N/A,N/A,N/A,6.0,0.79
7,SESAR,Influencer,Galaxy Tab S10,N/A,N/A,4286,22,8776,4.81,64.8,31.4,Influencer_5,597121,4.81,N/A,N/A,N/A,N/A,N/A,N/A,N/A,9.8,0.79
7,SESAR,TV,Galaxy Tab S10,N/A,N/A,22955,N/A,N/A,N/A,71.2,52.3,N/A,N/A,N/A,325,N/A,N/A,N/A,N/A,N/A,N/A,6.4,0.72
7,SESAR,Search,Galaxy Tab S10,271525,3688,5976,571,232559,1.36,54.9,40.5,N/A,N/A,N/A,N/A,N/A,N/A,N/A,N/A,N/A,N/A,6.8,0.83
7,SESAR,Website,Galaxy Tab S10,N/A,N/A,N/A,448,91141,N/A,52.1,48.1,N/A,N/A,N/A,N/A,N/A,N/A,36603,40.7,166,3.38,9.0,0.87
7,SESAR,PR,Galaxy Tab S10,N/A,N/A,0,N/A,N/A,N/A,84.6,55.1,N/A,N/A,N/A,N/A,27,40.2,N/A,N/A,N/A,N/A,4.7,0.87
7,SESAR,Paid Social,Galaxy Buds3,427488,3471,14760,318,78274,1.49,62.1,52.7,N/A,N/A,N/A,N/A,N/A,N/A,N/A,N/A,N/A,N/A,6.2,0.77
7,SESAR,Influencer,Galaxy Buds3,N/A,N/A,2856,19,7552,3.39,63.1,49.4,Influencer_5,747386,3.39,N/A,N/A,N/A,N/A,N/A,N/A,N/A,6.1,0.86
7,SESAR,TV,Galaxy Buds3,N/A,N/A,27765,N/A,N/A,N/A,81.5,51.8,N/A,N/A,N/A,391,N/A,N/A,N/A,N/A,N/A,N/A,8.7,0.91
7,SESAR,Search,Galaxy Buds3,443611,9119,20523,1570,688061,2.06,74.2,37.8,N/A,N/A,N/A,N/A,N/A,N/A,N/A,N/A,N/A,N/A,12.8,0.83
7,SESAR,Website,Galaxy Buds3,N/A,N/A,N/A,1077,215793,N/A,61.4,42.6,N/A,N/A,N/A,N/A,N/A,N/A,78760,28.9,177,3.6,11.5,0.8
7,SESAR,PR,Galaxy Buds3,N/A,N/A,0,N/A,N/A,N/A,77.2,72.4,N/A,N/A,N/A,N/A,33,33.9,N/A,N/A,N/A,N/A,5.5,0.86
7,SESAR,Paid Social,Galaxy Watch6,349594,3951,9215,439,101487,1.4,56.2,56.2,N/A,N/A,N/A,N/A,N/A,N/A,N/A,N/A,N/A,N/A,10.9,0.82
7,SESAR,Influencer,Galaxy Watch6,N/A,N/A,1812,12,5625,2.56,46.0,53.0,Influencer_5,789756,2.56,N/A,N/A,N/A,N/A,N/A,N/A,N/A,7.9,0.83
7,SESAR,TV,Galaxy Watch6,N/A,N/A,17379,N/A,N/A,N/A,76.0,69.9,N/A,N/A,N/A,226,N/A,N/A,N/A,N/A,N/A,N/A,11.1,0.75
7,SESAR,Search,Galaxy Watch6,343468,4858,11076,435,142217,1.41,72.8,47.9,N/A,N/A,N/A,N/A,N/A,N/A,N/A,N/A,N/A,N/A,13.1,0.88
7,SESAR,Website,Galaxy Watch6,N/A,N/A,N/A,922,205947,N/A,49.7,47.0,N/A,N/A,N/A,N/A,N/A,N/A,54480,43.5,180,2.64,12.0,0.92
7,SESAR,PR,Galaxy Watch6,N/A,N/A,0,N/A,N/A,N/A,77.7,61.9,N/A,N/A,N/A,N/A,25,16.3,N/A,N/A,N/A,N/A,6.3,0.91
7,SETK,Paid Social,Galaxy Z Fold8,239082,3462,13319,364,74288,1.09,55.4,36.1,N/A,N/A,N/A,N/A,N/A,N/A,N/A,N/A,N/A,N/A,11.5,0.93
7,SETK,Influencer,Galaxy Z Fold8,N/A,N/A,2782,11,4685,3.99,55.8,31.9,Influencer_6,200097,3.99,N/A,N/A,N/A,N/A,N/A,N/A,N/A,13.3,0.95
7,SETK,TV,Galaxy Z Fold8,N/A,N/A,32046,N/A,N/A,N/A,75.7,50.3,N/A,N/A,N/A,194,N/A,N/A,N/A,N/A,N/A,N/A,15.7,0.77
7,SETK,Search,Galaxy Z Fold8,153757,2971,7797,483,149388,1.93,57.2,39.2,N/A,N/A,N/A,N/A,N/A,N/A,N/A,N/A,N/A,N/A,8.2,0.88
7,SETK,Website,Galaxy Z Fold8,N/A,N/A,N/A,235,100594,N/A,54.2,49.2,N/A,N/A,N/A,N/A,N/A,N/A,25709,29.1,226,3.75,12.8,0.78
7,SETK,PR,Galaxy Z Fold8,N/A,N/A,0,N/A,N/A,N/A,69.9,61.7,N/A,N/A,N/A,N/A,32,15.2,N/A,N/A,N/A,N/A,6.6,0.94
7,SETK,Paid Social,Galaxy Z Flip8,264526,2273,8151,129,24308,0.88,52.4,57.8,N/A,N/A,N/A,N/A,N/A,N/A,N/A,N/A,N/A,N/A,7.7,0.83
7,SETK,Influencer,Galaxy Z Flip8,N/A,N/A,3726,55,26132,4.36,68.6,53.6,Influencer_24,910034,4.36,N/A,N/A,N/A,N/A,N/A,N/A,N/A,7.5,0.95
7,SETK,TV,Galaxy Z Flip8,N/A,N/A,30837,N/A,N/A,N/A,73.2,69.3,N/A,N/A,N/A,350,N/A,N/A,N/A,N/A,N/A,N/A,10.9,0.84
7,SETK,Search,Galaxy Z Flip8,253339,3747,8799,526,277656,1.48,69.8,58.6,N/A,N/A,N/A,N/A,N/A,N/A,N/A,N/A,N/A,N/A,6.0,0.83
7,SETK,Website,Galaxy Z Flip8,N/A,N/A,N/A,910,380999,N/A,49.1,49.5,N/A,N/A,N/A,N/A,N/A,N/A,52691,27.3,182,3.85,14.0,0.77
7,SETK,PR,Galaxy Z Flip8,N/A,N/A,0,N/A,N/A,N/A,76.7,66.2,N/A,N/A,N/A,N/A,38,26.8,N/A,N/A,N/A,N/A,7.8,0.81
7,SETK,Paid Social,Galaxy S24,282274,3323,9307,345,72491,0.84,71.2,49.7,N/A,N/A,N/A,N/A,N/A,N/A,N/A,N/A,N/A,N/A,5.4,0.83
7,SETK,Influencer,Galaxy S24,N/A,N/A,1788,18,5393,4.34,43.2,32.3,Influencer_7,555584,4.34,N/A,N/A,N/A,N/A,N/A,N/A,N/A,10.2,0.92
7,SETK,TV,Galaxy S24,N/A,N/A,20640,N/A,N/A,N/A,79.1,51.0,N/A,N/A,N/A,223,N/A,N/A,N/A,N/A,N/A,N/A,13.4,0.82
7,SETK,Search,Galaxy S24,298108,4895,11320,744,308029,1.64,68.2,45.7,N/A,N/A,N/A,N/A,N/A,N/A,N/A,N/A,N/A,N/A,5.7,0.82
7,SETK,Website,Galaxy S24,N/A,N/A,N/A,371,145198,N/A,61.5,34.1,N/A,N/A,N/A,N/A,N/A,N/A,44773,40.6,156,3.79,6.1,0.88
7,SETK,PR,Galaxy S24,N/A,N/A,0,N/A,N/A,N/A,62.6,53.2,N/A,N/A,N/A,N/A,47,32.6,N/A,N/A,N/A,N/A,9.0,0.82
7,SETK,Paid Social,Galaxy Tab S10,432657,6169,11482,275,84620,1.48,46.3,37.9,N/A,N/A,N/A,N/A,N/A,N/A,N/A,N/A,N/A,N/A,8.7,0.79
7,SETK,Influencer,Galaxy Tab S10,N/A,N/A,4352,27,6690,4.76,55.5,31.4,Influencer_7,728503,4.76,N/A,N/A,N/A,N/A,N/A,N/A,N/A,12.6,0.86
7,SETK,TV,Galaxy Tab S10,N/A,N/A,23189,N/A,N/A,N/A,72.1,64.7,N/A,N/A,N/A,308,N/A,N/A,N/A,N/A,N/A,N/A,7.6,0.88
7,SETK,Search,Galaxy Tab S10,214465,3648,5410,406,158608,1.7,62.5,49.4,N/A,N/A,N/A,N/A,N/A,N/A,N/A,N/A,N/A,N/A,4.6,0.79
7,SETK,Website,Galaxy Tab S10,N/A,N/A,N/A,674,198475,N/A,56.3,45.3,N/A,N/A,N/A,N/A,N/A,N/A,40016,37.7,172,3.04,8.6,0.85
7,SETK,PR,Galaxy Tab S10,N/A,N/A,0,N/A,N/A,N/A,80.4,61.2,N/A,N/A,N/A,N/A,23,27.4,N/A,N/A,N/A,N/A,9.3,0.86
7,SETK,Paid Social,Galaxy Buds3,374552,3956,12524,406,98995,0.83,66.9,52.2,N/A,N/A,N/A,N/A,N/A,N/A,N/A,N/A,N/A,N/A,5.1,0.75
7,SETK,Influencer,Galaxy Buds3,N/A,N/A,5395,43,13180,5.5,69.1,50.2,Influencer_6,831350,5.5,N/A,N/A,N/A,N/A,N/A,N/A,N/A,13.7,0.94
7,SETK,TV,Galaxy Buds3,N/A,N/A,45927,N/A,N/A,N/A,62.1,47.0,N/A,N/A,N/A,351,N/A,N/A,N/A,N/A,N/A,N/A,15.4,0.91
7,SETK,Search,Galaxy Buds3,360061,5231,19465,483,201284,1.45,63.0,37.8,N/A,N/A,N/A,N/A,N/A,N/A,N/A,N/A,N/A,N/A,9.8,0.82
7,SETK,Website,Galaxy Buds3,N/A,N/A,N/A,703,223842,N/A,52.9,51.1,N/A,N/A,N/A,N/A,N/A,N/A,52196,42.6,213,3.27,9.8,0.76
7,SETK,PR,Galaxy Buds3,N/A,N/A,0,N/A,N/A,N/A,77.3,51.9,N/A,N/A,N/A,N/A,38,22.3,N/A,N/A,N/A,N/A,4.0,0.91
7,SETK,Paid Social,Galaxy Watch6,418297,3846,14593,352,111494,1.02,54.4,34.0,N/A,N/A,N/A,N/A,N/A,N/A,N/A,N/A,N/A,N/A,15.1,0.89
7,SETK,Influencer,Galaxy Watch6,N/A,N/A,4712,30,7924,5.03,48.4,50.3,Influencer_7,586144,5.03,N/A,N/A,N/A,N/A,N/A,N/A,N/A,6.7,0.92
7,SETK,TV,Galaxy Watch6,N/A,N/A,26395,N/A,N/A,N/A,82.6,61.3,N/A,N/A,N/A,260,N/A,N/A,N/A,N/A,N/A,N/A,7.7,0.91
7,SETK,Search,Galaxy Watch6,235556,4611,5408,454,220915,1.96,67.8,46.9,N/A,N/A,N/A,N/A,N/A,N/A,N/A,N/A,N/A,N/A,9.1,0.81
7,SETK,Website,Galaxy Watch6,N/A,N/A,N/A,627,268267,N/A,51.1,51.8,N/A,N/A,N/A,N/A,N/A,N/A,35682,25.5,171,3.2,13.1,0.84
7,SETK,PR,Galaxy Watch6,N/A,N/A,0,N/A,N/A,N/A,83.5,67.7,N/A,N/A,N/A,N/A,40,30.2,N/A,N/A,N/A,N/A,7.0,0.86
7,SELV,Paid Social,Galaxy Z Fold8,435352,5608,15948,304,120254,1.03,74.7,47.4,N/A,N/A,N/A,N/A,N/A,N/A,N/A,N/A,N/A,N/A,14.5,0.72
7,SELV,Influencer,Galaxy Z Fold8,N/A,N/A,4744,16,7967,2.63,47.8,33.1,Influencer_8,556441,2.63,N/A,N/A,N/A,N/A,N/A,N/A,N/A,8.1,0.94
7,SELV,TV,Galaxy Z Fold8,N/A,N/A,29297,N/A,N/A,N/A,79.7,51.9,N/A,N/A,N/A,273,N/A,N/A,N/A,N/A,N/A,N/A,9.6,0.86
7,SELV,Search,Galaxy Z Fold8,278820,5376,8047,863,239065,1.93,67.6,49.1,N/A,N/A,N/A,N/A,N/A,N/A,N/A,N/A,N/A,N/A,8.4,0.92
7,SELV,Website,Galaxy Z Fold8,N/A,N/A,N/A,489,171939,N/A,48.3,37.4,N/A,N/A,N/A,N/A,N/A,N/A,36422,29.0,173,3.45,8.5,0.81
7,SELV,PR,Galaxy Z Fold8,N/A,N/A,0,N/A,N/A,N/A,70.7,49.3,N/A,N/A,N/A,N/A,26,16.2,N/A,N/A,N/A,N/A,1.1,0.81
7,SELV,Paid Social,Galaxy Z Flip8,491280,6034,15699,481,187794,1.49,48.4,62.2,N/A,N/A,N/A,N/A,N/A,N/A,N/A,N/A,N/A,N/A,14.8,0.89
7,SELV,Influencer,Galaxy Z Flip8,N/A,N/A,1697,59,15494,5.62,39.9,51.3,Influencer_8,749950,5.62,N/A,N/A,N/A,N/A,N/A,N/A,N/A,11.8,0.82
7,SELV,TV,Galaxy Z Flip8,N/A,N/A,31458,N/A,N/A,N/A,72.7,66.4,N/A,N/A,N/A,250,N/A,N/A,N/A,N/A,N/A,N/A,12.1,0.72
7,SELV,Search,Galaxy Z Flip8,363504,5733,14010,823,328546,1.58,68.0,58.3,N/A,N/A,N/A,N/A,N/A,N/A,N/A,N/A,N/A,N/A,9.6,0.93
7,SELV,Website,Galaxy Z Flip8,N/A,N/A,N/A,986,414682,N/A,63.2,35.3,N/A,N/A,N/A,N/A,N/A,N/A,57453,38.6,250,3.05,5.1,0.81
7,SELV,PR,Galaxy Z Flip8,N/A,N/A,0,N/A,N/A,N/A,82.3,64.4,N/A,N/A,N/A,N/A,15,39.3,N/A,N/A,N/A,N/A,5.6,0.82
7,SELV,Paid Social,Galaxy S24,359269,3442,13754,283,66713,0.82,49.7,63.3,N/A,N/A,N/A,N/A,N/A,N/A,N/A,N/A,N/A,N/A,6.8,0.9
7,SELV,Influencer,Galaxy S24,N/A,N/A,3928,12,3264,4.62,47.4,37.1,Influencer_9,426057,4.62,N/A,N/A,N/A,N/A,N/A,N/A,N/A,6.7,0.8
7,SELV,TV,Galaxy S24,N/A,N/A,17814,N/A,N/A,N/A,77.7,63.8,N/A,N/A,N/A,415,N/A,N/A,N/A,N/A,N/A,N/A,7.4,0.83
7,SELV,Search,Galaxy S24,380444,4728,12111,676,326782,1.24,58.2,50.0,N/A,N/A,N/A,N/A,N/A,N/A,N/A,N/A,N/A,N/A,7.8,0.85
7,SELV,Website,Galaxy S24,N/A,N/A,N/A,406,90942,N/A,43.8,33.1,N/A,N/A,N/A,N/A,N/A,N/A,30841,39.9,259,3.67,6.4,0.93
7,SELV,PR,Galaxy S24,N/A,N/A,0,N/A,N/A,N/A,69.5,58.3,N/A,N/A,N/A,N/A,47,41.5,N/A,N/A,N/A,N/A,5.9,0.93
7,SELV,Paid Social,Galaxy Tab S10,494940,4053,9375,384,64577,1.46,51.9,62.0,N/A,N/A,N/A,N/A,N/A,N/A,N/A,N/A,N/A,N/A,13.7,0.76
7,SELV,Influencer,Galaxy Tab S10,N/A,N/A,3586,15,3825,2.68,56.3,41.6,Influencer_10,573078,2.68,N/A,N/A,N/A,N/A,N/A,N/A,N/A,14.4,0.83
7,SELV,TV,Galaxy Tab S10,N/A,N/A,36734,N/A,N/A,N/A,81.6,61.0,N/A,N/A,N/A,400,N/A,N/A,N/A,N/A,N/A,N/A,17.6,0.89
7,SELV,Search,Galaxy Tab S10,248738,4849,6226,444,151493,1.95,63.7,57.5,N/A,N/A,N/A,N/A,N/A,N/A,N/A,N/A,N/A,N/A,13.1,0.9
7,SELV,Website,Galaxy Tab S10,N/A,N/A,N/A,573,182914,N/A,48.7,48.1,N/A,N/A,N/A,N/A,N/A,N/A,52198,38.3,184,3.11,10.6,0.77
7,SELV,PR,Galaxy Tab S10,N/A,N/A,0,N/A,N/A,N/A,71.8,65.7,N/A,N/A,N/A,N/A,17,35.0,N/A,N/A,N/A,N/A,5.9,0.81
7,SELV,Paid Social,Galaxy Buds3,571777,8549,25601,825,289427,1.0,51.0,33.9,N/A,N/A,N/A,N/A,N/A,N/A,N/A,N/A,N/A,N/A,16.4,0.95
7,SELV,Influencer,Galaxy Buds3,N/A,N/A,6514,17,6581,3.91,57.9,50.0,Influencer_8,373645,3.91,N/A,N/A,N/A,N/A,N/A,N/A,N/A,11.6,0.83
7,SELV,TV,Galaxy Buds3,N/A,N/A,40774,N/A,N/A,N/A,72.8,60.6,N/A,N/A,N/A,679,N/A,N/A,N/A,N/A,N/A,N/A,13.0,0.87
7,SELV,Search,Galaxy Buds3,540879,10607,20582,943,383483,1.96,53.4,57.3,N/A,N/A,N/A,N/A,N/A,N/A,N/A,N/A,N/A,N/A,9.4,0.88
7,SELV,Website,Galaxy Buds3,N/A,N/A,N/A,644,219819,N/A,57.6,51.8,N/A,N/A,N/A,N/A,N/A,N/A,68088,30.9,278,3.83,13.1,0.92
7,SELV,PR,Galaxy Buds3,N/A,N/A,0,N/A,N/A,N/A,81.5,68.6,N/A,N/A,N/A,N/A,36,18.3,N/A,N/A,N/A,N/A,2.4,0.92
7,SELV,Paid Social,Galaxy Watch6,498843,7374,13884,627,244628,0.84,64.2,34.1,N/A,N/A,N/A,N/A,N/A,N/A,N/A,N/A,N/A,N/A,11.2,0.74
7,SELV,Influencer,Galaxy Watch6,N/A,N/A,3531,19,3973,4.1,52.4,49.5,Influencer_8,323434,4.1,N/A,N/A,N/A,N/A,N/A,N/A,N/A,9.0,0.94
7,SELV,TV,Galaxy Watch6,N/A,N/A,24721,N/A,N/A,N/A,74.2,53.6,N/A,N/A,N/A,366,N/A,N/A,N/A,N/A,N/A,N/A,13.8,0.9
7,SELV,Search,Galaxy Watch6,352487,5089,14875,477,247620,1.44,68.7,58.6,N/A,N/A,N/A,N/A,N/A,N/A,N/A,N/A,N/A,N/A,13.0,0.91
7,SELV,Website,Galaxy Watch6,N/A,N/A,N/A,921,388496,N/A,57.6,42.9,N/A,N/A,N/A,N/A,N/A,N/A,52347,27.4,186,3.85,4.8,0.89
7,SELV,PR,Galaxy Watch6,N/A,N/A,0,N/A,N/A,N/A,79.6,62.0,N/A,N/A,N/A,N/A,20,27.2,N/A,N/A,N/A,N/A,1.7,0.91
7,SEMAG,Paid Social,Galaxy Z Fold8,233332,3146,10425,270,63768,1.24,73.2,39.9,N/A,N/A,N/A,N/A,N/A,N/A,N/A,N/A,N/A,N/A,11.2,0.9
7,SEMAG,Influencer,Galaxy Z Fold8,N/A,N/A,1781,61,26972,5.41,48.5,37.1,Influencer_22,904655,5.41,N/A,N/A,N/A,N/A,N/A,N/A,N/A,15.1,0.77
7,SEMAG,TV,Galaxy Z Fold8,N/A,N/A,18098,N/A,N/A,N/A,65.7,59.0,N/A,N/A,N/A,338,N/A,N/A,N/A,N/A,N/A,N/A,8.7,0.88
7,SEMAG,Search,Galaxy Z Fold8,196740,4032,8035,574,150484,2.05,50.5,61.7,N/A,N/A,N/A,N/A,N/A,N/A,N/A,N/A,N/A,N/A,8.5,0.82
7,SEMAG,Website,Galaxy Z Fold8,N/A,N/A,N/A,317,104126,N/A,44.8,52.8,N/A,N/A,N/A,N/A,N/A,N/A,21612,37.0,249,2.59,12.1,0.84
7,SEMAG,PR,Galaxy Z Fold8,N/A,N/A,0,N/A,N/A,N/A,65.3,63.7,N/A,N/A,N/A,N/A,11,17.4,N/A,N/A,N/A,N/A,7.8,0.93
7,SEMAG,Paid Social,Galaxy Z Flip8,218178,1818,6021,127,20827,1.25,47.9,52.3,N/A,N/A,N/A,N/A,N/A,N/A,N/A,N/A,N/A,N/A,5.4,0.88
7,SEMAG,Influencer,Galaxy Z Flip8,N/A,N/A,1891,36,12835,3.93,65.3,55.5,Influencer_22,675148,3.93,N/A,N/A,N/A,N/A,N/A,N/A,N/A,12.3,0.88
7,SEMAG,TV,Galaxy Z Flip8,N/A,N/A,14150,N/A,N/A,N/A,68.2,61.4,N/A,N/A,N/A,328,N/A,N/A,N/A,N/A,N/A,N/A,9.0,0.9
7,SEMAG,Search,Galaxy Z Flip8,225686,3707,8170,441,117947,1.64,73.4,59.8,N/A,N/A,N/A,N/A,N/A,N/A,N/A,N/A,N/A,N/A,10.7,0.9
7,SEMAG,Website,Galaxy Z Flip8,N/A,N/A,N/A,650,226900,N/A,55.7,47.6,N/A,N/A,N/A,N/A,N/A,N/A,44180,31.9,173,3.62,9.2,0.82
7,SEMAG,PR,Galaxy Z Flip8,N/A,N/A,0,N/A,N/A,N/A,74.6,71.7,N/A,N/A,N/A,N/A,11,44.5,N/A,N/A,N/A,N/A,1.0,0.92
7,SEMAG,Paid Social,Galaxy S24,217565,2345,12396,220,47453,1.48,51.5,47.0,N/A,N/A,N/A,N/A,N/A,N/A,N/A,N/A,N/A,N/A,5.6,0.73
7,SEMAG,Influencer,Galaxy S24,N/A,N/A,1870,20,9494,5.0,51.1,41.0,Influencer_12,575263,5.0,N/A,N/A,N/A,N/A,N/A,N/A,N/A,15.2,0.84
7,SEMAG,TV,Galaxy S24,N/A,N/A,18456,N/A,N/A,N/A,83.9,68.2,N/A,N/A,N/A,354,N/A,N/A,N/A,N/A,N/A,N/A,13.9,0.74
7,SEMAG,Search,Galaxy S24,163904,1967,5818,200,75313,1.2,70.4,62.2,N/A,N/A,N/A,N/A,N/A,N/A,N/A,N/A,N/A,N/A,7.1,0.85
7,SEMAG,Website,Galaxy S24,N/A,N/A,N/A,475,117608,N/A,58.2,50.1,N/A,N/A,N/A,N/A,N/A,N/A,40465,33.9,225,2.96,6.2,0.85
7,SEMAG,PR,Galaxy S24,N/A,N/A,0,N/A,N/A,N/A,70.4,61.2,N/A,N/A,N/A,N/A,11,19.2,N/A,N/A,N/A,N/A,9.2,0.82
7,SEMAG,Paid Social,Galaxy Tab S10,273863,2736,5836,161,32396,0.98,48.5,47.5,N/A,N/A,N/A,N/A,N/A,N/A,N/A,N/A,N/A,N/A,5.8,0.74
7,SEMAG,Influencer,Galaxy Tab S10,N/A,N/A,3598,52,24676,5.27,41.4,52.0,Influencer_12,976907,5.27,N/A,N/A,N/A,N/A,N/A,N/A,N/A,12.3,0.93
7,SEMAG,TV,Galaxy Tab S10,N/A,N/A,29155,N/A,N/A,N/A,79.7,48.1,N/A,N/A,N/A,286,N/A,N/A,N/A,N/A,N/A,N/A,8.1,0.82
7,SEMAG,Search,Galaxy Tab S10,221055,3032,11854,345,172128,1.37,69.4,54.9,N/A,N/A,N/A,N/A,N/A,N/A,N/A,N/A,N/A,N/A,8.1,0.9
7,SEMAG,Website,Galaxy Tab S10,N/A,N/A,N/A,571,191193,N/A,68.3,42.2,N/A,N/A,N/A,N/A,N/A,N/A,34153,42.5,195,3.32,7.9,0.85
7,SEMAG,PR,Galaxy Tab S10,N/A,N/A,0,N/A,N/A,N/A,61.1,68.0,N/A,N/A,N/A,N/A,32,43.8,N/A,N/A,N/A,N/A,5.7,0.92
7,SEMAG,Paid Social,Galaxy Buds3,462031,4998,10134,381,123835,1.08,73.6,40.5,N/A,N/A,N/A,N/A,N/A,N/A,N/A,N/A,N/A,N/A,9.4,0.89
7,SEMAG,Influencer,Galaxy Buds3,N/A,N/A,1923,7,1701,3.78,58.9,32.1,Influencer_22,216212,3.78,N/A,N/A,N/A,N/A,N/A,N/A,N/A,8.1,0.82
7,SEMAG,TV,Galaxy Buds3,N/A,N/A,25776,N/A,N/A,N/A,83.8,62.5,N/A,N/A,N/A,283,N/A,N/A,N/A,N/A,N/A,N/A,13.7,0.72
7,SEMAG,Search,Galaxy Buds3,303234,5273,15718,915,417262,1.74,59.9,41.5,N/A,N/A,N/A,N/A,N/A,N/A,N/A,N/A,N/A,N/A,4.9,0.88
7,SEMAG,Website,Galaxy Buds3,N/A,N/A,N/A,405,138775,N/A,62.3,55.9,N/A,N/A,N/A,N/A,N/A,N/A,46431,31.5,251,3.95,10.1,0.85
7,SEMAG,PR,Galaxy Buds3,N/A,N/A,0,N/A,N/A,N/A,76.1,61.9,N/A,N/A,N/A,N/A,34,22.1,N/A,N/A,N/A,N/A,7.5,0.94
7,SEMAG,Paid Social,Galaxy Watch6,424869,3869,5626,418,146131,1.47,66.3,40.3,N/A,N/A,N/A,N/A,N/A,N/A,N/A,N/A,N/A,N/A,14.6,0.81
7,SEMAG,Influencer,Galaxy Watch6,N/A,N/A,2147,41,11789,5.01,43.0,53.5,Influencer_11,827282,5.01,N/A,N/A,N/A,N/A,N/A,N/A,N/A,9.3,0.9
7,SEMAG,TV,Galaxy Watch6,N/A,N/A,27015,N/A,N/A,N/A,74.7,61.7,N/A,N/A,N/A,289,N/A,N/A,N/A,N/A,N/A,N/A,9.2,0.81
7,SEMAG,Search,Galaxy Watch6,249091,4253,4748,635,242837,1.71,58.7,42.2,N/A,N/A,N/A,N/A,N/A,N/A,N/A,N/A,N/A,N/A,12.3,0.84
7,SEMAG,Website,Galaxy Watch6,N/A,N/A,N/A,549,183814,N/A,58.8,38.9,N/A,N/A,N/A,N/A,N/A,N/A,43002,44.4,197,2.54,12.3,0.92
7,SEMAG,PR,Galaxy Watch6,N/A,N/A,0,N/A,N/A,N/A,77.1,59.9,N/A,N/A,N/A,N/A,11,36.6,N/A,N/A,N/A,N/A,5.9,0.88
7,SEEG,Paid Social,Galaxy Z Fold8,352867,3193,13872,361,99798,1.3,50.1,58.4,N/A,N/A,N/A,N/A,N/A,N/A,N/A,N/A,N/A,N/A,8.3,0.84
7,SEEG,Influencer,Galaxy Z Fold8,N/A,N/A,3720,26,10516,2.63,39.1,46.3,Influencer_15,986185,2.63,N/A,N/A,N/A,N/A,N/A,N/A,N/A,12.7,0.91
7,SEEG,TV,Galaxy Z Fold8,N/A,N/A,24372,N/A,N/A,N/A,76.4,67.6,N/A,N/A,N/A,191,N/A,N/A,N/A,N/A,N/A,N/A,13.8,0.89
7,SEEG,Search,Galaxy Z Fold8,313260,6874,10116,1050,367041,2.19,61.2,38.7,N/A,N/A,N/A,N/A,N/A,N/A,N/A,N/A,N/A,N/A,10.3,0.81
7,SEEG,Website,Galaxy Z Fold8,N/A,N/A,N/A,518,147970,N/A,56.5,43.5,N/A,N/A,N/A,N/A,N/A,N/A,32875,32.5,214,2.77,8.4,0.78
7,SEEG,PR,Galaxy Z Fold8,N/A,N/A,0,N/A,N/A,N/A,76.5,64.2,N/A,N/A,N/A,N/A,44,23.8,N/A,N/A,N/A,N/A,1.6,0.89
7,SEEG,Paid Social,Galaxy Z Flip8,360907,5026,11170,534,109763,1.46,61.9,60.4,N/A,N/A,N/A,N/A,N/A,N/A,N/A,N/A,N/A,N/A,11.4,0.73
7,SEEG,Influencer,Galaxy Z Flip8,N/A,N/A,3872,14,4177,3.41,55.1,37.1,Influencer_15,372408,3.41,N/A,N/A,N/A,N/A,N/A,N/A,N/A,15.8,0.85
7,SEEG,TV,Galaxy Z Flip8,N/A,N/A,23625,N/A,N/A,N/A,63.2,59.9,N/A,N/A,N/A,269,N/A,N/A,N/A,N/A,N/A,N/A,10.6,0.84
7,SEEG,Search,Galaxy Z Flip8,298875,4250,12311,598,272646,1.42,52.4,59.2,N/A,N/A,N/A,N/A,N/A,N/A,N/A,N/A,N/A,N/A,12.7,0.8
7,SEEG,Website,Galaxy Z Flip8,N/A,N/A,N/A,532,109812,N/A,67.1,46.0,N/A,N/A,N/A,N/A,N/A,N/A,45574,37.9,217,3.93,4.7,0.81
7,SEEG,PR,Galaxy Z Flip8,N/A,N/A,0,N/A,N/A,N/A,67.7,54.9,N/A,N/A,N/A,N/A,36,38.2,N/A,N/A,N/A,N/A,0.5,0.85
7,SEEG,Paid Social,Galaxy S24,372025,3288,12953,348,58682,1.38,72.9,51.4,N/A,N/A,N/A,N/A,N/A,N/A,N/A,N/A,N/A,N/A,6.5,0.75
7,SEEG,Influencer,Galaxy S24,N/A,N/A,2341,32,7225,4.54,50.0,38.8,Influencer_13,549820,4.54,N/A,N/A,N/A,N/A,N/A,N/A,N/A,6.8,0.81
7,SEEG,TV,Galaxy S24,N/A,N/A,16670,N/A,N/A,N/A,79.7,50.6,N/A,N/A,N/A,254,N/A,N/A,N/A,N/A,N/A,N/A,8.4,0.75
7,SEEG,Search,Galaxy S24,281129,5864,10684,748,376814,2.09,62.9,43.7,N/A,N/A,N/A,N/A,N/A,N/A,N/A,N/A,N/A,N/A,8.0,0.92
7,SEEG,Website,Galaxy S24,N/A,N/A,N/A,205,72814,N/A,59.5,34.7,N/A,N/A,N/A,N/A,N/A,N/A,25200,44.1,188,3.55,14.0,0.89
7,SEEG,PR,Galaxy S24,N/A,N/A,0,N/A,N/A,N/A,64.9,58.0,N/A,N/A,N/A,N/A,10,38.3,N/A,N/A,N/A,N/A,5.2,0.96
7,SEEG,Paid Social,Galaxy Tab S10,389224,4726,12372,401,120808,1.38,68.2,33.6,N/A,N/A,N/A,N/A,N/A,N/A,N/A,N/A,N/A,N/A,8.8,0.76
7,SEEG,Influencer,Galaxy Tab S10,N/A,N/A,4176,28,6967,4.45,43.2,36.9,Influencer_13,752372,4.45,N/A,N/A,N/A,N/A,N/A,N/A,N/A,14.0,0.91
7,SEEG,TV,Galaxy Tab S10,N/A,N/A,26126,N/A,N/A,N/A,60.5,53.6,N/A,N/A,N/A,275,N/A,N/A,N/A,N/A,N/A,N/A,15.1,0.82
7,SEEG,Search,Galaxy Tab S10,312958,5163,11020,557,283389,1.65,53.3,55.4,N/A,N/A,N/A,N/A,N/A,N/A,N/A,N/A,N/A,N/A,8.8,0.94
7,SEEG,Website,Galaxy Tab S10,N/A,N/A,N/A,523,148994,N/A,51.3,49.8,N/A,N/A,N/A,N/A,N/A,N/A,38991,36.8,243,3.69,10.6,0.78
7,SEEG,PR,Galaxy Tab S10,N/A,N/A,0,N/A,N/A,N/A,75.9,51.4,N/A,N/A,N/A,N/A,16,24.1,N/A,N/A,N/A,N/A,1.1,0.91
7,SEEG,Paid Social,Galaxy Buds3,455097,3721,8237,411,66055,1.36,56.7,40.3,N/A,N/A,N/A,N/A,N/A,N/A,N/A,N/A,N/A,N/A,12.3,0.76
7,SEEG,Influencer,Galaxy Buds3,N/A,N/A,6590,22,9858,4.75,63.1,53.1,Influencer_14,337497,4.75,N/A,N/A,N/A,N/A,N/A,N/A,N/A,6.6,0.75
7,SEEG,TV,Galaxy Buds3,N/A,N/A,35286,N/A,N/A,N/A,59.8,50.6,N/A,N/A,N/A,436,N/A,N/A,N/A,N/A,N/A,N/A,13.4,0.83
7,SEEG,Search,Galaxy Buds3,266961,5024,13028,554,279956,1.88,62.9,47.3,N/A,N/A,N/A,N/A,N/A,N/A,N/A,N/A,N/A,N/A,9.5,0.94
7,SEEG,Website,Galaxy Buds3,N/A,N/A,N/A,728,320883,N/A,65.9,51.7,N/A,N/A,N/A,N/A,N/A,N/A,77156,38.8,206,3.13,11.7,0.8
7,SEEG,PR,Galaxy Buds3,N/A,N/A,0,N/A,N/A,N/A,60.7,57.6,N/A,N/A,N/A,N/A,48,19.5,N/A,N/A,N/A,N/A,5.0,0.92
7,SEEG,Paid Social,Galaxy Watch6,264566,3818,9645,216,84169,1.17,69.7,38.6,N/A,N/A,N/A,N/A,N/A,N/A,N/A,N/A,N/A,N/A,11.0,0.9
7,SEEG,Influencer,Galaxy Watch6,N/A,N/A,1581,6,2291,3.17,65.5,46.4,Influencer_13,340221,3.17,N/A,N/A,N/A,N/A,N/A,N/A,N/A,12.2,0.87
7,SEEG,TV,Galaxy Watch6,N/A,N/A,15238,N/A,N/A,N/A,77.5,67.6,N/A,N/A,N/A,266,N/A,N/A,N/A,N/A,N/A,N/A,12.0,0.8
7,SEEG,Search,Galaxy Watch6,250496,3407,11329,390,159804,1.36,69.0,47.8,N/A,N/A,N/A,N/A,N/A,N/A,N/A,N/A,N/A,N/A,10.6,0.89
7,SEEG,Website,Galaxy Watch6,N/A,N/A,N/A,522,221830,N/A,67.7,46.1,N/A,N/A,N/A,N/A,N/A,N/A,32936,34.6,232,2.89,7.2,0.77
7,SEEG,PR,Galaxy Watch6,N/A,N/A,0,N/A,N/A,N/A,84.1,56.5,N/A,N/A,N/A,N/A,17,40.9,N/A,N/A,N/A,N/A,6.0,0.88
7,SEIL,Paid Social,Galaxy Z Fold8,475961,6655,14102,469,147462,0.97,48.6,35.0,N/A,N/A,N/A,N/A,N/A,N/A,N/A,N/A,N/A,N/A,14.9,0.88
7,SEIL,Influencer,Galaxy Z Fold8,N/A,N/A,1846,34,8993,4.14,52.4,48.5,Influencer_18,876772,4.14,N/A,N/A,N/A,N/A,N/A,N/A,N/A,8.1,0.86
7,SEIL,TV,Galaxy Z Fold8,N/A,N/A,35793,N/A,N/A,N/A,63.7,66.4,N/A,N/A,N/A,469,N/A,N/A,N/A,N/A,N/A,N/A,6.2,0.76
7,SEIL,Search,Galaxy Z Fold8,200216,3557,8932,548,281928,1.78,73.7,56.0,N/A,N/A,N/A,N/A,N/A,N/A,N/A,N/A,N/A,N/A,11.4,0.89
7,SEIL,Website,Galaxy Z Fold8,N/A,N/A,N/A,452,117098,N/A,51.5,41.1,N/A,N/A,N/A,N/A,N/A,N/A,31434,36.0,210,3.85,14.1,0.89
7,SEIL,PR,Galaxy Z Fold8,N/A,N/A,0,N/A,N/A,N/A,74.4,56.1,N/A,N/A,N/A,N/A,46,21.1,N/A,N/A,N/A,N/A,4.2,0.88
7,SEIL,Paid Social,Galaxy Z Flip8,439927,4945,14781,284,99985,1.0,73.8,50.5,N/A,N/A,N/A,N/A,N/A,N/A,N/A,N/A,N/A,N/A,7.6,0.76
7,SEIL,Influencer,Galaxy Z Flip8,N/A,N/A,2075,28,9353,5.0,63.8,52.8,Influencer_17,840903,5.0,N/A,N/A,N/A,N/A,N/A,N/A,N/A,10.3,0.79
7,SEIL,TV,Galaxy Z Flip8,N/A,N/A,21747,N/A,N/A,N/A,60.7,46.9,N/A,N/A,N/A,327,N/A,N/A,N/A,N/A,N/A,N/A,8.8,0.9
7,SEIL,Search,Galaxy Z Flip8,286457,5613,13811,852,267759,1.96,67.5,58.1,N/A,N/A,N/A,N/A,N/A,N/A,N/A,N/A,N/A,N/A,5.4,0.93
7,SEIL,Website,Galaxy Z Flip8,N/A,N/A,N/A,646,153302,N/A,52.5,50.2,N/A,N/A,N/A,N/A,N/A,N/A,61959,41.2,175,2.7,11.8,0.76
7,SEIL,PR,Galaxy Z Flip8,N/A,N/A,0,N/A,N/A,N/A,82.6,55.0,N/A,N/A,N/A,N/A,23,20.2,N/A,N/A,N/A,N/A,5.4,0.9
7,SEIL,Paid Social,Galaxy S24,521160,6671,14309,543,150128,1.2,56.0,39.7,N/A,N/A,N/A,N/A,N/A,N/A,N/A,N/A,N/A,N/A,13.4,0.88
7,SEIL,Influencer,Galaxy S24,N/A,N/A,2368,28,10093,4.3,66.8,51.0,Influencer_17,899764,4.3,N/A,N/A,N/A,N/A,N/A,N/A,N/A,15.1,0.91
7,SEIL,TV,Galaxy S24,N/A,N/A,17141,N/A,N/A,N/A,59.4,69.9,N/A,N/A,N/A,263,N/A,N/A,N/A,N/A,N/A,N/A,8.6,0.8
7,SEIL,Search,Galaxy S24,180072,3627,10766,329,88804,2.01,70.7,41.8,N/A,N/A,N/A,N/A,N/A,N/A,N/A,N/A,N/A,N/A,6.1,0.9
7,SEIL,Website,Galaxy S24,N/A,N/A,N/A,268,63597,N/A,45.7,37.0,N/A,N/A,N/A,N/A,N/A,N/A,32688,36.5,239,3.5,7.3,0.91
7,SEIL,PR,Galaxy S24,N/A,N/A,0,N/A,N/A,N/A,75.8,53.3,N/A,N/A,N/A,N/A,44,20.8,N/A,N/A,N/A,N/A,0.4,0.87
7,SEIL,Paid Social,Galaxy Tab S10,391894,3361,16509,268,80982,0.88,57.4,52.4,N/A,N/A,N/A,N/A,N/A,N/A,N/A,N/A,N/A,N/A,13.3,0.73
7,SEIL,Influencer,Galaxy Tab S10,N/A,N/A,4586,26,8398,5.53,61.7,31.2,Influencer_18,323815,5.53,N/A,N/A,N/A,N/A,N/A,N/A,N/A,7.1,0.9
7,SEIL,TV,Galaxy Tab S10,N/A,N/A,18820,N/A,N/A,N/A,61.8,55.6,N/A,N/A,N/A,240,N/A,N/A,N/A,N/A,N/A,N/A,7.4,0.76
7,SEIL,Search,Galaxy Tab S10,190793,3467,5798,432,201700,1.82,66.3,60.8,N/A,N/A,N/A,N/A,N/A,N/A,N/A,N/A,N/A,N/A,11.0,0.93
7,SEIL,Website,Galaxy Tab S10,N/A,N/A,N/A,687,265658,N/A,54.2,40.4,N/A,N/A,N/A,N/A,N/A,N/A,39870,29.3,225,3.36,9.9,0.87
7,SEIL,PR,Galaxy Tab S10,N/A,N/A,0,N/A,N/A,N/A,77.1,55.9,N/A,N/A,N/A,N/A,40,34.5,N/A,N/A,N/A,N/A,5.1,0.82
7,SEIL,Paid Social,Galaxy Buds3,717858,7160,12040,338,52618,1.19,57.3,49.1,N/A,N/A,N/A,N/A,N/A,N/A,N/A,N/A,N/A,N/A,15.6,0.91
7,SEIL,Influencer,Galaxy Buds3,N/A,N/A,3230,21,6006,3.64,43.0,52.2,Influencer_16,897222,3.64,N/A,N/A,N/A,N/A,N/A,N/A,N/A,11.8,0.89
7,SEIL,TV,Galaxy Buds3,N/A,N/A,42550,N/A,N/A,N/A,67.7,55.0,N/A,N/A,N/A,704,N/A,N/A,N/A,N/A,N/A,N/A,15.3,0.88
7,SEIL,Search,Galaxy Buds3,540119,10020,13412,1518,638563,1.86,58.4,57.2,N/A,N/A,N/A,N/A,N/A,N/A,N/A,N/A,N/A,N/A,9.5,0.91
7,SEIL,Website,Galaxy Buds3,N/A,N/A,N/A,508,159224,N/A,52.4,40.2,N/A,N/A,N/A,N/A,N/A,N/A,49404,27.8,198,3.14,8.2,0.81
7,SEIL,PR,Galaxy Buds3,N/A,N/A,0,N/A,N/A,N/A,61.2,71.9,N/A,N/A,N/A,N/A,28,21.4,N/A,N/A,N/A,N/A,8.4,0.92
7,SEIL,Paid Social,Galaxy Watch6,269558,2422,14588,277,70805,1.05,50.4,40.3,N/A,N/A,N/A,N/A,N/A,N/A,N/A,N/A,N/A,N/A,10.4,0.72
7,SEIL,Influencer,Galaxy Watch6,N/A,N/A,4666,28,6317,2.72,51.9,44.7,Influencer_16,849513,2.72,N/A,N/A,N/A,N/A,N/A,N/A,N/A,10.0,0.78
7,SEIL,TV,Galaxy Watch6,N/A,N/A,25431,N/A,N/A,N/A,75.3,68.0,N/A,N/A,N/A,351,N/A,N/A,N/A,N/A,N/A,N/A,9.9,0.77
7,SEIL,Search,Galaxy Watch6,201153,4078,5380,416,192649,2.03,56.9,43.9,N/A,N/A,N/A,N/A,N/A,N/A,N/A,N/A,N/A,N/A,5.3,0.88
7,SEIL,Website,Galaxy Watch6,N/A,N/A,N/A,951,324392,N/A,65.7,39.7,N/A,N/A,N/A,N/A,N/A,N/A,54155,40.4,265,3.05,5.1,0.83
7,SEIL,PR,Galaxy Watch6,N/A,N/A,0,N/A,N/A,N/A,71.1,52.7,N/A,N/A,N/A,N/A,33,26.2,N/A,N/A,N/A,N/A,2.6,0.88
7,SEPAK,Paid Social,Galaxy Z Fold8,222318,1991,8091,153,23054,0.83,47.3,37.0,N/A,N/A,N/A,N/A,N/A,N/A,N/A,N/A,N/A,N/A,13.9,0.73
7,SEPAK,Influencer,Galaxy Z Fold8,N/A,N/A,3613,15,5492,5.32,42.1,39.0,Influencer_23,227939,5.32,N/A,N/A,N/A,N/A,N/A,N/A,N/A,13.5,0.77
7,SEPAK,TV,Galaxy Z Fold8,N/A,N/A,16243,N/A,N/A,N/A,71.9,59.1,N/A,N/A,N/A,246,N/A,N/A,N/A,N/A,N/A,N/A,12.0,0.88
7,SEPAK,Search,Galaxy Z Fold8,260549,4080,5407,386,100029,1.57,67.8,62.1,N/A,N/A,N/A,N/A,N/A,N/A,N/A,N/A,N/A,N/A,10.5,0.85
7,SEPAK,Website,Galaxy Z Fold8,N/A,N/A,N/A,395,119347,N/A,49.1,34.0,N/A,N/A,N/A,N/A,N/A,N/A,30248,27.0,163,3.19,5.0,0.91
7,SEPAK,PR,Galaxy Z Fold8,N/A,N/A,0,N/A,N/A,N/A,84.3,60.7,N/A,N/A,N/A,N/A,26,44.1,N/A,N/A,N/A,N/A,2.2,0.86
7,SEPAK,Paid Social,Galaxy Z Flip8,223950,2895,5124,119,30794,1.04,71.3,53.7,N/A,N/A,N/A,N/A,N/A,N/A,N/A,N/A,N/A,N/A,9.9,0.88
7,SEPAK,Influencer,Galaxy Z Flip8,N/A,N/A,1869,12,2419,4.24,45.1,47.1,Influencer_20,466087,4.24,N/A,N/A,N/A,N/A,N/A,N/A,N/A,14.6,0.79
7,SEPAK,TV,Galaxy Z Flip8,N/A,N/A,22552,N/A,N/A,N/A,79.6,68.5,N/A,N/A,N/A,192,N/A,N/A,N/A,N/A,N/A,N/A,11.1,0.77
7,SEPAK,Search,Galaxy Z Flip8,211744,4424,9724,718,196502,2.09,64.4,50.8,N/A,N/A,N/A,N/A,N/A,N/A,N/A,N/A,N/A,N/A,11.7,0.89
7,SEPAK,Website,Galaxy Z Flip8,N/A,N/A,N/A,367,78683,N/A,51.2,40.3,N/A,N/A,N/A,N/A,N/A,N/A,44903,30.3,256,3.14,10.4,0.89
7,SEPAK,PR,Galaxy Z Flip8,N/A,N/A,0,N/A,N/A,N/A,75.2,65.1,N/A,N/A,N/A,N/A,13,16.5,N/A,N/A,N/A,N/A,1.5,0.84
7,SEPAK,Paid Social,Galaxy S24,204120,2703,8242,234,66916,1.46,47.5,54.8,N/A,N/A,N/A,N/A,N/A,N/A,N/A,N/A,N/A,N/A,13.6,0.91
7,SEPAK,Influencer,Galaxy S24,N/A,N/A,1209,26,10408,3.44,60.3,36.5,Influencer_20,930268,3.44,N/A,N/A,N/A,N/A,N/A,N/A,N/A,7.6,0.8
7,SEPAK,TV,Galaxy S24,N/A,N/A,27960,N/A,N/A,N/A,59.9,60.2,N/A,N/A,N/A,262,N/A,N/A,N/A,N/A,N/A,N/A,13.6,0.84
7,SEPAK,Search,Galaxy S24,224208,4773,9176,755,308611,2.13,62.1,43.3,N/A,N/A,N/A,N/A,N/A,N/A,N/A,N/A,N/A,N/A,4.8,0.85
7,SEPAK,Website,Galaxy S24,N/A,N/A,N/A,638,257379,N/A,66.1,55.9,N/A,N/A,N/A,N/A,N/A,N/A,43016,32.6,224,2.65,6.0,0.84
7,SEPAK,PR,Galaxy S24,N/A,N/A,0,N/A,N/A,N/A,74.8,54.6,N/A,N/A,N/A,N/A,10,29.6,N/A,N/A,N/A,N/A,7.9,0.92
7,SEPAK,Paid Social,Galaxy Tab S10,291623,2706,11555,253,75591,1.21,72.9,63.3,N/A,N/A,N/A,N/A,N/A,N/A,N/A,N/A,N/A,N/A,9.9,0.7
7,SEPAK,Influencer,Galaxy Tab S10,N/A,N/A,2611,19,9247,3.08,43.3,33.4,Influencer_20,476943,3.08,N/A,N/A,N/A,N/A,N/A,N/A,N/A,6.4,0.84
7,SEPAK,TV,Galaxy Tab S10,N/A,N/A,26169,N/A,N/A,N/A,63.3,47.7,N/A,N/A,N/A,332,N/A,N/A,N/A,N/A,N/A,N/A,6.5,0.75
7,SEPAK,Search,Galaxy Tab S10,259535,4825,7400,431,228113,1.86,73.2,61.3,N/A,N/A,N/A,N/A,N/A,N/A,N/A,N/A,N/A,N/A,11.4,0.82
7,SEPAK,Website,Galaxy Tab S10,N/A,N/A,N/A,654,275489,N/A,65.8,34.1,N/A,N/A,N/A,N/A,N/A,N/A,46893,40.6,264,3.85,8.9,0.75
7,SEPAK,PR,Galaxy Tab S10,N/A,N/A,0,N/A,N/A,N/A,75.2,55.6,N/A,N/A,N/A,N/A,35,30.1,N/A,N/A,N/A,N/A,6.4,0.8
7,SEPAK,Paid Social,Galaxy Buds3,558058,7790,17946,889,332077,1.01,49.6,56.1,N/A,N/A,N/A,N/A,N/A,N/A,N/A,N/A,N/A,N/A,9.9,0.92
7,SEPAK,Influencer,Galaxy Buds3,N/A,N/A,2944,34,11291,4.3,54.3,40.1,Influencer_19,747300,4.3,N/A,N/A,N/A,N/A,N/A,N/A,N/A,6.0,0.78
7,SEPAK,TV,Galaxy Buds3,N/A,N/A,19009,N/A,N/A,N/A,72.5,56.0,N/A,N/A,N/A,319,N/A,N/A,N/A,N/A,N/A,N/A,9.6,0.85
7,SEPAK,Search,Galaxy Buds3,236569,4831,13476,658,223632,2.04,59.9,56.8,N/A,N/A,N/A,N/A,N/A,N/A,N/A,N/A,N/A,N/A,10.2,0.93
7,SEPAK,Website,Galaxy Buds3,N/A,N/A,N/A,1186,437141,N/A,54.0,54.6,N/A,N/A,N/A,N/A,N/A,N/A,70178,36.8,192,3.4,6.0,0.88
7,SEPAK,PR,Galaxy Buds3,N/A,N/A,0,N/A,N/A,N/A,85.5,71.7,N/A,N/A,N/A,N/A,42,32.4,N/A,N/A,N/A,N/A,4.7,0.9
7,SEPAK,Paid Social,Galaxy Watch6,256021,2125,9448,123,22075,1.43,48.2,50.8,N/A,N/A,N/A,N/A,N/A,N/A,N/A,N/A,N/A,N/A,5.8,0.81
7,SEPAK,Influencer,Galaxy Watch6,N/A,N/A,1780,36,14481,4.75,63.4,43.6,Influencer_19,778654,4.75,N/A,N/A,N/A,N/A,N/A,N/A,N/A,8.1,0.89
7,SEPAK,TV,Galaxy Watch6,N/A,N/A,21280,N/A,N/A,N/A,78.5,57.0,N/A,N/A,N/A,181,N/A,N/A,N/A,N/A,N/A,N/A,15.4,0.88
7,SEPAK,Search,Galaxy Watch6,260514,4796,6381,524,138100,1.84,64.9,48.2,N/A,N/A,N/A,N/A,N/A,N/A,N/A,N/A,N/A,N/A,10.0,0.91
7,SEPAK,Website,Galaxy Watch6,N/A,N/A,N/A,470,123216,N/A,54.7,39.8,N/A,N/A,N/A,N/A,N/A,N/A,39729,30.3,259,2.54,5.1,0.75
7,SEPAK,PR,Galaxy Watch6,N/A,N/A,0,N/A,N/A,N/A,70.1,52.4,N/A,N/A,N/A,N/A,36,25.1,N/A,N/A,N/A,N/A,8.8,0.89
8,SGE,Paid Social,Galaxy Z Fold8,360803,4971,14561,308,88296,0.8,76.0,63.4,N/A,N/A,N/A,N/A,N/A,N/A,N/A,N/A,N/A,N/A,13.3,0.77
8,SGE,Influencer,Galaxy Z Fold8,N/A,N/A,2797,41,19028,4.94,44.5,35.8,Influencer_2,758580,4.94,N/A,N/A,N/A,N/A,N/A,N/A,N/A,10.4,0.95
8,SGE,TV,Galaxy Z Fold8,N/A,N/A,37116,N/A,N/A,N/A,76.0,48.7,N/A,N/A,N/A,359,N/A,N/A,N/A,N/A,N/A,N/A,5.5,0.89
8,SGE,Search,Galaxy Z Fold8,199384,2990,9789,537,152445,1.5,73.6,63.7,N/A,N/A,N/A,N/A,N/A,N/A,N/A,N/A,N/A,N/A,6.0,0.89
8,SGE,Website,Galaxy Z Fold8,N/A,N/A,N/A,738,308693,N/A,56.5,43.2,N/A,N/A,N/A,N/A,N/A,N/A,41052,39.3,177,2.85,4.0,0.78
8,SGE,PR,Galaxy Z Fold8,N/A,N/A,0,N/A,N/A,N/A,68.4,63.5,N/A,N/A,N/A,N/A,28,16.3,N/A,N/A,N/A,N/A,0.4,0.85
8,SGE,B2B Roadshow,Galaxy Z Fold8,6162,N/A,4356,49,19691,6.75,64.9,55.2,N/A,N/A,N/A,N/A,N/A,N/A,N/A,N/A,N/A,N/A,9.3,0.89
8,SGE,Paid Social,Galaxy Z Flip8,483538,3975,10540,380,82992,1.35,59.5,60.0,N/A,N/A,N/A,N/A,N/A,N/A,N/A,N/A,N/A,N/A,9.6,0.89
8,SGE,Influencer,Galaxy Z Flip8,N/A,N/A,2321,16,6053,5.2,57.6,44.4,Influencer_3,268507,5.2,N/A,N/A,N/A,N/A,N/A,N/A,N/A,6.0,0.86
8,SGE,TV,Galaxy Z Flip8,N/A,N/A,17356,N/A,N/A,N/A,71.0,67.8,N/A,N/A,N/A,484,N/A,N/A,N/A,N/A,N/A,N/A,6.9,0.77
8,SGE,Search,Galaxy Z Flip8,306003,4500,15490,741,208499,1.47,56.9,47.0,N/A,N/A,N/A,N/A,N/A,N/A,N/A,N/A,N/A,N/A,5.5,0.84
8,SGE,Website,Galaxy Z Flip8,N/A,N/A,N/A,998,335805,N/A,59.1,50.4,N/A,N/A,N/A,N/A,N/A,N/A,57127,37.3,213,3.55,9.5,0.81
8,SGE,PR,Galaxy Z Flip8,N/A,N/A,0,N/A,N/A,N/A,69.8,71.9,N/A,N/A,N/A,N/A,48,26.4,N/A,N/A,N/A,N/A,0.4,0.85
8,SGE,B2B Roadshow,Galaxy Z Flip8,10670,N/A,5568,81,34066,3.25,57.5,52.7,N/A,N/A,N/A,N/A,N/A,N/A,N/A,N/A,N/A,N/A,9.2,0.85
8,SGE,Paid Social,Galaxy S24,542183,6946,15901,830,175627,1.45,73.7,35.9,N/A,N/A,N/A,N/A,N/A,N/A,N/A,N/A,N/A,N/A,5.4,0.82
8,SGE,Influencer,Galaxy S24,N/A,N/A,2794,61,22042,5.05,63.5,52.2,Influencer_2,915932,5.05,N/A,N/A,N/A,N/A,N/A,N/A,N/A,7.7,0.81
8,SGE,TV,Galaxy S24,N/A,N/A,32728,N/A,N/A,N/A,78.7,50.1,N/A,N/A,N/A,516,N/A,N/A,N/A,N/A,N/A,N/A,11.4,0.77
8,SGE,Search,Galaxy S24,284761,5124,12890,658,174202,1.8,66.1,55.1,N/A,N/A,N/A,N/A,N/A,N/A,N/A,N/A,N/A,N/A,6.5,0.8
8,SGE,Website,Galaxy S24,N/A,N/A,N/A,1217,319528,N/A,61.7,39.8,N/A,N/A,N/A,N/A,N/A,N/A,68720,25.9,246,4.0,13.0,0.91
8,SGE,PR,Galaxy S24,N/A,N/A,0,N/A,N/A,N/A,74.4,50.9,N/A,N/A,N/A,N/A,56,28.0,N/A,N/A,N/A,N/A,6.7,0.84
8,SGE,B2B Roadshow,Galaxy S24,6020,N/A,5545,46,25161,7.33,64.8,58.9,N/A,N/A,N/A,N/A,N/A,N/A,N/A,N/A,N/A,N/A,8.8,0.82
8,SGE,Paid Social,Galaxy Tab S10,423346,5705,12712,578,226107,0.93,62.2,52.9,N/A,N/A,N/A,N/A,N/A,N/A,N/A,N/A,N/A,N/A,9.1,0.76
8,SGE,Influencer,Galaxy Tab S10,N/A,N/A,3520,32,14601,5.3,45.9,40.6,Influencer_2,470625,5.3,N/A,N/A,N/A,N/A,N/A,N/A,N/A,12.6,0.76
8,SGE,TV,Galaxy Tab S10,N/A,N/A,32190,N/A,N/A,N/A,69.4,62.2,N/A,N/A,N/A,415,N/A,N/A,N/A,N/A,N/A,N/A,7.9,0.73
8,SGE,Search,Galaxy Tab S10,381955,8142,13766,781,239002,2.13,55.6,46.2,N/A,N/A,N/A,N/A,N/A,N/A,N/A,N/A,N/A,N/A,12.5,0.91
8,SGE,Website,Galaxy Tab S10,N/A,N/A,N/A,1076,343880,N/A,63.7,48.3,N/A,N/A,N/A,N/A,N/A,N/A,61020,38.1,229,3.1,7.9,0.77
8,SGE,PR,Galaxy Tab S10,N/A,N/A,0,N/A,N/A,N/A,86.6,51.9,N/A,N/A,N/A,N/A,24,23.4,N/A,N/A,N/A,N/A,7.8,0.94
8,SGE,B2B Roadshow,Galaxy Tab S10,10482,N/A,7369,81,28684,6.2,74.9,50.1,N/A,N/A,N/A,N/A,N/A,N/A,N/A,N/A,N/A,N/A,11.3,0.91
8,SGE,Paid Social,Galaxy Buds3,320162,3624,16626,429,115958,1.15,63.8,40.5,N/A,N/A,N/A,N/A,N/A,N/A,N/A,N/A,N/A,N/A,4.9,0.84
8,SGE,Influencer,Galaxy Buds3,N/A,N/A,1788,54,15225,5.76,44.4,49.5,Influencer_2,665660,5.76,N/A,N/A,N/A,N/A,N/A,N/A,N/A,13.5,0.92
8,SGE,TV,Galaxy Buds3,N/A,N/A,33264,N/A,N/A,N/A,64.7,49.8,N/A,N/A,N/A,251,N/A,N/A,N/A,N/A,N/A,N/A,7.2,0.76
8,SGE,Search,Galaxy Buds3,248236,3546,14769,405,153505,1.43,68.6,57.0,N/A,N/A,N/A,N/A,N/A,N/A,N/A,N/A,N/A,N/A,11.6,0.87
8,SGE,Website,Galaxy Buds3,N/A,N/A,N/A,859,380902,N/A,68.3,37.4,N/A,N/A,N/A,N/A,N/A,N/A,63508,37.7,244,3.98,5.3,0.87
8,SGE,PR,Galaxy Buds3,N/A,N/A,0,N/A,N/A,N/A,84.0,58.7,N/A,N/A,N/A,N/A,27,30.1,N/A,N/A,N/A,N/A,6.4,0.95
8,SGE,B2B Roadshow,Galaxy Buds3,6637,N/A,3257,72,25374,4.27,68.1,55.7,N/A,N/A,N/A,N/A,N/A,N/A,N/A,N/A,N/A,N/A,8.3,0.94
8,SGE,Paid Social,Galaxy Watch6,549735,5155,8344,252,97301,0.91,68.4,48.0,N/A,N/A,N/A,N/A,N/A,N/A,N/A,N/A,N/A,N/A,13.2,0.85
8,SGE,Influencer,Galaxy Watch6,N/A,N/A,4938,82,34442,5.92,69.9,41.5,Influencer_3,966479,5.92,N/A,N/A,N/A,N/A,N/A,N/A,N/A,14.6,0.83
8,SGE,TV,Galaxy Watch6,N/A,N/A,25022,N/A,N/A,N/A,77.6,63.1,N/A,N/A,N/A,301,N/A,N/A,N/A,N/A,N/A,N/A,13.3,0.75
8,SGE,Search,Galaxy Watch6,223664,2752,15903,324,97496,1.23,53.0,50.7,N/A,N/A,N/A,N/A,N/A,N/A,N/A,N/A,N/A,N/A,10.2,0.88
8,SGE,Website,Galaxy Watch6,N/A,N/A,N/A,533,115563,N/A,51.0,50.9,N/A,N/A,N/A,N/A,N/A,N/A,33330,40.7,213,3.74,5.9,0.82
8,SGE,PR,Galaxy Watch6,N/A,N/A,0,N/A,N/A,N/A,75.6,70.3,N/A,N/A,N/A,N/A,27,24.7,N/A,N/A,N/A,N/A,2.0,0.94
8,SGE,B2B Roadshow,Galaxy Watch6,11986,N/A,4880,87,20714,3.06,72.2,67.3,N/A,N/A,N/A,N/A,N/A,N/A,N/A,N/A,N/A,N/A,10.5,0.94
8,SESAR,Paid Social,Galaxy Z Fold8,384926,3265,12493,245,67690,1.16,49.0,47.3,N/A,N/A,N/A,N/A,N/A,N/A,N/A,N/A,N/A,N/A,15.9,0.77
8,SESAR,Influencer,Galaxy Z Fold8,N/A,N/A,2571,40,8641,5.84,56.4,52.6,Influencer_5,902573,5.84,N/A,N/A,N/A,N/A,N/A,N/A,N/A,14.4,0.89
8,SESAR,TV,Galaxy Z Fold8,N/A,N/A,30568,N/A,N/A,N/A,76.5,58.3,N/A,N/A,N/A,354,N/A,N/A,N/A,N/A,N/A,N/A,14.6,0.74
8,SESAR,Search,Galaxy Z Fold8,318240,6002,10251,624,267525,1.89,54.9,50.2,N/A,N/A,N/A,N/A,N/A,N/A,N/A,N/A,N/A,N/A,8.3,0.89
8,SESAR,Website,Galaxy Z Fold8,N/A,N/A,N/A,806,275631,N/A,63.7,48.0,N/A,N/A,N/A,N/A,N/A,N/A,50296,33.5,189,3.83,7.1,0.93
8,SESAR,PR,Galaxy Z Fold8,N/A,N/A,0,N/A,N/A,N/A,65.3,61.6,N/A,N/A,N/A,N/A,40,32.4,N/A,N/A,N/A,N/A,2.1,0.87
8,SESAR,B2B Roadshow,Galaxy Z Fold8,7253,N/A,5079,44,15620,3.18,56.8,64.6,N/A,N/A,N/A,N/A,N/A,N/A,N/A,N/A,N/A,N/A,9.2,0.94
8,SESAR,Paid Social,Galaxy Z Flip8,349965,4540,8867,278,104566,1.38,66.5,52.4,N/A,N/A,N/A,N/A,N/A,N/A,N/A,N/A,N/A,N/A,6.0,0.76
8,SESAR,Influencer,Galaxy Z Flip8,N/A,N/A,1961,13,5172,3.03,55.4,39.8,Influencer_4,308216,3.03,N/A,N/A,N/A,N/A,N/A,N/A,N/A,13.8,0.94
8,SESAR,TV,Galaxy Z Flip8,N/A,N/A,33565,N/A,N/A,N/A,85.6,59.9,N/A,N/A,N/A,253,N/A,N/A,N/A,N/A,N/A,N/A,11.4,0.73
8,SESAR,Search,Galaxy Z Flip8,301538,5298,8474,512,146605,1.76,71.6,39.2,N/A,N/A,N/A,N/A,N/A,N/A,N/A,N/A,N/A,N/A,5.9,0.92
8,SESAR,Website,Galaxy Z Flip8,N/A,N/A,N/A,224,74033,N/A,67.4,45.7,N/A,N/A,N/A,N/A,N/A,N/A,26066,34.2,247,2.67,10.3,0.87
8,SESAR,PR,Galaxy Z Flip8,N/A,N/A,0,N/A,N/A,N/A,78.9,67.5,N/A,N/A,N/A,N/A,45,42.6,N/A,N/A,N/A,N/A,0.7,0.89
8,SESAR,B2B Roadshow,Galaxy Z Flip8,9841,N/A,4551,43,20573,6.98,60.8,68.3,N/A,N/A,N/A,N/A,N/A,N/A,N/A,N/A,N/A,N/A,6.6,0.91
8,SESAR,Paid Social,Galaxy S24,493415,5050,9997,461,78952,1.16,48.4,49.1,N/A,N/A,N/A,N/A,N/A,N/A,N/A,N/A,N/A,N/A,9.1,0.89
8,SESAR,Influencer,Galaxy S24,N/A,N/A,2789,21,9658,2.98,58.1,53.0,Influencer_4,872676,2.98,N/A,N/A,N/A,N/A,N/A,N/A,N/A,13.5,0.76
8,SESAR,TV,Galaxy S24,N/A,N/A,21506,N/A,N/A,N/A,80.3,47.4,N/A,N/A,N/A,387,N/A,N/A,N/A,N/A,N/A,N/A,15.2,0.8
8,SESAR,Search,Galaxy S24,197809,2380,9570,414,221800,1.2,65.9,49.7,N/A,N/A,N/A,N/A,N/A,N/A,N/A,N/A,N/A,N/A,4.5,0.78
8,SESAR,Website,Galaxy S24,N/A,N/A,N/A,346,153316,N/A,46.4,55.6,N/A,N/A,N/A,N/A,N/A,N/A,28019,38.4,258,2.9,7.9,0.82
8,SESAR,PR,Galaxy S24,N/A,N/A,0,N/A,N/A,N/A,79.6,71.9,N/A,N/A,N/A,N/A,15,36.3,N/A,N/A,N/A,N/A,8.1,0.96
8,SESAR,B2B Roadshow,Galaxy S24,5025,N/A,6661,54,18614,3.5,67.3,68.4,N/A,N/A,N/A,N/A,N/A,N/A,N/A,N/A,N/A,N/A,9.1,0.94
8,SESAR,Paid Social,Galaxy Tab S10,373059,3094,6246,214,62150,0.94,59.6,40.7,N/A,N/A,N/A,N/A,N/A,N/A,N/A,N/A,N/A,N/A,10.6,0.79
8,SESAR,Influencer,Galaxy Tab S10,N/A,N/A,3159,23,8787,4.48,63.9,43.8,Influencer_4,795033,4.48,N/A,N/A,N/A,N/A,N/A,N/A,N/A,11.0,0.86
8,SESAR,TV,Galaxy Tab S10,N/A,N/A,32040,N/A,N/A,N/A,76.9,50.0,N/A,N/A,N/A,429,N/A,N/A,N/A,N/A,N/A,N/A,11.5,0.86
8,SESAR,Search,Galaxy Tab S10,317992,5359,6190,623,225089,1.69,66.0,43.3,N/A,N/A,N/A,N/A,N/A,N/A,N/A,N/A,N/A,N/A,7.9,0.79
8,SESAR,Website,Galaxy Tab S10,N/A,N/A,N/A,929,191228,N/A,46.8,43.8,N/A,N/A,N/A,N/A,N/A,N/A,54784,36.9,182,2.53,11.0,0.93
8,SESAR,PR,Galaxy Tab S10,N/A,N/A,0,N/A,N/A,N/A,77.8,64.0,N/A,N/A,N/A,N/A,39,40.5,N/A,N/A,N/A,N/A,7.1,0.83
8,SESAR,B2B Roadshow,Galaxy Tab S10,5240,N/A,5479,25,26130,7.27,70.2,69.6,N/A,N/A,N/A,N/A,N/A,N/A,N/A,N/A,N/A,N/A,9.0,0.97
8,SESAR,Paid Social,Galaxy Buds3,496610,4226,13552,291,80788,1.48,50.5,49.2,N/A,N/A,N/A,N/A,N/A,N/A,N/A,N/A,N/A,N/A,7.5,0.72
8,SESAR,Influencer,Galaxy Buds3,N/A,N/A,3077,15,6528,4.21,43.3,48.2,Influencer_4,344671,4.21,N/A,N/A,N/A,N/A,N/A,N/A,N/A,13.9,0.86
8,SESAR,TV,Galaxy Buds3,N/A,N/A,24185,N/A,N/A,N/A,76.2,61.8,N/A,N/A,N/A,223,N/A,N/A,N/A,N/A,N/A,N/A,16.5,0.81
8,SESAR,Search,Galaxy Buds3,196406,2676,12823,303,129166,1.36,62.4,59.1,N/A,N/A,N/A,N/A,N/A,N/A,N/A,N/A,N/A,N/A,11.7,0.93
8,SESAR,Website,Galaxy Buds3,N/A,N/A,N/A,643,187505,N/A,53.3,40.3,N/A,N/A,N/A,N/A,N/A,N/A,42323,43.3,176,3.73,8.9,0.9
8,SESAR,PR,Galaxy Buds3,N/A,N/A,0,N/A,N/A,N/A,74.6,49.7,N/A,N/A,N/A,N/A,30,28.1,N/A,N/A,N/A,N/A,4.8,0.82
8,SESAR,B2B Roadshow,Galaxy Buds3,11015,N/A,7070,73,8001,6.55,55.4,64.7,N/A,N/A,N/A,N/A,N/A,N/A,N/A,N/A,N/A,N/A,5.4,0.88
8,SESAR,Paid Social,Galaxy Watch6,492572,6368,11606,463,179486,1.12,53.3,38.7,N/A,N/A,N/A,N/A,N/A,N/A,N/A,N/A,N/A,N/A,14.2,0.82
8,SESAR,Influencer,Galaxy Watch6,N/A,N/A,3793,24,11189,3.07,67.0,36.4,Influencer_21,727537,3.07,N/A,N/A,N/A,N/A,N/A,N/A,N/A,6.2,0.85
8,SESAR,TV,Galaxy Watch6,N/A,N/A,31931,N/A,N/A,N/A,65.0,53.5,N/A,N/A,N/A,246,N/A,N/A,N/A,N/A,N/A,N/A,10.6,0.74
8,SESAR,Search,Galaxy Watch6,260017,3308,13884,570,278417,1.27,60.5,50.8,N/A,N/A,N/A,N/A,N/A,N/A,N/A,N/A,N/A,N/A,4.3,0.84
8,SESAR,Website,Galaxy Watch6,N/A,N/A,N/A,257,88302,N/A,66.7,35.7,N/A,N/A,N/A,N/A,N/A,N/A,28866,44.5,195,3.77,12.2,0.77
8,SESAR,PR,Galaxy Watch6,N/A,N/A,0,N/A,N/A,N/A,80.7,50.7,N/A,N/A,N/A,N/A,21,27.8,N/A,N/A,N/A,N/A,2.9,0.95
8,SESAR,B2B Roadshow,Galaxy Watch6,12218,N/A,3436,72,26661,3.68,55.9,59.2,N/A,N/A,N/A,N/A,N/A,N/A,N/A,N/A,N/A,N/A,10.7,0.91
8,SETK,Paid Social,Galaxy Z Fold8,406965,3297,13230,199,64707,1.49,49.6,49.7,N/A,N/A,N/A,N/A,N/A,N/A,N/A,N/A,N/A,N/A,13.4,0.84
8,SETK,Influencer,Galaxy Z Fold8,N/A,N/A,4579,37,16251,3.53,56.1,40.4,Influencer_6,933087,3.53,N/A,N/A,N/A,N/A,N/A,N/A,N/A,11.2,0.79
8,SETK,TV,Galaxy Z Fold8,N/A,N/A,27078,N/A,N/A,N/A,64.3,53.4,N/A,N/A,N/A,273,N/A,N/A,N/A,N/A,N/A,N/A,16.7,0.87
8,SETK,Search,Galaxy Z Fold8,245456,4998,6120,879,428872,2.04,64.1,42.3,N/A,N/A,N/A,N/A,N/A,N/A,N/A,N/A,N/A,N/A,8.1,0.91
8,SETK,Website,Galaxy Z Fold8,N/A,N/A,N/A,292,114647,N/A,45.7,41.8,N/A,N/A,N/A,N/A,N/A,N/A,28895,40.5,159,2.89,9.6,0.86
8,SETK,PR,Galaxy Z Fold8,N/A,N/A,0,N/A,N/A,N/A,63.7,71.9,N/A,N/A,N/A,N/A,22,35.5,N/A,N/A,N/A,N/A,1.5,0.94
8,SETK,B2B Roadshow,Galaxy Z Fold8,10352,N/A,6586,34,23912,6.82,71.5,56.7,N/A,N/A,N/A,N/A,N/A,N/A,N/A,N/A,N/A,N/A,11.4,0.89
8,SETK,Paid Social,Galaxy Z Flip8,252560,2737,9948,323,83610,1.32,60.4,52.2,N/A,N/A,N/A,N/A,N/A,N/A,N/A,N/A,N/A,N/A,6.6,0.88
8,SETK,Influencer,Galaxy Z Flip8,N/A,N/A,3382,20,5821,5.76,45.7,52.0,Influencer_6,514127,5.76,N/A,N/A,N/A,N/A,N/A,N/A,N/A,9.4,0.95
8,SETK,TV,Galaxy Z Flip8,N/A,N/A,23523,N/A,N/A,N/A,83.9,60.5,N/A,N/A,N/A,287,N/A,N/A,N/A,N/A,N/A,N/A,9.2,0.73
8,SETK,Search,Galaxy Z Flip8,253155,5384,5529,642,246974,2.13,59.6,40.8,N/A,N/A,N/A,N/A,N/A,N/A,N/A,N/A,N/A,N/A,12.4,0.81
8,SETK,Website,Galaxy Z Flip8,N/A,N/A,N/A,537,108706,N/A,52.7,34.1,N/A,N/A,N/A,N/A,N/A,N/A,35129,25.7,235,3.85,10.3,0.81
8,SETK,PR,Galaxy Z Flip8,N/A,N/A,0,N/A,N/A,N/A,77.0,71.8,N/A,N/A,N/A,N/A,10,35.0,N/A,N/A,N/A,N/A,0.5,0.81
8,SETK,B2B Roadshow,Galaxy Z Flip8,6308,N/A,6790,65,23398,7.71,56.9,69.7,N/A,N/A,N/A,N/A,N/A,N/A,N/A,N/A,N/A,N/A,5.1,0.87
8,SETK,Paid Social,Galaxy S24,310948,4020,12628,380,62128,1.29,52.0,35.3,N/A,N/A,N/A,N/A,N/A,N/A,N/A,N/A,N/A,N/A,12.6,0.79
8,SETK,Influencer,Galaxy S24,N/A,N/A,2467,34,7648,5.36,45.7,28.0,Influencer_7,530434,5.36,N/A,N/A,N/A,N/A,N/A,N/A,N/A,6.4,0.78
8,SETK,TV,Galaxy S24,N/A,N/A,27875,N/A,N/A,N/A,68.8,66.8,N/A,N/A,N/A,408,N/A,N/A,N/A,N/A,N/A,N/A,12.0,0.89
8,SETK,Search,Galaxy S24,157322,1904,11250,296,136127,1.21,52.5,46.8,N/A,N/A,N/A,N/A,N/A,N/A,N/A,N/A,N/A,N/A,6.8,0.92
8,SETK,Website,Galaxy S24,N/A,N/A,N/A,599,171766,N/A,66.9,41.5,N/A,N/A,N/A,N/A,N/A,N/A,35149,41.0,216,3.16,8.4,0.76
8,SETK,PR,Galaxy S24,N/A,N/A,0,N/A,N/A,N/A,73.1,54.4,N/A,N/A,N/A,N/A,38,18.0,N/A,N/A,N/A,N/A,0.8,0.9
8,SETK,B2B Roadshow,Galaxy S24,5520,N/A,5898,61,25962,6.37,67.9,68.3,N/A,N/A,N/A,N/A,N/A,N/A,N/A,N/A,N/A,N/A,9.7,0.95
8,SETK,Paid Social,Galaxy Tab S10,249489,2012,11811,126,40242,0.95,56.1,56.2,N/A,N/A,N/A,N/A,N/A,N/A,N/A,N/A,N/A,N/A,6.4,0.92
8,SETK,Influencer,Galaxy Tab S10,N/A,N/A,1915,10,4634,3.47,53.3,43.2,Influencer_7,203150,3.47,N/A,N/A,N/A,N/A,N/A,N/A,N/A,12.6,0.9
8,SETK,TV,Galaxy Tab S10,N/A,N/A,16254,N/A,N/A,N/A,74.6,62.7,N/A,N/A,N/A,207,N/A,N/A,N/A,N/A,N/A,N/A,16.1,0.91
8,SETK,Search,Galaxy Tab S10,305354,4692,7462,825,295145,1.54,70.2,44.9,N/A,N/A,N/A,N/A,N/A,N/A,N/A,N/A,N/A,N/A,7.2,0.87
8,SETK,Website,Galaxy Tab S10,N/A,N/A,N/A,277,82263,N/A,58.8,47.4,N/A,N/A,N/A,N/A,N/A,N/A,32870,25.7,254,3.95,10.4,0.82
8,SETK,PR,Galaxy Tab S10,N/A,N/A,0,N/A,N/A,N/A,84.7,63.3,N/A,N/A,N/A,N/A,35,43.3,N/A,N/A,N/A,N/A,0.3,0.86
8,SETK,B2B Roadshow,Galaxy Tab S10,11586,N/A,6911,34,8971,6.89,72.9,69.9,N/A,N/A,N/A,N/A,N/A,N/A,N/A,N/A,N/A,N/A,8.5,0.93
8,SETK,Paid Social,Galaxy Buds3,268705,3497,9089,325,95084,1.0,64.4,63.5,N/A,N/A,N/A,N/A,N/A,N/A,N/A,N/A,N/A,N/A,8.5,0.76
8,SETK,Influencer,Galaxy Buds3,N/A,N/A,2891,32,14526,4.22,50.4,28.2,Influencer_7,611702,4.22,N/A,N/A,N/A,N/A,N/A,N/A,N/A,7.2,0.82
8,SETK,TV,Galaxy Buds3,N/A,N/A,14593,N/A,N/A,N/A,73.3,71.6,N/A,N/A,N/A,207,N/A,N/A,N/A,N/A,N/A,N/A,9.0,0.75
8,SETK,Search,Galaxy Buds3,239913,3319,6395,417,136121,1.38,65.8,54.5,N/A,N/A,N/A,N/A,N/A,N/A,N/A,N/A,N/A,N/A,9.8,0.87
8,SETK,Website,Galaxy Buds3,N/A,N/A,N/A,336,85791,N/A,63.0,33.8,N/A,N/A,N/A,N/A,N/A,N/A,33054,31.6,174,2.6,4.4,0.91
8,SETK,PR,Galaxy Buds3,N/A,N/A,0,N/A,N/A,N/A,63.2,55.7,N/A,N/A,N/A,N/A,34,40.2,N/A,N/A,N/A,N/A,5.3,0.95
8,SETK,B2B Roadshow,Galaxy Buds3,13399,N/A,6391,49,15484,4.21,58.0,68.1,N/A,N/A,N/A,N/A,N/A,N/A,N/A,N/A,N/A,N/A,5.6,0.88
8,SETK,Paid Social,Galaxy Watch6,292274,3963,5800,247,78937,1.47,74.7,48.3,N/A,N/A,N/A,N/A,N/A,N/A,N/A,N/A,N/A,N/A,13.1,0.95
8,SETK,Influencer,Galaxy Watch6,N/A,N/A,3625,42,9505,4.08,58.2,45.8,Influencer_24,769408,4.08,N/A,N/A,N/A,N/A,N/A,N/A,N/A,9.8,0.78
8,SETK,TV,Galaxy Watch6,N/A,N/A,15694,N/A,N/A,N/A,84.8,53.0,N/A,N/A,N/A,246,N/A,N/A,N/A,N/A,N/A,N/A,13.3,0.9
8,SETK,Search,Galaxy Watch6,144609,3014,6951,379,134968,2.08,55.9,45.2,N/A,N/A,N/A,N/A,N/A,N/A,N/A,N/A,N/A,N/A,12.6,0.92
8,SETK,Website,Galaxy Watch6,N/A,N/A,N/A,253,78741,N/A,50.2,51.8,N/A,N/A,N/A,N/A,N/A,N/A,31598,26.8,238,3.76,4.1,0.78
8,SETK,PR,Galaxy Watch6,N/A,N/A,0,N/A,N/A,N/A,81.9,67.7,N/A,N/A,N/A,N/A,19,18.0,N/A,N/A,N/A,N/A,1.1,0.86
8,SETK,B2B Roadshow,Galaxy Watch6,12912,N/A,4019,50,25432,7.55,69.5,63.7,N/A,N/A,N/A,N/A,N/A,N/A,N/A,N/A,N/A,N/A,9.0,0.89
8,SELV,Paid Social,Galaxy Z Fold8,497843,4373,14467,248,60228,1.19,49.4,52.3,N/A,N/A,N/A,N/A,N/A,N/A,N/A,N/A,N/A,N/A,7.8,0.89
8,SELV,Influencer,Galaxy Z Fold8,N/A,N/A,4761,12,4401,3.09,41.7,29.5,Influencer_8,693297,3.09,N/A,N/A,N/A,N/A,N/A,N/A,N/A,15.5,0.82
8,SELV,TV,Galaxy Z Fold8,N/A,N/A,25018,N/A,N/A,N/A,74.4,67.2,N/A,N/A,N/A,354,N/A,N/A,N/A,N/A,N/A,N/A,12.4,0.76
8,SELV,Search,Galaxy Z Fold8,322872,7035,8285,920,390600,2.18,73.7,58.9,N/A,N/A,N/A,N/A,N/A,N/A,N/A,N/A,N/A,N/A,6.3,0.93
8,SELV,Website,Galaxy Z Fold8,N/A,N/A,N/A,831,302765,N/A,63.4,37.1,N/A,N/A,N/A,N/A,N/A,N/A,49919,44.9,185,2.75,4.5,0.85
8,SELV,PR,Galaxy Z Fold8,N/A,N/A,0,N/A,N/A,N/A,65.2,72.8,N/A,N/A,N/A,N/A,53,23.8,N/A,N/A,N/A,N/A,8.4,0.82
8,SELV,B2B Roadshow,Galaxy Z Fold8,8301,N/A,3484,39,11995,4.39,64.7,55.6,N/A,N/A,N/A,N/A,N/A,N/A,N/A,N/A,N/A,N/A,6.5,0.84
8,SELV,Paid Social,Galaxy Z Flip8,491068,6885,8576,311,122373,1.47,64.3,55.9,N/A,N/A,N/A,N/A,N/A,N/A,N/A,N/A,N/A,N/A,12.4,0.87
8,SELV,Influencer,Galaxy Z Flip8,N/A,N/A,2224,23,6034,5.07,41.9,56.1,Influencer_8,857774,5.07,N/A,N/A,N/A,N/A,N/A,N/A,N/A,12.6,0.79
8,SELV,TV,Galaxy Z Flip8,N/A,N/A,21228,N/A,N/A,N/A,78.9,59.5,N/A,N/A,N/A,256,N/A,N/A,N/A,N/A,N/A,N/A,15.4,0.75
8,SELV,Search,Galaxy Z Flip8,194768,2811,8994,236,114000,1.44,54.5,41.1,N/A,N/A,N/A,N/A,N/A,N/A,N/A,N/A,N/A,N/A,6.8,0.79
8,SELV,Website,Galaxy Z Flip8,N/A,N/A,N/A,547,109794,N/A,64.4,38.8,N/A,N/A,N/A,N/A,N/A,N/A,45772,44.7,164,3.02,12.3,0.83
8,SELV,PR,Galaxy Z Flip8,N/A,N/A,0,N/A,N/A,N/A,76.6,64.9,N/A,N/A,N/A,N/A,35,26.9,N/A,N/A,N/A,N/A,1.6,0.92
8,SELV,B2B Roadshow,Galaxy Z Flip8,5912,N/A,4326,63,12030,5.08,72.7,63.7,N/A,N/A,N/A,N/A,N/A,N/A,N/A,N/A,N/A,N/A,10.2,0.9
8,SELV,Paid Social,Galaxy S24,384033,5398,7335,587,111401,1.32,62.9,38.2,N/A,N/A,N/A,N/A,N/A,N/A,N/A,N/A,N/A,N/A,13.4,0.77
8,SELV,Influencer,Galaxy S24,N/A,N/A,1950,46,14607,5.37,44.9,30.4,Influencer_8,767502,5.37,N/A,N/A,N/A,N/A,N/A,N/A,N/A,14.3,0.94
8,SELV,TV,Galaxy S24,N/A,N/A,31630,N/A,N/A,N/A,61.3,48.4,N/A,N/A,N/A,356,N/A,N/A,N/A,N/A,N/A,N/A,10.1,0.9
8,SELV,Search,Galaxy S24,285442,5827,12587,734,349342,2.04,73.5,48.4,N/A,N/A,N/A,N/A,N/A,N/A,N/A,N/A,N/A,N/A,10.1,0.93
8,SELV,Website,Galaxy S24,N/A,N/A,N/A,459,184079,N/A,51.8,52.1,N/A,N/A,N/A,N/A,N/A,N/A,33563,32.2,165,2.95,6.5,0.87
8,SELV,PR,Galaxy S24,N/A,N/A,0,N/A,N/A,N/A,71.8,54.5,N/A,N/A,N/A,N/A,41,44.0,N/A,N/A,N/A,N/A,2.4,0.92
8,SELV,B2B Roadshow,Galaxy S24,9549,N/A,7649,50,21191,3.04,67.9,57.5,N/A,N/A,N/A,N/A,N/A,N/A,N/A,N/A,N/A,N/A,8.2,0.84
8,SELV,Paid Social,Galaxy Tab S10,323715,3462,14418,382,68518,1.01,51.4,41.1,N/A,N/A,N/A,N/A,N/A,N/A,N/A,N/A,N/A,N/A,8.9,0.73
8,SELV,Influencer,Galaxy Tab S10,N/A,N/A,4149,38,10638,5.79,44.9,48.4,Influencer_8,560209,5.79,N/A,N/A,N/A,N/A,N/A,N/A,N/A,14.1,0.88
8,SELV,TV,Galaxy Tab S10,N/A,N/A,17915,N/A,N/A,N/A,79.4,70.7,N/A,N/A,N/A,369,N/A,N/A,N/A,N/A,N/A,N/A,12.3,0.86
8,SELV,Search,Galaxy Tab S10,193283,3749,12844,355,114320,1.94,59.0,59.3,N/A,N/A,N/A,N/A,N/A,N/A,N/A,N/A,N/A,N/A,4.6,0.88
8,SELV,Website,Galaxy Tab S10,N/A,N/A,N/A,584,146147,N/A,62.6,57.1,N/A,N/A,N/A,N/A,N/A,N/A,54913,31.8,211,3.83,6.8,0.83
8,SELV,PR,Galaxy Tab S10,N/A,N/A,0,N/A,N/A,N/A,78.7,58.7,N/A,N/A,N/A,N/A,23,41.7,N/A,N/A,N/A,N/A,1.7,0.84
8,SELV,B2B Roadshow,Galaxy Tab S10,9145,N/A,3284,78,17482,3.39,69.1,57.3,N/A,N/A,N/A,N/A,N/A,N/A,N/A,N/A,N/A,N/A,9.7,0.9
8,SELV,Paid Social,Galaxy Buds3,283070,3005,11412,209,55745,1.31,74.5,51.5,N/A,N/A,N/A,N/A,N/A,N/A,N/A,N/A,N/A,N/A,7.2,0.78
8,SELV,Influencer,Galaxy Buds3,N/A,N/A,4896,36,10097,4.55,63.6,55.0,Influencer_10,620873,4.55,N/A,N/A,N/A,N/A,N/A,N/A,N/A,12.0,0.94
8,SELV,TV,Galaxy Buds3,N/A,N/A,29493,N/A,N/A,N/A,67.0,56.3,N/A,N/A,N/A,491,N/A,N/A,N/A,N/A,N/A,N/A,10.9,0.89
8,SELV,Search,Galaxy Buds3,278331,4416,14560,522,256859,1.59,62.0,61.4,N/A,N/A,N/A,N/A,N/A,N/A,N/A,N/A,N/A,N/A,4.9,0.81
8,SELV,Website,Galaxy Buds3,N/A,N/A,N/A,562,187635,N/A,68.0,55.9,N/A,N/A,N/A,N/A,N/A,N/A,48084,43.2,235,3.89,7.1,0.77
8,SELV,PR,Galaxy Buds3,N/A,N/A,0,N/A,N/A,N/A,72.0,53.2,N/A,N/A,N/A,N/A,34,20.6,N/A,N/A,N/A,N/A,6.7,0.86
8,SELV,B2B Roadshow,Galaxy Buds3,12371,N/A,6252,42,24899,3.91,72.1,54.8,N/A,N/A,N/A,N/A,N/A,N/A,N/A,N/A,N/A,N/A,8.2,0.98
8,SELV,Paid Social,Galaxy Watch6,314420,3042,17206,361,78128,1.07,75.0,43.2,N/A,N/A,N/A,N/A,N/A,N/A,N/A,N/A,N/A,N/A,16.0,0.94
8,SELV,Influencer,Galaxy Watch6,N/A,N/A,2766,45,11125,4.54,52.9,31.5,Influencer_8,770909,4.54,N/A,N/A,N/A,N/A,N/A,N/A,N/A,13.4,0.93
8,SELV,TV,Galaxy Watch6,N/A,N/A,24194,N/A,N/A,N/A,81.2,58.3,N/A,N/A,N/A,421,N/A,N/A,N/A,N/A,N/A,N/A,10.2,0.85
8,SELV,Search,Galaxy Watch6,297038,4235,5825,351,155733,1.43,69.5,51.2,N/A,N/A,N/A,N/A,N/A,N/A,N/A,N/A,N/A,N/A,8.6,0.84
8,SELV,Website,Galaxy Watch6,N/A,N/A,N/A,372,85582,N/A,67.9,40.0,N/A,N/A,N/A,N/A,N/A,N/A,39539,32.4,264,2.64,5.6,0.82
8,SELV,PR,Galaxy Watch6,N/A,N/A,0,N/A,N/A,N/A,66.4,71.8,N/A,N/A,N/A,N/A,29,37.2,N/A,N/A,N/A,N/A,4.1,0.87
8,SELV,B2B Roadshow,Galaxy Watch6,10312,N/A,7080,25,12852,5.49,67.9,53.3,N/A,N/A,N/A,N/A,N/A,N/A,N/A,N/A,N/A,N/A,9.5,0.95
8,SEMAG,Paid Social,Galaxy Z Fold8,218140,2801,10822,290,106960,1.37,53.7,47.9,N/A,N/A,N/A,N/A,N/A,N/A,N/A,N/A,N/A,N/A,9.4,0.84
8,SEMAG,Influencer,Galaxy Z Fold8,N/A,N/A,1930,23,4623,3.63,48.8,29.9,Influencer_12,915095,3.63,N/A,N/A,N/A,N/A,N/A,N/A,N/A,13.9,0.94
8,SEMAG,TV,Galaxy Z Fold8,N/A,N/A,22695,N/A,N/A,N/A,64.8,58.0,N/A,N/A,N/A,346,N/A,N/A,N/A,N/A,N/A,N/A,11.6,0.72
8,SEMAG,Search,Galaxy Z Fold8,209383,3194,11479,465,122615,1.53,51.8,42.6,N/A,N/A,N/A,N/A,N/A,N/A,N/A,N/A,N/A,N/A,11.5,0.81
8,SEMAG,Website,Galaxy Z Fold8,N/A,N/A,N/A,245,60411,N/A,45.3,40.5,N/A,N/A,N/A,N/A,N/A,N/A,28381,34.3,199,2.68,13.7,0.87
8,SEMAG,PR,Galaxy Z Fold8,N/A,N/A,0,N/A,N/A,N/A,67.4,59.5,N/A,N/A,N/A,N/A,14,38.1,N/A,N/A,N/A,N/A,6.9,0.91
8,SEMAG,B2B Roadshow,Galaxy Z Fold8,11134,N/A,4347,66,7776,3.99,59.0,62.4,N/A,N/A,N/A,N/A,N/A,N/A,N/A,N/A,N/A,N/A,7.5,0.84
8,SEMAG,Paid Social,Galaxy Z Flip8,385312,4136,5472,364,71570,1.31,72.7,58.1,N/A,N/A,N/A,N/A,N/A,N/A,N/A,N/A,N/A,N/A,8.1,0.88
8,SEMAG,Influencer,Galaxy Z Flip8,N/A,N/A,3570,36,17023,5.4,44.9,32.5,Influencer_11,569359,5.4,N/A,N/A,N/A,N/A,N/A,N/A,N/A,12.5,0.91
8,SEMAG,TV,Galaxy Z Flip8,N/A,N/A,19068,N/A,N/A,N/A,76.4,69.3,N/A,N/A,N/A,322,N/A,N/A,N/A,N/A,N/A,N/A,12.4,0.75
8,SEMAG,Search,Galaxy Z Flip8,191522,2994,10846,446,222327,1.56,70.7,44.4,N/A,N/A,N/A,N/A,N/A,N/A,N/A,N/A,N/A,N/A,7.0,0.8
8,SEMAG,Website,Galaxy Z Flip8,N/A,N/A,N/A,549,179423,N/A,67.3,46.8,N/A,N/A,N/A,N/A,N/A,N/A,44825,44.4,270,3.1,8.6,0.84
8,SEMAG,PR,Galaxy Z Flip8,N/A,N/A,0,N/A,N/A,N/A,81.7,52.6,N/A,N/A,N/A,N/A,28,33.2,N/A,N/A,N/A,N/A,4.2,0.83
8,SEMAG,B2B Roadshow,Galaxy Z Flip8,7033,N/A,6122,18,9548,3.07,57.5,57.9,N/A,N/A,N/A,N/A,N/A,N/A,N/A,N/A,N/A,N/A,7.5,0.96
8,SEMAG,Paid Social,Galaxy S24,396021,5886,8194,655,189667,1.19,75.9,55.8,N/A,N/A,N/A,N/A,N/A,N/A,N/A,N/A,N/A,N/A,15.6,0.82
8,SEMAG,Influencer,Galaxy S24,N/A,N/A,3927,28,12820,5.73,63.8,42.4,Influencer_11,655859,5.73,N/A,N/A,N/A,N/A,N/A,N/A,N/A,8.8,0.9
8,SEMAG,TV,Galaxy S24,N/A,N/A,16399,N/A,N/A,N/A,66.2,71.2,N/A,N/A,N/A,201,N/A,N/A,N/A,N/A,N/A,N/A,7.8,0.86
8,SEMAG,Search,Galaxy S24,161539,2167,6497,372,149732,1.34,67.1,57.7,N/A,N/A,N/A,N/A,N/A,N/A,N/A,N/A,N/A,N/A,6.4,0.94
8,SEMAG,Website,Galaxy S24,N/A,N/A,N/A,551,202541,N/A,61.2,50.1,N/A,N/A,N/A,N/A,N/A,N/A,40529,39.8,189,3.58,12.6,0.78
8,SEMAG,PR,Galaxy S24,N/A,N/A,0,N/A,N/A,N/A,71.4,70.1,N/A,N/A,N/A,N/A,27,27.2,N/A,N/A,N/A,N/A,5.2,0.96
8,SEMAG,B2B Roadshow,Galaxy S24,7189,N/A,6044,51,8172,7.5,59.8,67.9,N/A,N/A,N/A,N/A,N/A,N/A,N/A,N/A,N/A,N/A,10.5,0.9
8,SEMAG,Paid Social,Galaxy Tab S10,390476,3792,6697,312,67981,1.28,61.8,37.7,N/A,N/A,N/A,N/A,N/A,N/A,N/A,N/A,N/A,N/A,6.8,0.82
8,SEMAG,Influencer,Galaxy Tab S10,N/A,N/A,2335,30,11878,5.5,50.1,28.4,Influencer_12,440244,5.5,N/A,N/A,N/A,N/A,N/A,N/A,N/A,12.2,0.79
8,SEMAG,TV,Galaxy Tab S10,N/A,N/A,23482,N/A,N/A,N/A,71.0,48.4,N/A,N/A,N/A,207,N/A,N/A,N/A,N/A,N/A,N/A,14.6,0.85
8,SEMAG,Search,Galaxy Tab S10,178579,3162,10844,460,168284,1.77,59.0,45.7,N/A,N/A,N/A,N/A,N/A,N/A,N/A,N/A,N/A,N/A,8.1,0.84
8,SEMAG,Website,Galaxy Tab S10,N/A,N/A,N/A,482,192713,N/A,55.3,51.0,N/A,N/A,N/A,N/A,N/A,N/A,35255,43.7,167,3.05,4.7,0.85
8,SEMAG,PR,Galaxy Tab S10,N/A,N/A,0,N/A,N/A,N/A,68.8,63.8,N/A,N/A,N/A,N/A,26,24.9,N/A,N/A,N/A,N/A,5.6,0.89
8,SEMAG,B2B Roadshow,Galaxy Tab S10,9485,N/A,7853,28,23258,4.61,65.9,57.2,N/A,N/A,N/A,N/A,N/A,N/A,N/A,N/A,N/A,N/A,6.3,0.9
8,SEMAG,Paid Social,Galaxy Buds3,212617,2908,5352,175,45263,0.91,47.4,53.3,N/A,N/A,N/A,N/A,N/A,N/A,N/A,N/A,N/A,N/A,11.8,0.72
8,SEMAG,Influencer,Galaxy Buds3,N/A,N/A,2345,14,3647,2.81,47.7,49.5,Influencer_11,893771,2.81,N/A,N/A,N/A,N/A,N/A,N/A,N/A,14.7,0.87
8,SEMAG,TV,Galaxy Buds3,N/A,N/A,25638,N/A,N/A,N/A,75.2,58.3,N/A,N/A,N/A,285,N/A,N/A,N/A,N/A,N/A,N/A,5.6,0.91
8,SEMAG,Search,Galaxy Buds3,233243,3301,6546,404,209255,1.42,57.0,58.7,N/A,N/A,N/A,N/A,N/A,N/A,N/A,N/A,N/A,N/A,12.7,0.81
8,SEMAG,Website,Galaxy Buds3,N/A,N/A,N/A,662,244104,N/A,68.7,46.4,N/A,N/A,N/A,N/A,N/A,N/A,45639,25.6,236,3.54,8.8,0.85
8,SEMAG,PR,Galaxy Buds3,N/A,N/A,0,N/A,N/A,N/A,77.9,54.8,N/A,N/A,N/A,N/A,27,22.1,N/A,N/A,N/A,N/A,5.3,0.89
8,SEMAG,B2B Roadshow,Galaxy Buds3,8549,N/A,4663,22,23584,3.46,70.4,56.6,N/A,N/A,N/A,N/A,N/A,N/A,N/A,N/A,N/A,N/A,6.3,0.97
8,SEMAG,Paid Social,Galaxy Watch6,362261,4736,13152,430,84031,0.89,48.4,38.2,N/A,N/A,N/A,N/A,N/A,N/A,N/A,N/A,N/A,N/A,4.8,0.91
8,SEMAG,Influencer,Galaxy Watch6,N/A,N/A,2222,56,20659,5.33,54.1,55.6,Influencer_12,709911,5.33,N/A,N/A,N/A,N/A,N/A,N/A,N/A,10.4,0.89
8,SEMAG,TV,Galaxy Watch6,N/A,N/A,12783,N/A,N/A,N/A,71.5,61.0,N/A,N/A,N/A,199,N/A,N/A,N/A,N/A,N/A,N/A,9.9,0.78
8,SEMAG,Search,Galaxy Watch6,275761,5411,11163,649,273695,1.96,66.0,61.9,N/A,N/A,N/A,N/A,N/A,N/A,N/A,N/A,N/A,N/A,11.8,0.79
8,SEMAG,Website,Galaxy Watch6,N/A,N/A,N/A,384,110165,N/A,52.9,33.6,N/A,N/A,N/A,N/A,N/A,N/A,32463,38.8,158,2.89,6.4,0.81
8,SEMAG,PR,Galaxy Watch6,N/A,N/A,0,N/A,N/A,N/A,62.9,68.1,N/A,N/A,N/A,N/A,20,29.1,N/A,N/A,N/A,N/A,8.4,0.89
8,SEMAG,B2B Roadshow,Galaxy Watch6,6846,N/A,6804,40,9002,3.55,67.7,63.0,N/A,N/A,N/A,N/A,N/A,N/A,N/A,N/A,N/A,N/A,6.0,0.93
8,SEEG,Paid Social,Galaxy Z Fold8,277550,2844,6129,271,80863,1.3,52.4,45.1,N/A,N/A,N/A,N/A,N/A,N/A,N/A,N/A,N/A,N/A,5.9,0.74
8,SEEG,Influencer,Galaxy Z Fold8,N/A,N/A,2454,21,4693,3.22,49.8,36.7,Influencer_15,907181,3.22,N/A,N/A,N/A,N/A,N/A,N/A,N/A,10.8,0.92
8,SEEG,TV,Galaxy Z Fold8,N/A,N/A,30307,N/A,N/A,N/A,69.4,56.8,N/A,N/A,N/A,355,N/A,N/A,N/A,N/A,N/A,N/A,16.3,0.8
8,SEEG,Search,Galaxy Z Fold8,237540,3439,9371,534,273620,1.45,74.8,46.1,N/A,N/A,N/A,N/A,N/A,N/A,N/A,N/A,N/A,N/A,5.8,0.89
8,SEEG,Website,Galaxy Z Fold8,N/A,N/A,N/A,426,117720,N/A,50.7,50.6,N/A,N/A,N/A,N/A,N/A,N/A,26804,27.4,212,3.63,12.6,0.8
8,SEEG,PR,Galaxy Z Fold8,N/A,N/A,0,N/A,N/A,N/A,76.4,56.3,N/A,N/A,N/A,N/A,34,23.6,N/A,N/A,N/A,N/A,3.3,0.8
8,SEEG,B2B Roadshow,Galaxy Z Fold8,12777,N/A,4403,26,13821,3.24,61.6,58.4,N/A,N/A,N/A,N/A,N/A,N/A,N/A,N/A,N/A,N/A,9.2,0.9
8,SEEG,Paid Social,Galaxy Z Flip8,445635,4246,13887,397,112467,1.34,62.7,60.3,N/A,N/A,N/A,N/A,N/A,N/A,N/A,N/A,N/A,N/A,7.2,0.76
8,SEEG,Influencer,Galaxy Z Flip8,N/A,N/A,4151,13,3103,5.99,61.1,31.5,Influencer_14,208363,5.99,N/A,N/A,N/A,N/A,N/A,N/A,N/A,10.4,0.76
8,SEEG,TV,Galaxy Z Flip8,N/A,N/A,23138,N/A,N/A,N/A,83.5,60.0,N/A,N/A,N/A,249,N/A,N/A,N/A,N/A,N/A,N/A,7.5,0.85
8,SEEG,Search,Galaxy Z Flip8,232390,3649,11468,583,168821,1.57,70.6,39.7,N/A,N/A,N/A,N/A,N/A,N/A,N/A,N/A,N/A,N/A,3.9,0.83
8,SEEG,Website,Galaxy Z Flip8,N/A,N/A,N/A,791,233641,N/A,65.2,36.5,N/A,N/A,N/A,N/A,N/A,N/A,48029,26.3,207,3.35,11.4,0.81
8,SEEG,PR,Galaxy Z Flip8,N/A,N/A,0,N/A,N/A,N/A,67.1,71.2,N/A,N/A,N/A,N/A,16,38.4,N/A,N/A,N/A,N/A,2.6,0.86
8,SEEG,B2B Roadshow,Galaxy Z Flip8,9752,N/A,7331,58,24743,4.96,61.6,56.7,N/A,N/A,N/A,N/A,N/A,N/A,N/A,N/A,N/A,N/A,9.7,0.9
8,SEEG,Paid Social,Galaxy S24,225546,2681,11744,315,53461,1.2,53.6,36.7,N/A,N/A,N/A,N/A,N/A,N/A,N/A,N/A,N/A,N/A,12.5,0.84
8,SEEG,Influencer,Galaxy S24,N/A,N/A,2811,20,4507,4.94,47.1,44.3,Influencer_14,471974,4.94,N/A,N/A,N/A,N/A,N/A,N/A,N/A,9.3,0.93
8,SEEG,TV,Galaxy S24,N/A,N/A,22247,N/A,N/A,N/A,65.6,67.7,N/A,N/A,N/A,384,N/A,N/A,N/A,N/A,N/A,N/A,7.1,0.85
8,SEEG,Search,Galaxy S24,167022,2060,8166,204,79000,1.23,55.8,49.0,N/A,N/A,N/A,N/A,N/A,N/A,N/A,N/A,N/A,N/A,9.7,0.78
8,SEEG,Website,Galaxy S24,N/A,N/A,N/A,529,200253,N/A,58.1,33.7,N/A,N/A,N/A,N/A,N/A,N/A,36182,33.3,251,3.67,9.5,0.91
8,SEEG,PR,Galaxy S24,N/A,N/A,0,N/A,N/A,N/A,84.4,63.8,N/A,N/A,N/A,N/A,27,36.3,N/A,N/A,N/A,N/A,2.1,0.92
8,SEEG,B2B Roadshow,Galaxy S24,5238,N/A,4253,68,26481,3.45,68.3,59.7,N/A,N/A,N/A,N/A,N/A,N/A,N/A,N/A,N/A,N/A,11.2,0.83
8,SEEG,Paid Social,Galaxy Tab S10,287165,2675,5953,171,61622,0.84,53.9,58.4,N/A,N/A,N/A,N/A,N/A,N/A,N/A,N/A,N/A,N/A,14.0,0.94
8,SEEG,Influencer,Galaxy Tab S10,N/A,N/A,3596,28,9145,5.35,50.6,41.5,Influencer_14,369855,5.35,N/A,N/A,N/A,N/A,N/A,N/A,N/A,9.0,0.92
8,SEEG,TV,Galaxy Tab S10,N/A,N/A,18202,N/A,N/A,N/A,66.0,60.0,N/A,N/A,N/A,225,N/A,N/A,N/A,N/A,N/A,N/A,7.0,0.88
8,SEEG,Search,Galaxy Tab S10,137197,1833,6481,207,87371,1.34,53.9,43.9,N/A,N/A,N/A,N/A,N/A,N/A,N/A,N/A,N/A,N/A,3.9,0.78
8,SEEG,Website,Galaxy Tab S10,N/A,N/A,N/A,359,113843,N/A,55.3,44.4,N/A,N/A,N/A,N/A,N/A,N/A,34135,26.4,181,3.51,13.3,0.75
8,SEEG,PR,Galaxy Tab S10,N/A,N/A,0,N/A,N/A,N/A,74.0,64.8,N/A,N/A,N/A,N/A,33,19.3,N/A,N/A,N/A,N/A,6.4,0.85
8,SEEG,B2B Roadshow,Galaxy Tab S10,5335,N/A,4421,33,26126,4.85,56.1,68.8,N/A,N/A,N/A,N/A,N/A,N/A,N/A,N/A,N/A,N/A,6.2,0.86
8,SEEG,Paid Social,Galaxy Buds3,362244,4308,9208,453,87273,0.82,55.1,62.1,N/A,N/A,N/A,N/A,N/A,N/A,N/A,N/A,N/A,N/A,13.5,0.71
8,SEEG,Influencer,Galaxy Buds3,N/A,N/A,4296,22,9293,4.1,70.4,51.1,Influencer_13,510383,4.1,N/A,N/A,N/A,N/A,N/A,N/A,N/A,6.5,0.89
8,SEEG,TV,Galaxy Buds3,N/A,N/A,18318,N/A,N/A,N/A,80.9,54.3,N/A,N/A,N/A,332,N/A,N/A,N/A,N/A,N/A,N/A,15.8,0.73
8,SEEG,Search,Galaxy Buds3,305390,4927,8317,719,297622,1.61,69.4,62.8,N/A,N/A,N/A,N/A,N/A,N/A,N/A,N/A,N/A,N/A,11.3,0.86
8,SEEG,Website,Galaxy Buds3,N/A,N/A,N/A,579,153500,N/A,45.9,42.0,N/A,N/A,N/A,N/A,N/A,N/A,51706,27.1,196,3.89,9.4,0.85
8,SEEG,PR,Galaxy Buds3,N/A,N/A,0,N/A,N/A,N/A,78.9,65.3,N/A,N/A,N/A,N/A,34,19.6,N/A,N/A,N/A,N/A,2.7,0.94
8,SEEG,B2B Roadshow,Galaxy Buds3,5445,N/A,4473,26,16538,5.99,71.1,61.7,N/A,N/A,N/A,N/A,N/A,N/A,N/A,N/A,N/A,N/A,9.8,0.88
8,SEEG,Paid Social,Galaxy Watch6,403893,4740,9155,536,177510,0.9,54.4,42.1,N/A,N/A,N/A,N/A,N/A,N/A,N/A,N/A,N/A,N/A,6.3,0.84
8,SEEG,Influencer,Galaxy Watch6,N/A,N/A,1661,6,1284,2.85,56.3,57.0,Influencer_14,395356,2.85,N/A,N/A,N/A,N/A,N/A,N/A,N/A,6.0,0.89
8,SEEG,TV,Galaxy Watch6,N/A,N/A,29802,N/A,N/A,N/A,81.2,65.6,N/A,N/A,N/A,275,N/A,N/A,N/A,N/A,N/A,N/A,5.8,0.9
8,SEEG,Search,Galaxy Watch6,152442,2522,5229,419,165680,1.65,68.5,58.7,N/A,N/A,N/A,N/A,N/A,N/A,N/A,N/A,N/A,N/A,12.2,0.88
8,SEEG,Website,Galaxy Watch6,N/A,N/A,N/A,391,173176,N/A,52.6,55.1,N/A,N/A,N/A,N/A,N/A,N/A,43291,37.3,240,2.77,11.6,0.84
8,SEEG,PR,Galaxy Watch6,N/A,N/A,0,N/A,N/A,N/A,84.6,73.2,N/A,N/A,N/A,N/A,18,20.3,N/A,N/A,N/A,N/A,6.3,0.84
8,SEEG,B2B Roadshow,Galaxy Watch6,12721,N/A,6722,27,12023,3.11,72.1,53.0,N/A,N/A,N/A,N/A,N/A,N/A,N/A,N/A,N/A,N/A,5.8,0.85
8,SEIL,Paid Social,Galaxy Z Fold8,449430,4603,10783,401,124916,1.39,52.8,40.5,N/A,N/A,N/A,N/A,N/A,N/A,N/A,N/A,N/A,N/A,12.8,0.87
8,SEIL,Influencer,Galaxy Z Fold8,N/A,N/A,2840,19,8800,5.92,65.4,37.1,Influencer_18,412186,5.92,N/A,N/A,N/A,N/A,N/A,N/A,N/A,14.0,0.85
8,SEIL,TV,Galaxy Z Fold8,N/A,N/A,36366,N/A,N/A,N/A,84.1,47.3,N/A,N/A,N/A,365,N/A,N/A,N/A,N/A,N/A,N/A,10.8,0.88
8,SEIL,Search,Galaxy Z Fold8,160341,3303,11744,517,235393,2.06,53.0,58.0,N/A,N/A,N/A,N/A,N/A,N/A,N/A,N/A,N/A,N/A,6.6,0.91
8,SEIL,Website,Galaxy Z Fold8,N/A,N/A,N/A,740,263424,N/A,61.0,37.0,N/A,N/A,N/A,N/A,N/A,N/A,57090,43.1,251,3.14,12.8,0.88
8,SEIL,PR,Galaxy Z Fold8,N/A,N/A,0,N/A,N/A,N/A,66.6,72.6,N/A,N/A,N/A,N/A,37,22.0,N/A,N/A,N/A,N/A,3.9,0.93
8,SEIL,B2B Roadshow,Galaxy Z Fold8,8002,N/A,5938,58,13684,3.09,56.6,58.0,N/A,N/A,N/A,N/A,N/A,N/A,N/A,N/A,N/A,N/A,8.8,0.84
8,SEIL,Paid Social,Galaxy Z Flip8,428912,3833,12645,328,125250,0.91,55.6,36.7,N/A,N/A,N/A,N/A,N/A,N/A,N/A,N/A,N/A,N/A,15.1,0.94
8,SEIL,Influencer,Galaxy Z Flip8,N/A,N/A,4118,9,3845,2.65,61.4,40.1,Influencer_17,428973,2.65,N/A,N/A,N/A,N/A,N/A,N/A,N/A,10.0,0.84
8,SEIL,TV,Galaxy Z Flip8,N/A,N/A,21053,N/A,N/A,N/A,71.2,67.7,N/A,N/A,N/A,383,N/A,N/A,N/A,N/A,N/A,N/A,13.9,0.85
8,SEIL,Search,Galaxy Z Flip8,207012,2572,11734,225,101019,1.24,66.8,39.5,N/A,N/A,N/A,N/A,N/A,N/A,N/A,N/A,N/A,N/A,9.8,0.83
8,SEIL,Website,Galaxy Z Flip8,N/A,N/A,N/A,398,90243,N/A,58.9,54.3,N/A,N/A,N/A,N/A,N/A,N/A,39635,38.1,160,2.57,6.2,0.9
8,SEIL,PR,Galaxy Z Flip8,N/A,N/A,0,N/A,N/A,N/A,64.1,70.9,N/A,N/A,N/A,N/A,14,39.6,N/A,N/A,N/A,N/A,0.4,0.93
8,SEIL,B2B Roadshow,Galaxy Z Flip8,6561,N/A,6048,70,18586,5.56,73.2,52.3,N/A,N/A,N/A,N/A,N/A,N/A,N/A,N/A,N/A,N/A,7.6,0.84
8,SEIL,Paid Social,Galaxy S24,382355,4513,15516,360,90131,1.43,50.1,52.1,N/A,N/A,N/A,N/A,N/A,N/A,N/A,N/A,N/A,N/A,10.4,0.77
8,SEIL,Influencer,Galaxy S24,N/A,N/A,2888,12,5413,3.86,60.6,29.3,Influencer_16,261328,3.86,N/A,N/A,N/A,N/A,N/A,N/A,N/A,9.5,0.86
8,SEIL,TV,Galaxy S24,N/A,N/A,33038,N/A,N/A,N/A,84.3,58.1,N/A,N/A,N/A,455,N/A,N/A,N/A,N/A,N/A,N/A,11.5,0.77
8,SEIL,Search,Galaxy S24,243839,4195,11919,603,201722,1.72,73.0,57.5,N/A,N/A,N/A,N/A,N/A,N/A,N/A,N/A,N/A,N/A,10.8,0.8
8,SEIL,Website,Galaxy S24,N/A,N/A,N/A,856,217790,N/A,62.5,43.9,N/A,N/A,N/A,N/A,N/A,N/A,56206,38.2,178,3.42,5.4,0.76
8,SEIL,PR,Galaxy S24,N/A,N/A,0,N/A,N/A,N/A,79.3,50.7,N/A,N/A,N/A,N/A,22,15.5,N/A,N/A,N/A,N/A,1.1,0.84
8,SEIL,B2B Roadshow,Galaxy S24,8981,N/A,3923,39,25107,7.69,73.3,61.4,N/A,N/A,N/A,N/A,N/A,N/A,N/A,N/A,N/A,N/A,11.0,0.96
8,SEIL,Paid Social,Galaxy Tab S10,287285,3245,13980,169,57474,1.21,64.8,53.0,N/A,N/A,N/A,N/A,N/A,N/A,N/A,N/A,N/A,N/A,10.9,0.83
8,SEIL,Influencer,Galaxy Tab S10,N/A,N/A,2430,9,3283,4.3,42.1,54.3,Influencer_16,368698,4.3,N/A,N/A,N/A,N/A,N/A,N/A,N/A,9.8,0.75
8,SEIL,TV,Galaxy Tab S10,N/A,N/A,21533,N/A,N/A,N/A,61.1,47.1,N/A,N/A,N/A,399,N/A,N/A,N/A,N/A,N/A,N/A,16.4,0.87
8,SEIL,Search,Galaxy Tab S10,305925,4701,14607,562,287682,1.54,51.3,54.6,N/A,N/A,N/A,N/A,N/A,N/A,N/A,N/A,N/A,N/A,6.7,0.81
8,SEIL,Website,Galaxy Tab S10,N/A,N/A,N/A,726,308394,N/A,58.4,37.0,N/A,N/A,N/A,N/A,N/A,N/A,43058,36.0,150,3.9,8.2,0.9
8,SEIL,PR,Galaxy Tab S10,N/A,N/A,0,N/A,N/A,N/A,76.1,64.9,N/A,N/A,N/A,N/A,21,34.8,N/A,N/A,N/A,N/A,0.1,0.86
8,SEIL,B2B Roadshow,Galaxy Tab S10,12685,N/A,4343,75,24136,6.78,73.7,67.2,N/A,N/A,N/A,N/A,N/A,N/A,N/A,N/A,N/A,N/A,6.2,0.91
8,SEIL,Paid Social,Galaxy Buds3,507345,4793,14928,425,104694,1.35,75.8,41.0,N/A,N/A,N/A,N/A,N/A,N/A,N/A,N/A,N/A,N/A,9.8,0.93
8,SEIL,Influencer,Galaxy Buds3,N/A,N/A,2065,37,18094,3.68,67.8,50.5,Influencer_18,730221,3.68,N/A,N/A,N/A,N/A,N/A,N/A,N/A,13.3,0.79
8,SEIL,TV,Galaxy Buds3,N/A,N/A,31400,N/A,N/A,N/A,67.2,60.8,N/A,N/A,N/A,237,N/A,N/A,N/A,N/A,N/A,N/A,16.8,0.74
8,SEIL,Search,Galaxy Buds3,177973,2473,13951,393,121962,1.39,56.8,54.0,N/A,N/A,N/A,N/A,N/A,N/A,N/A,N/A,N/A,N/A,4.7,0.87
8,SEIL,Website,Galaxy Buds3,N/A,N/A,N/A,937,239826,N/A,62.8,34.6,N/A,N/A,N/A,N/A,N/A,N/A,61212,43.0,268,3.61,8.8,0.88
8,SEIL,PR,Galaxy Buds3,N/A,N/A,0,N/A,N/A,N/A,84.4,61.9,N/A,N/A,N/A,N/A,11,27.2,N/A,N/A,N/A,N/A,0.5,0.81
8,SEIL,B2B Roadshow,Galaxy Buds3,11618,N/A,7767,31,8615,6.17,73.7,60.5,N/A,N/A,N/A,N/A,N/A,N/A,N/A,N/A,N/A,N/A,11.0,0.95
8,SEIL,Paid Social,Galaxy Watch6,330586,4427,8491,342,89312,1.09,60.8,49.7,N/A,N/A,N/A,N/A,N/A,N/A,N/A,N/A,N/A,N/A,5.3,0.94
8,SEIL,Influencer,Galaxy Watch6,N/A,N/A,4340,33,13458,5.49,50.9,42.9,Influencer_17,807707,5.49,N/A,N/A,N/A,N/A,N/A,N/A,N/A,12.9,0.75
8,SEIL,TV,Galaxy Watch6,N/A,N/A,20933,N/A,N/A,N/A,70.8,56.2,N/A,N/A,N/A,397,N/A,N/A,N/A,N/A,N/A,N/A,16.6,0.8
8,SEIL,Search,Galaxy Watch6,263326,5170,11337,710,197564,1.96,59.3,43.9,N/A,N/A,N/A,N/A,N/A,N/A,N/A,N/A,N/A,N/A,9.4,0.87
8,SEIL,Website,Galaxy Watch6,N/A,N/A,N/A,428,109516,N/A,44.8,44.1,N/A,N/A,N/A,N/A,N/A,N/A,37432,30.5,261,3.44,7.0,0.77
8,SEIL,PR,Galaxy Watch6,N/A,N/A,0,N/A,N/A,N/A,68.7,61.5,N/A,N/A,N/A,N/A,50,15.7,N/A,N/A,N/A,N/A,6.5,0.87
8,SEIL,B2B Roadshow,Galaxy Watch6,15403,N/A,5494,25,23465,5.87,62.9,50.4,N/A,N/A,N/A,N/A,N/A,N/A,N/A,N/A,N/A,N/A,5.0,0.95
8,SEPAK,Paid Social,Galaxy Z Fold8,295899,3003,11327,181,43075,1.23,64.1,46.8,N/A,N/A,N/A,N/A,N/A,N/A,N/A,N/A,N/A,N/A,4.9,0.83
8,SEPAK,Influencer,Galaxy Z Fold8,N/A,N/A,1568,36,9819,5.46,65.6,43.6,Influencer_20,728553,5.46,N/A,N/A,N/A,N/A,N/A,N/A,N/A,11.9,0.79
8,SEPAK,TV,Galaxy Z Fold8,N/A,N/A,27244,N/A,N/A,N/A,81.2,49.7,N/A,N/A,N/A,269,N/A,N/A,N/A,N/A,N/A,N/A,9.8,0.88
8,SEPAK,Search,Galaxy Z Fold8,231925,2847,7800,317,154601,1.23,55.4,54.8,N/A,N/A,N/A,N/A,N/A,N/A,N/A,N/A,N/A,N/A,11.1,0.92
8,SEPAK,Website,Galaxy Z Fold8,N/A,N/A,N/A,655,150366,N/A,48.1,44.5,N/A,N/A,N/A,N/A,N/A,N/A,37126,42.8,158,2.75,8.0,0.8
8,SEPAK,PR,Galaxy Z Fold8,N/A,N/A,0,N/A,N/A,N/A,62.5,63.2,N/A,N/A,N/A,N/A,38,42.1,N/A,N/A,N/A,N/A,2.0,0.93
8,SEPAK,B2B Roadshow,Galaxy Z Fold8,8699,N/A,7260,20,12204,3.0,72.5,61.5,N/A,N/A,N/A,N/A,N/A,N/A,N/A,N/A,N/A,N/A,6.3,0.93
8,SEPAK,Paid Social,Galaxy Z Flip8,208628,2150,8799,200,57042,0.97,64.9,48.8,N/A,N/A,N/A,N/A,N/A,N/A,N/A,N/A,N/A,N/A,14.0,0.89
8,SEPAK,Influencer,Galaxy Z Flip8,N/A,N/A,1974,14,6686,3.72,53.8,39.1,Influencer_23,780210,3.72,N/A,N/A,N/A,N/A,N/A,N/A,N/A,5.7,0.75
8,SEPAK,TV,Galaxy Z Flip8,N/A,N/A,13203,N/A,N/A,N/A,69.6,56.8,N/A,N/A,N/A,298,N/A,N/A,N/A,N/A,N/A,N/A,13.3,0.74
8,SEPAK,Search,Galaxy Z Flip8,245082,3813,6664,311,168086,1.56,60.1,46.1,N/A,N/A,N/A,N/A,N/A,N/A,N/A,N/A,N/A,N/A,8.8,0.9
8,SEPAK,Website,Galaxy Z Flip8,N/A,N/A,N/A,488,217007,N/A,58.8,45.6,N/A,N/A,N/A,N/A,N/A,N/A,30044,38.3,225,3.15,8.8,0.88
8,SEPAK,PR,Galaxy Z Flip8,N/A,N/A,0,N/A,N/A,N/A,75.3,53.6,N/A,N/A,N/A,N/A,8,34.6,N/A,N/A,N/A,N/A,7.5,0.93
8,SEPAK,B2B Roadshow,Galaxy Z Flip8,4408,N/A,3925,48,11748,5.14,72.8,52.5,N/A,N/A,N/A,N/A,N/A,N/A,N/A,N/A,N/A,N/A,6.6,0.97
8,SEPAK,Paid Social,Galaxy S24,263546,3860,8103,195,58271,0.83,61.5,54.6,N/A,N/A,N/A,N/A,N/A,N/A,N/A,N/A,N/A,N/A,15.5,0.84
8,SEPAK,Influencer,Galaxy S24,N/A,N/A,1326,16,6979,3.08,44.2,37.7,Influencer_19,592403,3.08,N/A,N/A,N/A,N/A,N/A,N/A,N/A,9.0,0.87
8,SEPAK,TV,Galaxy S24,N/A,N/A,24521,N/A,N/A,N/A,68.9,57.6,N/A,N/A,N/A,188,N/A,N/A,N/A,N/A,N/A,N/A,7.3,0.91
8,SEPAK,Search,Galaxy S24,157916,2092,4103,236,74254,1.32,67.1,55.3,N/A,N/A,N/A,N/A,N/A,N/A,N/A,N/A,N/A,N/A,7.8,0.78
8,SEPAK,Website,Galaxy S24,N/A,N/A,N/A,511,217272,N/A,52.7,47.9,N/A,N/A,N/A,N/A,N/A,N/A,46156,31.1,223,3.53,10.0,0.81
8,SEPAK,PR,Galaxy S24,N/A,N/A,0,N/A,N/A,N/A,82.4,63.0,N/A,N/A,N/A,N/A,12,40.4,N/A,N/A,N/A,N/A,2.4,0.88
8,SEPAK,B2B Roadshow,Galaxy S24,5072,N/A,4123,30,15129,6.64,59.4,53.3,N/A,N/A,N/A,N/A,N/A,N/A,N/A,N/A,N/A,N/A,10.8,0.96
8,SEPAK,Paid Social,Galaxy Tab S10,211818,1699,8064,121,38066,1.46,74.9,36.6,N/A,N/A,N/A,N/A,N/A,N/A,N/A,N/A,N/A,N/A,12.6,0.82
8,SEPAK,Influencer,Galaxy Tab S10,N/A,N/A,2717,16,5242,4.72,48.5,47.3,Influencer_20,350141,4.72,N/A,N/A,N/A,N/A,N/A,N/A,N/A,12.9,0.87
8,SEPAK,TV,Galaxy Tab S10,N/A,N/A,26566,N/A,N/A,N/A,78.8,55.0,N/A,N/A,N/A,225,N/A,N/A,N/A,N/A,N/A,N/A,9.1,0.76
8,SEPAK,Search,Galaxy Tab S10,260213,3916,8538,368,186857,1.5,53.7,41.7,N/A,N/A,N/A,N/A,N/A,N/A,N/A,N/A,N/A,N/A,8.3,0.86
8,SEPAK,Website,Galaxy Tab S10,N/A,N/A,N/A,304,64960,N/A,59.6,39.5,N/A,N/A,N/A,N/A,N/A,N/A,24405,43.3,162,3.04,8.5,0.8
8,SEPAK,PR,Galaxy Tab S10,N/A,N/A,0,N/A,N/A,N/A,78.0,58.5,N/A,N/A,N/A,N/A,19,37.9,N/A,N/A,N/A,N/A,0.9,0.87
8,SEPAK,B2B Roadshow,Galaxy Tab S10,10932,N/A,5423,21,18491,3.6,66.6,64.0,N/A,N/A,N/A,N/A,N/A,N/A,N/A,N/A,N/A,N/A,11.9,0.89
8,SEPAK,Paid Social,Galaxy Buds3,254516,2551,12704,143,33367,1.14,63.0,41.3,N/A,N/A,N/A,N/A,N/A,N/A,N/A,N/A,N/A,N/A,5.5,0.75
8,SEPAK,Influencer,Galaxy Buds3,N/A,N/A,1984,17,6057,4.91,58.4,33.5,Influencer_23,271982,4.91,N/A,N/A,N/A,N/A,N/A,N/A,N/A,15.0,0.85
8,SEPAK,TV,Galaxy Buds3,N/A,N/A,25264,N/A,N/A,N/A,83.2,67.3,N/A,N/A,N/A,268,N/A,N/A,N/A,N/A,N/A,N/A,11.9,0.79
8,SEPAK,Search,Galaxy Buds3,156508,2629,10228,261,87584,1.68,65.1,43.4,N/A,N/A,N/A,N/A,N/A,N/A,N/A,N/A,N/A,N/A,10.0,0.83
8,SEPAK,Website,Galaxy Buds3,N/A,N/A,N/A,328,90669,N/A,62.8,45.1,N/A,N/A,N/A,N/A,N/A,N/A,26408,31.5,204,3.89,12.1,0.84
8,SEPAK,PR,Galaxy Buds3,N/A,N/A,0,N/A,N/A,N/A,83.6,58.5,N/A,N/A,N/A,N/A,12,30.4,N/A,N/A,N/A,N/A,5.8,0.83
8,SEPAK,B2B Roadshow,Galaxy Buds3,7659,N/A,6125,40,8696,6.68,63.9,57.6,N/A,N/A,N/A,N/A,N/A,N/A,N/A,N/A,N/A,N/A,6.1,0.95
8,SEPAK,Paid Social,Galaxy Watch6,323490,4698,8868,272,96127,0.9,65.1,42.3,N/A,N/A,N/A,N/A,N/A,N/A,N/A,N/A,N/A,N/A,8.5,0.9
8,SEPAK,Influencer,Galaxy Watch6,N/A,N/A,3124,16,6993,2.68,61.1,31.4,Influencer_19,558041,2.68,N/A,N/A,N/A,N/A,N/A,N/A,N/A,10.9,0.86
8,SEPAK,TV,Galaxy Watch6,N/A,N/A,24574,N/A,N/A,N/A,75.4,60.3,N/A,N/A,N/A,206,N/A,N/A,N/A,N/A,N/A,N/A,8.0,0.91
8,SEPAK,Search,Galaxy Watch6,268660,4138,5247,622,256320,1.54,61.4,51.9,N/A,N/A,N/A,N/A,N/A,N/A,N/A,N/A,N/A,N/A,11.9,0.81
8,SEPAK,Website,Galaxy Watch6,N/A,N/A,N/A,421,161676,N/A,68.1,54.0,N/A,N/A,N/A,N/A,N/A,N/A,35456,35.3,226,3.43,10.2,0.83
8,SEPAK,PR,Galaxy Watch6,N/A,N/A,0,N/A,N/A,N/A,76.0,71.5,N/A,N/A,N/A,N/A,26,28.1,N/A,N/A,N/A,N/A,7.0,0.94
8,SEPAK,B2B Roadshow,Galaxy Watch6,8306,N/A,7677,33,20028,3.63,65.4,52.2,N/A,N/A,N/A,N/A,N/A,N/A,N/A,N/A,N/A,N/A,9.1,0.85
